===== OpenArm SAC 仿真日志 =====
开始时间: 2026-08-11T15:45:18+08:00
工作目录: /home/xiaojun/openarm_ws/src/openarm_gazebo_hole_search_SAC
命令: ros2 launch openarm_gazebo_hole_search sac_hole_search_sim.launch.py rviz:=false
日志文件: /home/xiaojun/openarm_ws/src/openarm_gazebo_hole_search_SAC/sac_results/logs/simulation.log
================================
[INFO] [launch]: All log files can be found below /home/xiaojun/.ros/log/2026-08-11-15-45-19-058999-xiaojun-virtual-machine-101950
[INFO] [launch]: Default logging verbosity is set to INFO
[INFO] [ign gazebo-1]: process started with pid [101953]
[INFO] [parameter_bridge-2]: process started with pid [101955]
[INFO] [robot_state_publisher-3]: process started with pid [101958]
[INFO] [create-4]: process started with pid [101960]
[create-4] [INFO] [1786434320.434388567] [ros_gz_sim]: Requesting list of world names.
[robot_state_publisher-3] [INFO] [1786434320.493386142] [robot_state_publisher]: got segment openarm_right_link0
[robot_state_publisher-3] [INFO] [1786434320.493595434] [robot_state_publisher]: got segment openarm_right_link1
[robot_state_publisher-3] [INFO] [1786434320.493638232] [robot_state_publisher]: got segment openarm_right_link2
[robot_state_publisher-3] [INFO] [1786434320.493676931] [robot_state_publisher]: got segment openarm_right_link3
[robot_state_publisher-3] [INFO] [1786434320.493715430] [robot_state_publisher]: got segment openarm_right_link4
[robot_state_publisher-3] [INFO] [1786434320.493753028] [robot_state_publisher]: got segment openarm_right_link5
[robot_state_publisher-3] [INFO] [1786434320.493799326] [robot_state_publisher]: got segment openarm_right_link6
[robot_state_publisher-3] [INFO] [1786434320.493969720] [robot_state_publisher]: got segment openarm_right_link7
[robot_state_publisher-3] [INFO] [1786434320.494009918] [robot_state_publisher]: got segment openarm_right_search_tool
[robot_state_publisher-3] [INFO] [1786434320.494048117] [robot_state_publisher]: got segment openarm_right_search_tool_tip
[robot_state_publisher-3] [INFO] [1786434320.494086016] [robot_state_publisher]: got segment world
[parameter_bridge-2] [INFO] [1786434320.515018626] [ros_gz_bridge]: Creating GZ->ROS Bridge: [/clock (ignition.msgs.Clock) -> /clock (rosgraph_msgs/msg/Clock)] (Lazy 0)
[ign gazebo-1] [1;32m[Msg] [0m[1;32mIgnition Gazebo GUI    v[0m[1;32m6.18.0[0m[1;32m[0m
[ign gazebo-1] [1;32m[Msg] [0m[1;32mReceived world [[0m[1;32m/home/xiaojun/openarm_ws/install/openarm_gazebo_hole_search/share/openarm_gazebo_hole_search/worlds/hole_search.sdf[0m[1;32m] from the GUI.[0m[1;32m[0m
[ign gazebo-1] [1;32m[Msg] [0m[1;32mIgnition Gazebo Server v[0m[1;32m6.18.0[0m[1;32m[0m
[ign gazebo-1] [1;32m[Msg] [0m[1;32mLoading SDF world file[[0m[1;32m/home/xiaojun/openarm_ws/install/openarm_gazebo_hole_search/share/openarm_gazebo_hole_search/worlds/hole_search.sdf[0m[1;32m].[0m
[ign gazebo-1] Warning: Ignoring XDG_SESSION_TYPE=wayland on Gnome. Use QT_QPA_PLATFORM=wayland to run on Wayland anyway.
[ign gazebo-1] [1;32m[Msg] [0m[1;32mServing entity system service on [[0m[1;32m/[0m[1;32mentity/system/add[0m[1;32m][0m[1;32m[0m
[ign gazebo-1] [1;32m[Msg] [0m[1;32mCreate service on [[0m[1;32m/world/hole_search/create[0m[1;32m][0m[1;32m[0m
[ign gazebo-1] [1;32m[Msg] [0m[1;32mRemove service on [[0m[1;32m/world/hole_search/remove[0m[1;32m][0m[1;32m[0m
[ign gazebo-1] [1;32m[Msg] [0m[1;32mPose service on [[0m[1;32m/world/hole_search/set_pose[0m[1;32m][0m[1;32m[0m
[ign gazebo-1] [1;32m[Msg] [0m[1;32mPose service on [[0m[1;32m/world/hole_search/set_pose_vector[0m[1;32m][0m[1;32m[0m
[ign gazebo-1] [1;32m[Msg] [0m[1;32mLight configuration service on [[0m[1;32m/world/hole_search/light_config[0m[1;32m][0m[1;32m[0m
[ign gazebo-1] [1;32m[Msg] [0m[1;32mPhysics service on [[0m[1;32m/world/hole_search/set_physics[0m[1;32m][0m[1;32m[0m
[ign gazebo-1] [1;32m[Msg] [0m[1;32mSphericalCoordinates service on [[0m[1;32m/world/hole_search/set_spherical_coordinates[0m[1;32m][0m[1;32m[0m
[ign gazebo-1] [1;32m[Msg] [0m[1;32mEnable collision service on [[0m[1;32m/world/hole_search/enable_collision[0m[1;32m][0m[1;32m[0m
[ign gazebo-1] [1;32m[Msg] [0m[1;32mDisable collision service on [[0m[1;32m/world/hole_search/disable_collision[0m[1;32m][0m[1;32m[0m
[ign gazebo-1] [1;32m[Msg] [0m[1;32mMaterial service on [[0m[1;32m/world/hole_search/visual_config[0m[1;32m][0m[1;32m[0m
[ign gazebo-1] [1;32m[Msg] [0m[1;32mMaterial service on [[0m[1;32m/world/hole_search/wheel_slip[0m[1;32m][0m[1;32m[0m
[ign gazebo-1] [1;32m[Msg] [0m[1;32mLoaded level [[0m[1;32m3[0m[1;32m][0m[1;32m[0m
[ign gazebo-1] [1;32m[Msg] [0m[1;32mServing world controls on [[0m[1;32m/world/hole_search[0m[1;32m/control], [[0m[1;32m/world/hole_search[0m[1;32m/control/state] and [[0m[1;32m/world/hole_search[0m[1;32m/playback/control][0m[1;32m[0m
[ign gazebo-1] [1;32m[Msg] [0m[1;32mServing GUI information on [[0m[1;32m/world/hole_search[0m[1;32m/[0m[1;32mgui/info[0m[1;32m][0m[1;32m[0m
[ign gazebo-1] [1;32m[Msg] [0m[1;32mWorld [[0m[1;32mhole_search[0m[1;32m] initialized with [[0m[1;32mfast_contact[0m[1;32m] physics profile.[0m[1;32m[0m
[ign gazebo-1] [1;32m[Msg] [0m[1;32mServing world SDF generation service on [[0m[1;32m/world/hole_search[0m[1;32m/[0m[1;32mgenerate_world_sdf[0m[1;32m][0m[1;32m[0m
[ign gazebo-1] [1;32m[Msg] [0m[1;32mServing world names on [[0m[1;32m/gazebo/worlds[0m[1;32m][0m[1;32m[0m
[ign gazebo-1] [1;32m[Msg] [0m[1;32mResource path add service on [[0m[1;32m/gazebo/resource_paths/add[0m[1;32m].[0m[1;32m[0m
[ign gazebo-1] [1;32m[Msg] [0m[1;32mResource path get service on [[0m[1;32m/gazebo/resource_paths/get[0m[1;32m].[0m[1;32m[0m
[ign gazebo-1] [1;32m[Msg] [0m[1;32mResource path resolve service on [[0m[1;32m/gazebo/resource_paths/resolve[0m[1;32m].[0m[1;32m[0m
[ign gazebo-1] [1;32m[Msg] [0m[1;32mResource paths published on [[0m[1;32m/gazebo/resource_paths[0m[1;32m].[0m[1;32m[0m
[ign gazebo-1] [1;32m[Msg] [0m[1;32mServer control service on [[0m[1;32m/server_control[0m[1;32m].[0m[1;32m[0m
[create-4] [INFO] [1786434321.270565933] [ros_gz_sim]: Waiting messages on topic [robot_description].
[create-4] [INFO] [1786434321.287834582] [ros_gz_sim]: Requested creation of entity.
[create-4] [INFO] [1786434321.287933178] [ros_gz_sim]: OK creation of entity.
[INFO] [create-4]: process has finished cleanly [pid 101960]
[ign gazebo-1] [1;33m[GUI] [Wrn] [Application.cc:802] [0m[1;33m[QT] file::/Gazebo/GazeboDrawer.qml:242:3: QML Connections: Implicitly defined onFoo properties in Connections are deprecated. Use this syntax instead: function onFoo(<arguments>) { ... }[0m[1;33m[0m
[ign gazebo-1] [1;32m[GUI] [0m[1;32m[Msg] [0m[1;32mLoading config [[0m[1;32m/home/xiaojun/.ignition/gazebo/6/gui.config[0m[1;32m][0m[1;32m[0m
[ign gazebo-1] [1;32m[GUI] [0m[1;32m[Msg] [0m[1;32mAdded plugin [[0m[1;32m3D View[0m[1;32m] to main window[0m[1;32m[0m
[ign gazebo-1] [1;32m[GUI] [0m[1;32m[Msg] [0m[1;32mLoaded plugin [[0m[1;32mMinimalScene[0m[1;32m] from path [[0m[1;32m/usr/lib/x86_64-linux-gnu/ign-gui-6/plugins/libMinimalScene.so[0m[1;32m][0m[1;32m[0m
[ign gazebo-1] [1;33m[GUI] [Wrn] [Application.cc:802] [0m[1;33m[QT] file::/EntityContextMenuPlugin/EntityContextMenuPlugin.qml:56:5: QML Connections: Implicitly defined onFoo properties in Connections are deprecated. Use this syntax instead: function onFoo(<arguments>) { ... }[0m[1;33m[0m
[ign gazebo-1] [1;32m[Msg] [0m[1;32mFound no publishers on /stats, adding root stats topic[0m[1;32m[0m
[ign gazebo-1] [1;32m[Msg] [0m[1;32mFound no publishers on /clock, adding root clock topic[0m[1;32m[0m
[ign gazebo-1] [1;32m[GUI] [0m[1;32m[Msg] [0m[1;32mAdded plugin [[0m[1;32mEntity Context Menu[0m[1;32m] to main window[0m[1;32m[0m
[ign gazebo-1] [1;32m[GUI] [0m[1;32m[Msg] [0m[1;32mLoaded plugin [[0m[1;32mEntityContextMenuPlugin[0m[1;32m] from path [[0m[1;32m/usr/lib/x86_64-linux-gnu/ign-gazebo-6/plugins/gui/libEntityContextMenuPlugin.so[0m[1;32m][0m[1;32m[0m
[ign gazebo-1] [1;32m[GUI] [0m[1;32m[Msg] [0m[1;32mAdded plugin [[0m[1;32mScene Manager[0m[1;32m] to main window[0m[1;32m[0m
[ign gazebo-1] [1;32m[GUI] [0m[1;32m[Msg] [0m[1;32mLoaded plugin [[0m[1;32mGzSceneManager[0m[1;32m] from path [[0m[1;32m/usr/lib/x86_64-linux-gnu/ign-gazebo-6/plugins/gui/libGzSceneManager.so[0m[1;32m][0m[1;32m[0m
[ign gazebo-1] [1;32m[GUI] [0m[1;32m[Msg] [0m[1;32mCamera view controller topic advertised on [[0m[1;32m/gui/camera/view_control[0m[1;32m][0m[1;32m[0m
[ign gazebo-1] [1;32m[GUI] [0m[1;32m[Msg] [0m[1;32mCamera reference visual topic advertised on [[0m[1;32m/gui/camera/view_control/reference_visual[0m[1;32m][0m[1;32m[0m
[ign gazebo-1] [1;32m[GUI] [0m[1;32m[Msg] [0m[1;32mCamera view control sensitivity advertised on [[0m[1;32m/gui/camera/view_control/sensitivity[0m[1;32m][0m[1;32m[0m
[ign gazebo-1] [1;32m[GUI] [0m[1;32m[Msg] [0m[1;32mAdded plugin [[0m[1;32mInteractive view control[0m[1;32m] to main window[0m[1;32m[0m
[ign gazebo-1] [1;32m[GUI] [0m[1;32m[Msg] [0m[1;32mLoaded plugin [[0m[1;32mInteractiveViewControl[0m[1;32m] from path [[0m[1;32m/usr/lib/x86_64-linux-gnu/ign-gui-6/plugins/libInteractiveViewControl.so[0m[1;32m][0m[1;32m[0m
[ign gazebo-1] [1;32m[GUI] [0m[1;32m[Msg] [0m[1;32mAdded plugin [[0m[1;32mCamera tracking[0m[1;32m] to main window[0m[1;32m[0m
[ign gazebo-1] [1;32m[GUI] [0m[1;32m[Msg] [0m[1;32mLoaded plugin [[0m[1;32mCameraTracking[0m[1;32m] from path [[0m[1;32m/usr/lib/x86_64-linux-gnu/ign-gui-6/plugins/libCameraTracking.so[0m[1;32m][0m[1;32m[0m
[ign gazebo-1] [1;32m[GUI] [0m[1;32m[Msg] [0m[1;32mListening to stats on [[0m[1;32m/world/hole_search/stats[0m[1;32m][0m[1;32m[0m
[ign gazebo-1] [INFO] [1786434323.014327280] [GazeboSimROS2ControlPlugin]: robot_param_node is robot_state_publisher
[ign gazebo-1] [INFO] [1786434323.014519173] [GazeboSimROS2ControlPlugin]: robot_param_node is robot_description
[ign gazebo-1] [1;32m[GUI] [0m[1;32m[Msg] [0m[1;32mAdded plugin [[0m[1;32mMarker Manager[0m[1;32m] to main window[0m[1;32m[0m
[ign gazebo-1] [1;32m[GUI] [0m[1;32m[Msg] [0m[1;32mLoaded plugin [[0m[1;32mMarkerManager[0m[1;32m] from path [[0m[1;32m/usr/lib/x86_64-linux-gnu/ign-gui-6/plugins/libMarkerManager.so[0m[1;32m][0m[1;32m[0m
[ign gazebo-1] [INFO] [1786434323.088720575] [gz_ros2_control]: connected to service!! robot_state_publisher asking for robot_description
[ign gazebo-1] [INFO] [1786434323.091668164] [gz_ros2_control]: Received URDF from param server
[ign gazebo-1] [INFO] [1786434323.093701187] [gz_ros2_control]: [gz_ros2_control] Fixed joint ['openarm_right_world_joint'] (Entity='46') is skipped.
[ign gazebo-1] [INFO] [1786434323.105787232] [gz_ros2_control]: The position_proportional_gain has been set to: 0.1
[ign gazebo-1] [INFO] [1786434323.105928026] [gz_ros2_control]: Loading joint: openarm_right_joint1
[ign gazebo-1] [INFO] [1786434323.105991324] [gz_ros2_control]: 	State:
[ign gazebo-1] [INFO] [1786434323.106035722] [gz_ros2_control]: 		 position
[ign gazebo-1] [INFO] [1786434323.106087820] [gz_ros2_control]: 			 found initial value: 0.000000
[ign gazebo-1] [INFO] [1786434323.106132018] [gz_ros2_control]: 		 velocity
[ign gazebo-1] [INFO] [1786434323.106172017] [gz_ros2_control]: 		 effort
[ign gazebo-1] [INFO] [1786434323.106211115] [gz_ros2_control]: 	Command:
[ign gazebo-1] [INFO] [1786434323.106271613] [gz_ros2_control]: 		 effort
[ign gazebo-1] [INFO] [1786434323.106370010] [gz_ros2_control]: Loading joint: openarm_right_joint2
[ign gazebo-1] [INFO] [1786434323.106415408] [gz_ros2_control]: 	State:
[ign gazebo-1] [INFO] [1786434323.106479905] [gz_ros2_control]: 		 position
[ign gazebo-1] [INFO] [1786434323.106544903] [gz_ros2_control]: 			 found initial value: 1.150000
[ign gazebo-1] [INFO] [1786434323.106613700] [gz_ros2_control]: 		 velocity
[ign gazebo-1] [INFO] [1786434323.106679398] [gz_ros2_control]: 		 effort
[ign gazebo-1] [INFO] [1786434323.106743295] [gz_ros2_control]: 	Command:
[ign gazebo-1] [INFO] [1786434323.106813193] [gz_ros2_control]: 		 effort
[ign gazebo-1] [INFO] [1786434323.106907389] [gz_ros2_control]: Loading joint: openarm_right_joint3
[ign gazebo-1] [INFO] [1786434323.106974687] [gz_ros2_control]: 	State:
[ign gazebo-1] [INFO] [1786434323.107035784] [gz_ros2_control]: 		 position
[ign gazebo-1] [INFO] [1786434323.107098682] [gz_ros2_control]: 			 found initial value: 0.000000
[ign gazebo-1] [INFO] [1786434323.107163279] [gz_ros2_control]: 		 velocity
[ign gazebo-1] [INFO] [1786434323.107236177] [gz_ros2_control]: 		 effort
[ign gazebo-1] [INFO] [1786434323.107455868] [gz_ros2_control]: 	Command:
[ign gazebo-1] [INFO] [1786434323.107519766] [gz_ros2_control]: 		 effort
[ign gazebo-1] [INFO] [1786434323.107599563] [gz_ros2_control]: Loading joint: openarm_right_joint4
[ign gazebo-1] [INFO] [1786434323.107666061] [gz_ros2_control]: 	State:
[ign gazebo-1] [INFO] [1786434323.107729758] [gz_ros2_control]: 		 position
[ign gazebo-1] [INFO] [1786434323.107796656] [gz_ros2_control]: 			 found initial value: 1.300000
[ign gazebo-1] [INFO] [1786434323.107862353] [gz_ros2_control]: 		 velocity
[ign gazebo-1] [INFO] [1786434323.107926350] [gz_ros2_control]: 		 effort
[ign gazebo-1] [INFO] [1786434323.107990348] [gz_ros2_control]: 	Command:
[ign gazebo-1] [INFO] [1786434323.108052246] [gz_ros2_control]: 		 effort
[ign gazebo-1] [INFO] [1786434323.108127543] [gz_ros2_control]: Loading joint: openarm_right_joint5
[ign gazebo-1] [INFO] [1786434323.108188641] [gz_ros2_control]: 	State:
[ign gazebo-1] [INFO] [1786434323.108254338] [gz_ros2_control]: 		 position
[ign gazebo-1] [INFO] [1786434323.108316436] [gz_ros2_control]: 			 found initial value: 0.000000
[ign gazebo-1] [INFO] [1786434323.108377634] [gz_ros2_control]: 		 velocity
[ign gazebo-1] [INFO] [1786434323.108439831] [gz_ros2_control]: 		 effort
[ign gazebo-1] [INFO] [1786434323.108506629] [gz_ros2_control]: 	Command:
[ign gazebo-1] [INFO] [1786434323.108568826] [gz_ros2_control]: 		 effort
[ign gazebo-1] [INFO] [1786434323.108650823] [gz_ros2_control]: Loading joint: openarm_right_joint6
[ign gazebo-1] [INFO] [1786434323.108718620] [gz_ros2_control]: 	State:
[ign gazebo-1] [INFO] [1786434323.108796218] [gz_ros2_control]: 		 position
[ign gazebo-1] [INFO] [1786434323.108838016] [gz_ros2_control]: 			 found initial value: 0.000000
[ign gazebo-1] [INFO] [1786434323.108879815] [gz_ros2_control]: 		 velocity
[ign gazebo-1] [INFO] [1786434323.108921713] [gz_ros2_control]: 		 effort
[ign gazebo-1] [INFO] [1786434323.108961512] [gz_ros2_control]: 	Command:
[ign gazebo-1] [INFO] [1786434323.109016409] [gz_ros2_control]: 		 effort
[ign gazebo-1] [INFO] [1786434323.109065608] [gz_ros2_control]: Loading joint: openarm_right_joint7
[ign gazebo-1] [INFO] [1786434323.109108106] [gz_ros2_control]: 	State:
[ign gazebo-1] [INFO] [1786434323.109147705] [gz_ros2_control]: 		 position
[ign gazebo-1] [INFO] [1786434323.109186603] [gz_ros2_control]: 			 found initial value: 0.000000
[ign gazebo-1] [INFO] [1786434323.109227601] [gz_ros2_control]: 		 velocity
[ign gazebo-1] [INFO] [1786434323.109272100] [gz_ros2_control]: 		 effort
[ign gazebo-1] [INFO] [1786434323.109414595] [gz_ros2_control]: 	Command:
[ign gazebo-1] [INFO] [1786434323.109457293] [gz_ros2_control]: 		 effort
[ign gazebo-1] [INFO] [1786434323.109674085] [resource_manager]: Initialize hardware 'openarm_right_gazebo_system' 
[ign gazebo-1] [INFO] [1786434323.109807380] [resource_manager]: Successful initialization of hardware 'openarm_right_gazebo_system'
[ign gazebo-1] [INFO] [1786434323.109939575] [resource_manager]: 'configure' hardware 'openarm_right_gazebo_system' 
[ign gazebo-1] [INFO] [1786434323.109965474] [gz_ros2_control]: System Successfully configured!
[ign gazebo-1] [INFO] [1786434323.110013672] [resource_manager]: Successful 'configure' of hardware 'openarm_right_gazebo_system'
[ign gazebo-1] [INFO] [1786434323.110040671] [resource_manager]: 'activate' hardware 'openarm_right_gazebo_system' 
[ign gazebo-1] [INFO] [1786434323.110078569] [resource_manager]: Successful 'activate' of hardware 'openarm_right_gazebo_system'
[ign gazebo-1] [INFO] [1786434323.110106468] [gz_ros2_control]: Loading controller_manager
[ign gazebo-1] [1;32m[GUI] [0m[1;32m[Msg] [0m[1;32mAdded plugin [[0m[1;32mSelect entities[0m[1;32m] to main window[0m[1;32m[0m
[ign gazebo-1] [1;32m[GUI] [0m[1;32m[Msg] [0m[1;32mLoaded plugin [[0m[1;32mSelectEntities[0m[1;32m] from path [[0m[1;32m/usr/lib/x86_64-linux-gnu/ign-gazebo-6/plugins/gui/libSelectEntities.so[0m[1;32m][0m[1;32m[0m
[ign gazebo-1] [1;33m[GUI] [Wrn] [Application.cc:802] [0m[1;33m[QT] file::/Spawn/Spawn.qml:32:3: QML Connections: Implicitly defined onFoo properties in Connections are deprecated. Use this syntax instead: function onFoo(<arguments>) { ... }[0m[1;33m[0m
[ign gazebo-1] [1;32m[GUI] [0m[1;32m[Msg] [0m[1;32mAdded plugin [[0m[1;32mSpawn[0m[1;32m] to main window[0m[1;32m[0m
[ign gazebo-1] [1;32m[GUI] [0m[1;32m[Msg] [0m[1;32mLoaded plugin [[0m[1;32mSpawn[0m[1;32m] from path [[0m[1;32m/usr/lib/x86_64-linux-gnu/ign-gazebo-6/plugins/gui/libSpawn.so[0m[1;32m][0m[1;32m[0m
[ign gazebo-1] [1;32m[GUI] [0m[1;32m[Msg] [0m[1;32mView as transparent service on [[0m[1;32m/gui/view/transparent[0m[1;32m][0m[1;32m[0m
[ign gazebo-1] [1;32m[GUI] [0m[1;32m[Msg] [0m[1;32mView as wireframes service on [[0m[1;32m/gui/view/wireframes[0m[1;32m][0m[1;32m[0m
[ign gazebo-1] [1;32m[GUI] [0m[1;32m[Msg] [0m[1;32mView center of mass service on [[0m[1;32m/gui/view/com[0m[1;32m][0m[1;32m[0m
[ign gazebo-1] [1;32m[GUI] [0m[1;32m[Msg] [0m[1;32mView inertia service on [[0m[1;32m/gui/view/inertia[0m[1;32m][0m[1;32m[0m
[ign gazebo-1] [1;32m[GUI] [0m[1;32m[Msg] [0m[1;32mView collisions service on [[0m[1;32m/gui/view/collisions[0m[1;32m][0m[1;32m[0m
[ign gazebo-1] [1;32m[GUI] [0m[1;32m[Msg] [0m[1;32mView joints service on [[0m[1;32m/gui/view/joints[0m[1;32m][0m[1;32m[0m
[ign gazebo-1] [1;32m[GUI] [0m[1;32m[Msg] [0m[1;32mView frames service on [[0m[1;32m/gui/view/frames[0m[1;32m][0m[1;32m[0m
[ign gazebo-1] [1;32m[GUI] [0m[1;32m[Msg] [0m[1;32mAdded plugin [[0m[1;32mVisualization capabilities[0m[1;32m] to main window[0m[1;32m[0m
[ign gazebo-1] [1;32m[GUI] [0m[1;32m[Msg] [0m[1;32mLoaded plugin [[0m[1;32mVisualizationCapabilities[0m[1;32m] from path [[0m[1;32m/usr/lib/x86_64-linux-gnu/ign-gazebo-6/plugins/gui/libVisualizationCapabilities.so[0m[1;32m][0m[1;32m[0m
[ign gazebo-1] [1;32m[GUI] [0m[1;32m[Msg] [0m[1;32mUsing world control service [[0m[1;32m/world/hole_search/control[0m[1;32m][0m[1;32m[0m
[ign gazebo-1] [1;32m[GUI] [0m[1;32m[Msg] [0m[1;32mListening to stats on [[0m[1;32m/world/hole_search/stats[0m[1;32m][0m[1;32m[0m
[INFO] [spawner-5]: process started with pid [102053]
[ign gazebo-1] [1;32m[GUI] [0m[1;32m[Msg] [0m[1;32mAdded plugin [[0m[1;32mWorld control[0m[1;32m] to main window[0m[1;32m[0m
[ign gazebo-1] [1;32m[GUI] [0m[1;32m[Msg] [0m[1;32mLoaded plugin [[0m[1;32mWorldControl[0m[1;32m] from path [[0m[1;32m/usr/lib/x86_64-linux-gnu/ign-gui-6/plugins/libWorldControl.so[0m[1;32m][0m[1;32m[0m
[ign gazebo-1] [1;32m[GUI] [0m[1;32m[Msg] [0m[1;32mListening to stats on [[0m[1;32m/world/hole_search/stats[0m[1;32m][0m[1;32m[0m
[ign gazebo-1] [1;32m[Msg] [0m[1;32mServing scene information on [[0m[1;32m/world/hole_search[0m[1;32m/[0m[1;32mscene/info[0m[1;32m][0m[1;32m[0m
[ign gazebo-1] [1;32m[Msg] [0m[1;32mServing graph information on [[0m[1;32m/world/hole_search[0m[1;32m/[0m[1;32mscene/graph[0m[1;32m][0m[1;32m[0m
[ign gazebo-1] [1;32m[Msg] [0m[1;32mServing full state on [[0m[1;32m/world/hole_search[0m[1;32m/[0m[1;32mstate[0m[1;32m][0m[1;32m[0m
[ign gazebo-1] [1;32m[Msg] [0m[1;32mServing full state (async) on [[0m[1;32m/world/hole_search[0m[1;32m/[0m[1;32mstate_async[0m[1;32m][0m[1;32m[0m
[ign gazebo-1] [1;32m[Msg] [0m[1;32mPublishing scene information on [[0m[1;32m/world/hole_search/scene/info[0m[1;32m][0m[1;32m[0m
[ign gazebo-1] [1;32m[Msg] [0m[1;32mPublishing entity deletions on [[0m[1;32m/world/hole_search/scene/deletion[0m[1;32m][0m[1;32m[0m
[ign gazebo-1] [1;32m[Msg] [0m[1;32mPublishing state changes on [[0m[1;32m/world/hole_search/state[0m[1;32m][0m[1;32m[0m
[ign gazebo-1] [1;32m[Msg] [0m[1;32mPublishing pose messages on [[0m[1;32m/world/hole_search[0m[1;32m/[0m[1;32mpose/info[0m[1;32m][0m[1;32m[0m
[ign gazebo-1] [1;32m[Msg] [0m[1;32mPublishing dynamic pose messages on [[0m[1;32m/world/hole_search[0m[1;32m/[0m[1;32mdynamic_pose/info[0m[1;32m][0m[1;32m[0m
[ign gazebo-1] [WARN] [1786434323.364880663] [gz_ros2_control]:  Desired controller update period (0.002 s) is slower than the gazebo simulation period (0 s).
[ign gazebo-1] [1;33m[Wrn] [Component.hh:144] [0m[1;33mTrying to serialize component with data type [[0m[1;33mSt6vectorIdSaIdEE[0m[1;33m], which doesn't have [0m[1;33m`operator<<`. Component will not be serialized.[0m[1;33m[0m
[ign gazebo-1] [1;32m[GUI] [0m[1;32m[Msg] [0m[1;32mAdded plugin [[0m[1;32mWorld stats[0m[1;32m] to main window[0m[1;32m[0m
[ign gazebo-1] [1;32m[GUI] [0m[1;32m[Msg] [0m[1;32mLoaded plugin [[0m[1;32mWorldStats[0m[1;32m] from path [[0m[1;32m/usr/lib/x86_64-linux-gnu/ign-gui-6/plugins/libWorldStats.so[0m[1;32m][0m[1;32m[0m
[ign gazebo-1] [1;32m[GUI] [0m[1;32m[Msg] [0m[1;32mAdded plugin [[0m[1;32mShapes[0m[1;32m] to main window[0m[1;32m[0m
[ign gazebo-1] [1;32m[GUI] [0m[1;32m[Msg] [0m[1;32mLoaded plugin [[0m[1;32mShapes[0m[1;32m] from path [[0m[1;32m/usr/lib/x86_64-linux-gnu/ign-gazebo-6/plugins/gui/libShapes.so[0m[1;32m][0m[1;32m[0m
[ign gazebo-1] [1;32m[GUI] [0m[1;32m[Msg] [0m[1;32mAdded plugin [[0m[1;32mLights[0m[1;32m] to main window[0m[1;32m[0m
[ign gazebo-1] [1;32m[GUI] [0m[1;32m[Msg] [0m[1;32mLoaded plugin [[0m[1;32mLights[0m[1;32m] from path [[0m[1;32m/usr/lib/x86_64-linux-gnu/ign-gazebo-6/plugins/gui/libLights.so[0m[1;32m][0m[1;32m[0m
[ign gazebo-1] [1;33m[GUI] [Wrn] [Application.cc:802] [0m[1;33m[QT] file::/TransformControl/TransformControl.qml:104:3: QML Connections: Implicitly defined onFoo properties in Connections are deprecated. Use this syntax instead: function onFoo(<arguments>) { ... }[0m[1;33m[0m
[ign gazebo-1] [1;33m[GUI] [Wrn] [Application.cc:802] [0m[1;33m[QT] file::/TransformControl/TransformControl.qml:99:3: QML Connections: Implicitly defined onFoo properties in Connections are deprecated. Use this syntax instead: function onFoo(<arguments>) { ... }[0m[1;33m[0m
[ign gazebo-1] [1;33m[GUI] [Wrn] [Application.cc:802] [0m[1;33m[QT] file::/TransformControl/TransformControl.qml:94:3: QML Connections: Implicitly defined onFoo properties in Connections are deprecated. Use this syntax instead: function onFoo(<arguments>) { ... }[0m[1;33m[0m
[ign gazebo-1] [1;33m[GUI] [Wrn] [Application.cc:802] [0m[1;33m[QT] file::/TransformControl/TransformControl.qml:89:3: QML Connections: Implicitly defined onFoo properties in Connections are deprecated. Use this syntax instead: function onFoo(<arguments>) { ... }[0m[1;33m[0m
[ign gazebo-1] [1;32m[GUI] [0m[1;32m[Msg] [0m[1;32mAdded plugin [[0m[1;32mTransform control[0m[1;32m] to main window[0m[1;32m[0m
[ign gazebo-1] [1;32m[GUI] [0m[1;32m[Msg] [0m[1;32mLoaded plugin [[0m[1;32mTransformControl[0m[1;32m] from path [[0m[1;32m/usr/lib/x86_64-linux-gnu/ign-gazebo-6/plugins/gui/libTransformControl.so[0m[1;32m][0m[1;32m[0m
[ign gazebo-1] [1;32m[GUI] [0m[1;32m[Msg] [0m[1;32mScreenshot service on [[0m[1;32m/gui/screenshot[0m[1;32m][0m[1;32m[0m
[ign gazebo-1] [1;32m[GUI] [0m[1;32m[Msg] [0m[1;32mAdded plugin [[0m[1;32mScreenshot[0m[1;32m] to main window[0m[1;32m[0m
[ign gazebo-1] [1;32m[GUI] [0m[1;32m[Msg] [0m[1;32mLoaded plugin [[0m[1;32mScreenshot[0m[1;32m] from path [[0m[1;32m/usr/lib/x86_64-linux-gnu/ign-gui-6/plugins/libScreenshot.so[0m[1;32m][0m[1;32m[0m
[ign gazebo-1] [1;32m[GUI] [0m[1;32m[Msg] [0m[1;32mAdded plugin [[0m[1;32mCopy/Paste[0m[1;32m] to main window[0m[1;32m[0m
[ign gazebo-1] [1;32m[GUI] [0m[1;32m[Msg] [0m[1;32mLoaded plugin [[0m[1;32mCopyPaste[0m[1;32m] from path [[0m[1;32m/usr/lib/x86_64-linux-gnu/ign-gazebo-6/plugins/gui/libCopyPaste.so[0m[1;32m][0m[1;32m[0m
[ign gazebo-1] [1;32m[GUI] [0m[1;32m[Msg] [0m[1;32mAdded plugin [[0m[1;32mComponent inspector[0m[1;32m] to main window[0m[1;32m[0m
[ign gazebo-1] [1;32m[GUI] [0m[1;32m[Msg] [0m[1;32mLoaded plugin [[0m[1;32mComponentInspector[0m[1;32m] from path [[0m[1;32m/usr/lib/x86_64-linux-gnu/ign-gazebo-6/plugins/gui/libComponentInspector.so[0m[1;32m][0m[1;32m[0m
[ign gazebo-1] [INFO] [1786434324.094315360] [controller_manager]: Loading controller 'joint_state_broadcaster'
[ign gazebo-1] [1;32m[GUI] [0m[1;32m[Msg] [0m[1;32mAdded plugin [[0m[1;32mEntity tree[0m[1;32m] to main window[0m[1;32m[0m
[ign gazebo-1] [1;32m[GUI] [0m[1;32m[Msg] [0m[1;32mLoaded plugin [[0m[1;32mEntityTree[0m[1;32m] from path [[0m[1;32m/usr/lib/x86_64-linux-gnu/ign-gazebo-6/plugins/gui/libEntityTree.so[0m[1;32m][0m[1;32m[0m
[ign gazebo-1] [1;32m[GUI] [0m[1;32m[Msg] [0m[1;32mUsing server control service [[0m[1;32m/server_control[0m[1;32m][0m[1;32m[0m
[spawner-5] [INFO] [1786434324.185282130] [spawner_joint_state_broadcaster]: [94mLoaded [1mjoint_state_broadcaster[0m
[ign gazebo-1] [INFO] [1786434324.188321416] [controller_manager]: Configuring controller 'joint_state_broadcaster'
[ign gazebo-1] [INFO] [1786434324.188796898] [joint_state_broadcaster]: 'joints' or 'interfaces' parameter is empty. All available state interfaces will be published
[INFO] [spawner-6]: process started with pid [102087]
[INFO] [spawner-5]: process has finished cleanly [pid 102053]
[ign gazebo-1] [INFO] [1786434325.110799137] [controller_manager]: Loading controller 'arm_effort_controller'
[ign gazebo-1] [1;33m[GUI] [Wrn] [Component.hh:189] [0m[1;33mTrying to deserialize component with data type [[0m[1;33mSt6vectorIdSaIdEE[0m[1;33m], which doesn't have [0m[1;33m`operator>>`. Component will not be deserialized.[0m[1;33m[0m
[ign gazebo-1] [1;33m[GUI] [Wrn] [Application.cc:802] [0m[1;33m[QT] file::/WorldStats/WorldStats.qml:53:3: QML RowLayout: Binding loop detected for property "x"[0m[1;33m[0m
[spawner-6] [INFO] [1786434325.258216580] [spawner_arm_effort_controller]: [94mLoaded [1marm_effort_controller[0m
[ign gazebo-1] [INFO] [1786434325.262148432] [controller_manager]: Configuring controller 'arm_effort_controller'
[ign gazebo-1] [INFO] [1786434325.267656325] [arm_effort_controller]: configure successful
[INFO] [sac_runtime_controller-7]: process started with pid [102101]
[INFO] [spawner-6]: process has finished cleanly [pid 102087]
[ign gazebo-1] [1;32m[GUI] [0m[1;32m[Msg] [0m[1;32mLoading plugin [[0m[1;32mignition-rendering-ogre[0m[1;32m][0m[1;32m[0m
[ign gazebo-1] [1;32m[GUI] [0m[1;32m[Msg] [0m[1;32mLoading plugin [[0m[1;32mignition-rendering-ogre[0m[1;32m][0m[1;32m[0m
[ign gazebo-1] [1;32m[GUI] [0m[1;32m[Msg] [0m[1;32mLoading plugin [[0m[1;32mignition-rendering-ogre[0m[1;32m][0m[1;32m[0m
[ign gazebo-1] [1;32m[GUI] [0m[1;32m[Msg] [0m[1;32mLoading plugin [[0m[1;32mignition-rendering-ogre[0m[1;32m][0m[1;32m[0m
[ign gazebo-1] [1;32m[GUI] [0m[1;32m[Msg] [0m[1;32mLoading plugin [[0m[1;32mignition-rendering-ogre[0m[1;32m][0m[1;32m[0m
[ign gazebo-1] [1;32m[GUI] [0m[1;32m[Msg] [0m[1;32mLoading plugin [[0m[1;32mignition-rendering-ogre[0m[1;32m][0m[1;32m[0m
[ign gazebo-1] [1;32m[GUI] [0m[1;32m[Msg] [0m[1;32mLoading plugin [[0m[1;32mignition-rendering-ogre[0m[1;32m][0m[1;32m[0m
[ign gazebo-1] [1;32m[GUI] [0m[1;32m[Msg] [0m[1;32mMove to service on [[0m[1;32m/gui/move_to[0m[1;32m][0m[1;32m[0m
[ign gazebo-1] [1;32m[GUI] [0m[1;32m[Msg] [0m[1;32mFollow service on [[0m[1;32m/gui/follow[0m[1;32m][0m[1;32m[0m
[ign gazebo-1] [1;32m[GUI] [0m[1;32m[Msg] [0m[1;32mMove to pose service on [[0m[1;32m/gui/move_to/pose[0m[1;32m][0m[1;32m[0m
[ign gazebo-1] [1;32m[GUI] [0m[1;32m[Msg] [0m[1;32mCamera pose topic advertised on [[0m[1;32m/gui/camera/pose[0m[1;32m][0m[1;32m[0m
[ign gazebo-1] [1;32m[GUI] [0m[1;32m[Msg] [0m[1;32mFollow offset service on [[0m[1;32m/gui/follow/offset[0m[1;32m][0m[1;32m[0m
[ign gazebo-1] [1;32m[GUI] [0m[1;32m[Msg] [0m[1;32mLoading plugin [[0m[1;32mignition-rendering-ogre[0m[1;32m][0m[1;32m[0m
[ign gazebo-1] [1;32m[GUI] [0m[1;32m[Msg] [0m[1;32mLoading plugin [[0m[1;32mignition-rendering-ogre[0m[1;32m][0m[1;32m[0m
[sac_runtime_controller-7] [INFO] [1786434326.748017521] [rl_hole_search_controller]: Waiting for robot_description and joint states...
[sac_runtime_controller-7] [INFO] [1786434326.770344879] [rl_hole_search_controller]: SAC runtime ready; only SEARCHING is policy-controlled
[sac_runtime_controller-7] [INFO] [1786434327.060260651] [rl_hole_search_controller]: Loaded model with 7 positions; tool=openarm_right_search_tool_tip
[INFO] [ign-8]: process started with pid [102122]
[ign-8] data: true
[ign-8] 
[INFO] [ign-8]: process has finished cleanly [pid 102122]
[INFO] [ros2-9]: process started with pid [102131]
[ign gazebo-1] [INFO] [1786434330.889007450] [arm_effort_controller]: activate successful
[ros2-9] Successfully switched controllers
[INFO] [ros2-9]: process has finished cleanly [pid 102131]
[ign gazebo-1] [1;32m[GUI] [0m[1;32m[Msg] [0m[1;32mLoading plugin [[0m[1;32mignition-rendering-ogre[0m[1;32m][0m[1;32m[0m
[sac_runtime_controller-7] [INFO] [1786434422.415897560] [rl_hole_search_controller]: RESETTING episode=1, dataset_index=0, offset_yz_mm=(1.022, 0.360)
[sac_runtime_controller-7] [INFO] [1786434422.422192524] [rl_hole_search_controller]: RESETTING: joint_error=0.4300 rad, joint_velocity=0.0000 rad/s
[sac_runtime_controller-7] [INFO] [1786434423.170115898] [rl_hole_search_controller]: RESETTING: 固定外边界板面及真实深方孔已重建，WORLD_HOLE_XYZ=(0.33220, -0.43623, 0.57119) m, HOLE_YZ_ref=(-0.4362, 0.5712) m
[sac_runtime_controller-7] [INFO] [1786434423.446196353] [rl_hole_search_controller]: RESET complete; starting original HOLDING state
[sac_runtime_controller-7] [INFO] [1786434423.451840342] [rl_hole_search_controller]: HOLDING: center=[ 0.32375106 -0.43671042  0.57131024]
[sac_runtime_controller-7] [INFO] [1786434423.453988562] [rl_hole_search_controller]: HOLDING: dx=0.0000 m, depth=0.0001 m, YZ=(-0.4367, 0.5713) m, YZ_ref=(-0.4367, 0.5713) m, center_error_YZ_mm=(-0.484, 0.122), vx=0.0001 m/s, Fx=0.00 N, contact=False
[sac_runtime_controller-7] [INFO] [1786434423.457835118] [rl_hole_search_controller]: HOLDING: reset tool tilt=0.20 deg
[sac_runtime_controller-7] [INFO] [1786434424.565038931] [rl_hole_search_controller]: HOLDING: dx=-0.0004 m, depth=-0.0004 m, YZ=(-0.4380, 0.5710) m, YZ_ref=(-0.4367, 0.5713) m, center_error_YZ_mm=(-1.726, -0.217), vx=-0.0014 m/s, Fx=0.00 N, contact=False
[sac_runtime_controller-7] [INFO] [1786434425.643855412] [rl_hole_search_controller]: HOLDING: dx=-0.0003 m, depth=-0.0003 m, YZ=(-0.4387, 0.5728) m, YZ_ref=(-0.4367, 0.5713) m, center_error_YZ_mm=(-2.445, 1.633), vx=-0.0018 m/s, Fx=0.00 N, contact=False
[sac_runtime_controller-7] [INFO] [1786434426.724068342] [rl_hole_search_controller]: HOLDING: dx=-0.0006 m, depth=-0.0006 m, YZ=(-0.4406, 0.5752) m, YZ_ref=(-0.4367, 0.5713) m, center_error_YZ_mm=(-4.325, 4.009), vx=-0.0033 m/s, Fx=0.00 N, contact=False
[sac_runtime_controller-7] [INFO] [1786434427.790379796] [rl_hole_search_controller]: HOLDING: dx=0.0003 m, depth=0.0003 m, YZ=(-0.4332, 0.5668) m, YZ_ref=(-0.4367, 0.5713) m, center_error_YZ_mm=(3.054, -4.405), vx=-0.0091 m/s, Fx=-0.34 N, contact=True
[sac_runtime_controller-7] [INFO] [1786434428.846254143] [rl_hole_search_controller]: APPROACHING: ramping world-X contact force
[sac_runtime_controller-7] [INFO] [1786434428.850926068] [rl_hole_search_controller]: APPROACHING: dx=-0.0001 m, depth=-0.0001 m, YZ=(-0.4369, 0.5712) m, YZ_ref=(-0.4367, 0.5713) m, center_error_YZ_mm=(-0.702, -0.015), vx=-0.0036 m/s, Fx=0.00 N, contact=True
[sac_runtime_controller-7] [INFO] [1786434429.927970124] [rl_hole_search_controller]: APPROACHING: dx=0.0004 m, depth=0.0004 m, YZ=(-0.4397, 0.5756) m, YZ_ref=(-0.4367, 0.5713) m, center_error_YZ_mm=(-3.491, 4.459), vx=0.0035 m/s, Fx=0.51 N, contact=True
[sac_runtime_controller-7] [INFO] [1786434430.144286121] [rl_hole_search_controller]: SEARCHING: contact at X=0.3243; YZ spiral started
[sac_runtime_controller-7] [INFO] [1786434431.008026770] [rl_hole_search_controller]: SEARCHING: dx=0.0008 m, depth=0.0008 m, YZ=(-0.4389, 0.5750) m, YZ_ref=(-0.4407, 0.5764) m, center_error_YZ_mm=(-2.669, 3.852), vx=-0.0074 m/s, Fx=0.15 N, contact=True
[sac_runtime_controller-7] [INFO] [1786434432.106948112] [rl_hole_search_controller]: SEARCHING: dx=0.0007 m, depth=0.0008 m, YZ=(-0.4394, 0.5755) m, YZ_ref=(-0.4423, 0.5762) m, center_error_YZ_mm=(-3.191, 4.295), vx=0.0046 m/s, Fx=0.13 N, contact=True
[sac_runtime_controller-7] [INFO] [1786434432.432664214] [rl_hole_search_controller]: RESETTING episode=2, dataset_index=1, offset_yz_mm=(-0.721, -1.489)
[sac_runtime_controller-7] [INFO] [1786434432.434913230] [rl_hole_search_controller]: RESETTING: joint_error=0.0540 rad, joint_velocity=0.0352 rad/s
[sac_runtime_controller-7] [INFO] [1786434432.672344637] [rl_hole_search_controller]: RESETTING: 固定外边界板面及真实深方孔已重建，WORLD_HOLE_XYZ=(0.33220, -0.43843, 0.57190) m, HOLE_YZ_ref=(-0.4384, 0.5719) m
[sac_runtime_controller-7] [INFO] [1786434433.259458250] [rl_hole_search_controller]: RESET complete; starting original HOLDING state
[sac_runtime_controller-7] [INFO] [1786434433.262699228] [rl_hole_search_controller]: HOLDING: center=[ 0.3237579  -0.43636908  0.57142957]
[sac_runtime_controller-7] [INFO] [1786434433.263885784] [rl_hole_search_controller]: HOLDING: dx=0.0000 m, depth=0.0001 m, YZ=(-0.4364, 0.5714) m, YZ_ref=(-0.4364, 0.5714) m, center_error_YZ_mm=(2.066, -0.467), vx=0.0001 m/s, Fx=-0.06 N, contact=True
[sac_runtime_controller-7] [INFO] [1786434433.267090864] [rl_hole_search_controller]: HOLDING: reset tool tilt=0.01 deg
[sac_runtime_controller-7] [INFO] [1786434434.335987136] [rl_hole_search_controller]: HOLDING: dx=-0.0002 m, depth=-0.0001 m, YZ=(-0.4370, 0.5708) m, YZ_ref=(-0.4364, 0.5714) m, center_error_YZ_mm=(1.390, -1.095), vx=0.0020 m/s, Fx=-0.04 N, contact=True
[sac_runtime_controller-7] [INFO] [1786434435.402878385] [rl_hole_search_controller]: HOLDING: dx=-0.0001 m, depth=-0.0000 m, YZ=(-0.4377, 0.5723) m, YZ_ref=(-0.4364, 0.5714) m, center_error_YZ_mm=(0.706, 0.413), vx=0.0027 m/s, Fx=-0.05 N, contact=True
[sac_runtime_controller-7] [INFO] [1786434436.473420298] [rl_hole_search_controller]: HOLDING: dx=-0.0000 m, depth=0.0001 m, YZ=(-0.4338, 0.5676) m, YZ_ref=(-0.4364, 0.5714) m, center_error_YZ_mm=(4.614, -4.319), vx=0.0050 m/s, Fx=-0.16 N, contact=True
[sac_runtime_controller-7] [INFO] [1786434437.549480809] [rl_hole_search_controller]: HOLDING: dx=-0.0008 m, depth=-0.0008 m, YZ=(-0.4359, 0.5696) m, YZ_ref=(-0.4364, 0.5714) m, center_error_YZ_mm=(2.555, -2.262), vx=-0.0043 m/s, Fx=0.00 N, contact=False
[sac_runtime_controller-7] [INFO] [1786434438.616732852] [rl_hole_search_controller]: APPROACHING: ramping world-X contact force
[sac_runtime_controller-7] [INFO] [1786434438.623187210] [rl_hole_search_controller]: APPROACHING: dx=-0.0006 m, depth=-0.0006 m, YZ=(-0.4380, 0.5726) m, YZ_ref=(-0.4364, 0.5714) m, center_error_YZ_mm=(0.400, 0.705), vx=0.0032 m/s, Fx=0.01 N, contact=False
[sac_runtime_controller-7] [INFO] [1786434439.692997459] [rl_hole_search_controller]: APPROACHING: dx=0.0007 m, depth=0.0008 m, YZ=(-0.4342, 0.5705) m, YZ_ref=(-0.4364, 0.5714) m, center_error_YZ_mm=(4.246, -1.350), vx=0.0044 m/s, Fx=0.15 N, contact=True
[sac_runtime_controller-7] [INFO] [1786434439.903566576] [rl_hole_search_controller]: SEARCHING: contact at X=0.3244; YZ spiral started
[sac_runtime_controller-7] [INFO] [1786434440.771356390] [rl_hole_search_controller]: SEARCHING: dx=0.0007 m, depth=0.0007 m, YZ=(-0.4354, 0.5720) m, YZ_ref=(-0.4362, 0.5701) m, center_error_YZ_mm=(2.996, 0.079), vx=-0.0048 m/s, Fx=0.26 N, contact=True
[sac_runtime_controller-7] [INFO] [1786434441.863520606] [rl_hole_search_controller]: SEARCHING: dx=0.0008 m, depth=0.0008 m, YZ=(-0.4350, 0.5703) m, YZ_ref=(-0.4390, 0.5701) m, center_error_YZ_mm=(3.450, -1.633), vx=0.0029 m/s, Fx=0.11 N, contact=True
[sac_runtime_controller-7] [INFO] [1786434442.075080087] [rl_hole_search_controller]: RESETTING episode=3, dataset_index=2, offset_yz_mm=(1.520, 1.987)
[sac_runtime_controller-7] [INFO] [1786434442.079777411] [rl_hole_search_controller]: RESETTING: waiting for old board deletion
[sac_runtime_controller-7] [INFO] [1786434442.111979706] [rl_hole_search_controller]: RESETTING: 固定外边界板面及真实深方孔已重建，WORLD_HOLE_XYZ=(0.33220, -0.43515, 0.57176) m, HOLE_YZ_ref=(-0.4351, 0.5718) m
[sac_runtime_controller-7] [INFO] [1786434442.904322248] [rl_hole_search_controller]: RESET complete; starting original HOLDING state
[sac_runtime_controller-7] [INFO] [1786434442.908179804] [rl_hole_search_controller]: HOLDING: center=[ 0.3237546  -0.43634389  0.57139013]
[sac_runtime_controller-7] [INFO] [1786434442.912065758] [rl_hole_search_controller]: HOLDING: reset tool tilt=0.00 deg
[sac_runtime_controller-7] [INFO] [1786434442.953369612] [rl_hole_search_controller]: HOLDING: dx=-0.0000 m, depth=0.0001 m, YZ=(-0.4363, 0.5714) m, YZ_ref=(-0.4363, 0.5714) m, center_error_YZ_mm=(-1.186, -0.326), vx=0.0011 m/s, Fx=-0.07 N, contact=True
[sac_runtime_controller-7] [INFO] [1786434444.026916331] [rl_hole_search_controller]: HOLDING: dx=-0.0000 m, depth=0.0000 m, YZ=(-0.4344, 0.5682) m, YZ_ref=(-0.4363, 0.5714) m, center_error_YZ_mm=(0.778, -3.562), vx=-0.0034 m/s, Fx=-0.02 N, contact=True
[sac_runtime_controller-7] [INFO] [1786434445.095558735] [rl_hole_search_controller]: HOLDING: dx=-0.0002 m, depth=-0.0001 m, YZ=(-0.4375, 0.5728) m, YZ_ref=(-0.4363, 0.5714) m, center_error_YZ_mm=(-2.347, 1.079), vx=0.0036 m/s, Fx=-0.07 N, contact=True
[sac_runtime_controller-7] [INFO] [1786434446.168540880] [rl_hole_search_controller]: HOLDING: dx=-0.0001 m, depth=-0.0000 m, YZ=(-0.4367, 0.5717) m, YZ_ref=(-0.4363, 0.5714) m, center_error_YZ_mm=(-1.518, -0.091), vx=0.0039 m/s, Fx=-0.08 N, contact=True
[sac_runtime_controller-7] [INFO] [1786434447.255419006] [rl_hole_search_controller]: HOLDING: dx=0.0001 m, depth=0.0002 m, YZ=(-0.4345, 0.5683) m, YZ_ref=(-0.4363, 0.5714) m, center_error_YZ_mm=(0.686, -3.489), vx=-0.0075 m/s, Fx=-0.16 N, contact=True
[sac_runtime_controller-7] [INFO] [1786434448.327950272] [rl_hole_search_controller]: APPROACHING: ramping world-X contact force
[sac_runtime_controller-7] [INFO] [1786434448.378163293] [rl_hole_search_controller]: APPROACHING: dx=-0.0002 m, depth=-0.0001 m, YZ=(-0.4357, 0.5704) m, YZ_ref=(-0.4363, 0.5714) m, center_error_YZ_mm=(-0.530, -1.401), vx=-0.0055 m/s, Fx=0.05 N, contact=True
[sac_runtime_controller-7] [INFO] [1786434449.437809443] [rl_hole_search_controller]: APPROACHING: dx=0.0007 m, depth=0.0008 m, YZ=(-0.4321, 0.5686) m, YZ_ref=(-0.4363, 0.5714) m, center_error_YZ_mm=(3.044, -3.147), vx=0.0088 m/s, Fx=0.06 N, contact=True
[sac_runtime_controller-7] [INFO] [1786434449.619784534] [rl_hole_search_controller]: SEARCHING: contact at X=0.3243; YZ spiral started
[sac_runtime_controller-7] [INFO] [1786434450.511086585] [rl_hole_search_controller]: SEARCHING: dx=0.0010 m, depth=0.0010 m, YZ=(-0.4293, 0.5691) m, YZ_ref=(-0.4345, 0.5729) m, center_error_YZ_mm=(5.819, -2.679), vx=0.0123 m/s, Fx=-0.27 N, contact=True
[sac_runtime_controller-7] [INFO] [1786434451.592099141] [rl_hole_search_controller]: SEARCHING: dx=0.0007 m, depth=0.0007 m, YZ=(-0.4350, 0.5731) m, YZ_ref=(-0.4347, 0.5729) m, center_error_YZ_mm=(0.147, 1.323), vx=-0.0013 m/s, Fx=0.26 N, contact=True
[sac_runtime_controller-7] [INFO] [1786434452.417592359] [rl_hole_search_controller]: INSERTING: hole alignment/entry detected at 0.0012 m; centering YZ and inserting to 0.0170 m
[sac_runtime_controller-7] [INFO] [1786434452.419834675] [rl_hole_search_controller]: INSERTING handoff: HOLE_YZ_ref=(-0.4351, 0.5718) m, tool_YZ=(-0.4347, 0.5722) m, center_error_YZ_mm=(0.436, 0.425), tool_tilt=0.14 deg
[sac_runtime_controller-7] [INFO] [1786434452.660807159] [rl_hole_search_controller]: INSERTING: dx=0.0017 m, depth=0.0018 m, YZ=(-0.4340, 0.5717) m, YZ_ref=(-0.4351, 0.5718) m, center_error_YZ_mm=(1.153, -0.098), vx=0.0029 m/s, Fx=1.18 N, contact=False
[sac_runtime_controller-7] [INFO] [1786434453.718239101] [rl_hole_search_controller]: INSERTING: dx=0.0036 m, depth=0.0037 m, YZ=(-0.4342, 0.5723) m, YZ_ref=(-0.4351, 0.5718) m, center_error_YZ_mm=(0.961, 0.495), vx=0.0099 m/s, Fx=1.17 N, contact=False
[sac_runtime_controller-7] [INFO] [1786434454.793041796] [rl_hole_search_controller]: INSERTING: dx=0.0044 m, depth=0.0045 m, YZ=(-0.4346, 0.5720) m, YZ_ref=(-0.4351, 0.5718) m, center_error_YZ_mm=(0.590, 0.267), vx=-0.0107 m/s, Fx=1.23 N, contact=False
[sac_runtime_controller-7] [INFO] [1786434455.974113018] [rl_hole_search_controller]: INSERTING: dx=0.0060 m, depth=0.0061 m, YZ=(-0.4350, 0.5718) m, YZ_ref=(-0.4351, 0.5718) m, center_error_YZ_mm=(0.113, 0.043), vx=-0.0060 m/s, Fx=1.17 N, contact=False
[sac_runtime_controller-7] [INFO] [1786434457.061862737] [rl_hole_search_controller]: INSERTING: dx=0.0085 m, depth=0.0086 m, YZ=(-0.4327, 0.5714) m, YZ_ref=(-0.4351, 0.5718) m, center_error_YZ_mm=(2.448, -0.388), vx=-0.0038 m/s, Fx=1.15 N, contact=False
[sac_runtime_controller-7] [INFO] [1786434458.158794513] [rl_hole_search_controller]: INSERTING: dx=0.0097 m, depth=0.0098 m, YZ=(-0.4331, 0.5719) m, YZ_ref=(-0.4351, 0.5718) m, center_error_YZ_mm=(2.059, 0.132), vx=-0.0126 m/s, Fx=1.18 N, contact=False
[sac_runtime_controller-7] [INFO] [1786434459.223865780] [rl_hole_search_controller]: INSERTING: dx=0.0115 m, depth=0.0116 m, YZ=(-0.4327, 0.5720) m, YZ_ref=(-0.4351, 0.5718) m, center_error_YZ_mm=(2.423, 0.247), vx=0.0052 m/s, Fx=1.15 N, contact=False
[sac_runtime_controller-7] [INFO] [1786434460.302754433] [rl_hole_search_controller]: INSERTING: dx=0.0129 m, depth=0.0130 m, YZ=(-0.4344, 0.5728) m, YZ_ref=(-0.4351, 0.5718) m, center_error_YZ_mm=(0.746, 1.014), vx=0.0047 m/s, Fx=1.18 N, contact=False
[sac_runtime_controller-7] [INFO] [1786434461.353915229] [rl_hole_search_controller]: INSERTING: dx=0.0149 m, depth=0.0150 m, YZ=(-0.4341, 0.5717) m, YZ_ref=(-0.4351, 0.5718) m, center_error_YZ_mm=(1.060, -0.050), vx=-0.0025 m/s, Fx=1.15 N, contact=False
[sac_runtime_controller-7] [INFO] [1786434462.401072973] [rl_hole_search_controller]: INSERTING: dx=0.0159 m, depth=0.0160 m, YZ=(-0.4344, 0.5719) m, YZ_ref=(-0.4351, 0.5718) m, center_error_YZ_mm=(0.743, 0.167), vx=0.0024 m/s, Fx=0.64 N, contact=False
[sac_runtime_controller-7] [INFO] [1786434463.489789366] [rl_hole_search_controller]: INSERTING: dx=0.0164 m, depth=0.0164 m, YZ=(-0.4348, 0.5717) m, YZ_ref=(-0.4351, 0.5718) m, center_error_YZ_mm=(0.330, -0.056), vx=0.0111 m/s, Fx=0.43 N, contact=False
[sac_runtime_controller-7] [INFO] [1786434464.572424389] [rl_hole_search_controller]: INSERTING: dx=0.0164 m, depth=0.0164 m, YZ=(-0.4364, 0.5729) m, YZ_ref=(-0.4351, 0.5718) m, center_error_YZ_mm=(-1.303, 1.169), vx=0.0044 m/s, Fx=0.54 N, contact=False
[sac_runtime_controller-7] [INFO] [1786434465.632334362] [rl_hole_search_controller]: INSERTING: dx=0.0168 m, depth=0.0168 m, YZ=(-0.4352, 0.5719) m, YZ_ref=(-0.4351, 0.5718) m, center_error_YZ_mm=(-0.033, 0.108), vx=-0.0015 m/s, Fx=0.32 N, contact=False
[sac_runtime_controller-7] [INFO] [1786434466.699296205] [rl_hole_search_controller]: INSERTING: dx=0.0169 m, depth=0.0170 m, YZ=(-0.4357, 0.5716) m, YZ_ref=(-0.4351, 0.5718) m, center_error_YZ_mm=(-0.546, -0.115), vx=-0.0093 m/s, Fx=0.18 N, contact=False
[sac_runtime_controller-7] [INFO] [1786434467.773915503] [rl_hole_search_controller]: INSERTING: dx=0.0172 m, depth=0.0172 m, YZ=(-0.4351, 0.5712) m, YZ_ref=(-0.4351, 0.5718) m, center_error_YZ_mm=(0.094, -0.540), vx=-0.0024 m/s, Fx=0.09 N, contact=False
[sac_runtime_controller-7] [INFO] [1786434468.845584990] [rl_hole_search_controller]: INSERTING: dx=0.0176 m, depth=0.0177 m, YZ=(-0.4335, 0.5716) m, YZ_ref=(-0.4351, 0.5718) m, center_error_YZ_mm=(1.604, -0.144), vx=0.0074 m/s, Fx=-0.30 N, contact=False
[sac_runtime_controller-7] [INFO] [1786434468.968788825] [rl_hole_search_controller]: INSERT_HOLDING: target depth confirmed at 0.0172 m; joint velocity=0.039 rad/s; tool velocity=0.011 m/s; captured current joints and starting MIT-equivalent hold
[sac_runtime_controller-7] [INFO] [1786434469.918637305] [rl_hole_search_controller]: INSERT_HOLDING: MIT joint lock, dx=0.0171 m, depth=0.0171 m, YZ=(-0.4351, 0.5718) m, ramp=1.00, q_error_max=0.0005 rad, dq_max=0.0001 rad/s, tau_max=0.00 Nm, hold_force_max=0.04 N, tip_centered_YZ=True, contact=False
[sac_runtime_controller-7] [INFO] [1786434471.016963362] [rl_hole_search_controller]: INSERT_HOLDING: MIT joint lock, dx=0.0171 m, depth=0.0171 m, YZ=(-0.4351, 0.5718) m, ramp=1.00, q_error_max=0.0005 rad, dq_max=0.0000 rad/s, tau_max=0.00 Nm, hold_force_max=0.04 N, tip_centered_YZ=True, contact=False
[sac_runtime_controller-7] [INFO] [1786434471.145774620] [rl_hole_search_controller]: INSERT_HOLDING complete: physical geometry confirmed; depth=0.0171 m, tip_error_YZ_mm=(-0.002, 0.041), entry_error_YZ_mm=(-0.376, 0.199), tilt=1.36 deg; Episode is an assembly success
[sac_runtime_controller-7] [INFO] [1786434471.150773065] [rl_hole_search_controller]: RESETTING episode=4, dataset_index=3, offset_yz_mm=(-0.133, 1.170)
[sac_runtime_controller-7] [INFO] [1786434471.153312088] [rl_hole_search_controller]: RESETTING: joint_error=0.1762 rad, joint_velocity=0.0000 rad/s
[sac_runtime_controller-7] [INFO] [1786434471.581343835] [rl_hole_search_controller]: RESETTING: 固定外边界板面及真实深方孔已重建，WORLD_HOLE_XYZ=(0.33220, -0.43660, 0.57330) m, HOLE_YZ_ref=(-0.4366, 0.5733) m
[sac_runtime_controller-7] [INFO] [1786434471.979329312] [rl_hole_search_controller]: RESET complete; starting original HOLDING state
[sac_runtime_controller-7] [INFO] [1786434471.981808534] [rl_hole_search_controller]: HOLDING: center=[ 0.32378976 -0.43632824  0.57140908]
[sac_runtime_controller-7] [INFO] [1786434471.984898361] [rl_hole_search_controller]: HOLDING: reset tool tilt=0.01 deg
[sac_runtime_controller-7] [INFO] [1786434472.122519289] [rl_hole_search_controller]: HOLDING: dx=-0.0002 m, depth=-0.0001 m, YZ=(-0.4371, 0.5719) m, YZ_ref=(-0.4363, 0.5714) m, center_error_YZ_mm=(-0.483, -1.377), vx=0.0045 m/s, Fx=-0.09 N, contact=True
[sac_runtime_controller-7] [INFO] [1786434473.199097669] [rl_hole_search_controller]: HOLDING: dx=-0.0008 m, depth=-0.0007 m, YZ=(-0.4389, 0.5732) m, YZ_ref=(-0.4363, 0.5714) m, center_error_YZ_mm=(-2.318, -0.134), vx=0.0070 m/s, Fx=0.00 N, contact=False
[sac_runtime_controller-7] [INFO] [1786434474.263786558] [rl_hole_search_controller]: HOLDING: dx=-0.0004 m, depth=-0.0003 m, YZ=(-0.4382, 0.5729) m, YZ_ref=(-0.4363, 0.5714) m, center_error_YZ_mm=(-1.561, -0.434), vx=0.0038 m/s, Fx=0.00 N, contact=False
[sac_runtime_controller-7] [INFO] [1786434475.318825879] [rl_hole_search_controller]: HOLDING: dx=-0.0003 m, depth=-0.0002 m, YZ=(-0.4381, 0.5725) m, YZ_ref=(-0.4363, 0.5714) m, center_error_YZ_mm=(-1.536, -0.767), vx=-0.0055 m/s, Fx=0.00 N, contact=True
[sac_runtime_controller-7] [INFO] [1786434476.388036241] [rl_hole_search_controller]: HOLDING: dx=-0.0002 m, depth=-0.0001 m, YZ=(-0.4373, 0.5715) m, YZ_ref=(-0.4363, 0.5714) m, center_error_YZ_mm=(-0.654, -1.757), vx=0.0004 m/s, Fx=-0.01 N, contact=True
[sac_runtime_controller-7] [INFO] [1786434477.316237115] [rl_hole_search_controller]: APPROACHING: ramping world-X contact force
[sac_runtime_controller-7] [INFO] [1786434477.461979460] [rl_hole_search_controller]: APPROACHING: dx=0.0001 m, depth=0.0001 m, YZ=(-0.4358, 0.5703) m, YZ_ref=(-0.4363, 0.5714) m, center_error_YZ_mm=(0.809, -2.983), vx=0.0086 m/s, Fx=-0.18 N, contact=True
[sac_runtime_controller-7] [INFO] [1786434478.504312026] [rl_hole_search_controller]: APPROACHING: dx=0.0009 m, depth=0.0010 m, YZ=(-0.4358, 0.5723) m, YZ_ref=(-0.4363, 0.5714) m, center_error_YZ_mm=(0.800, -1.016), vx=0.0025 m/s, Fx=-0.00 N, contact=True
[sac_runtime_controller-7] [INFO] [1786434478.639526871] [rl_hole_search_controller]: SEARCHING: contact at X=0.3246; YZ spiral started
[sac_runtime_controller-7] [INFO] [1786434479.253710553] [rl_hole_search_controller]: INSERTING: hole alignment/entry detected at 0.0009 m; centering YZ and inserting to 0.0170 m
[sac_runtime_controller-7] [INFO] [1786434479.256011972] [rl_hole_search_controller]: INSERTING handoff: HOLE_YZ_ref=(-0.4366, 0.5733) m, tool_YZ=(-0.4361, 0.5728) m, center_error_YZ_mm=(0.475, -0.466), tool_tilt=0.53 deg
[sac_runtime_controller-7] [INFO] [1786434479.560144325] [rl_hole_search_controller]: INSERTING: dx=0.0018 m, depth=0.0019 m, YZ=(-0.4361, 0.5733) m, YZ_ref=(-0.4366, 0.5733) m, center_error_YZ_mm=(0.481, 0.036), vx=-0.0089 m/s, Fx=1.18 N, contact=False
[sac_runtime_controller-7] [INFO] [1786434480.624476113] [rl_hole_search_controller]: INSERTING: dx=0.0036 m, depth=0.0037 m, YZ=(-0.4363, 0.5735) m, YZ_ref=(-0.4366, 0.5733) m, center_error_YZ_mm=(0.340, 0.246), vx=0.0012 m/s, Fx=1.20 N, contact=False
[sac_runtime_controller-7] [INFO] [1786434481.679058938] [rl_hole_search_controller]: INSERTING: dx=0.0050 m, depth=0.0051 m, YZ=(-0.4360, 0.5738) m, YZ_ref=(-0.4366, 0.5733) m, center_error_YZ_mm=(0.555, 0.474), vx=0.0051 m/s, Fx=1.17 N, contact=False
[sac_runtime_controller-7] [INFO] [1786434482.742916359] [rl_hole_search_controller]: INSERTING: dx=0.0065 m, depth=0.0066 m, YZ=(-0.4360, 0.5734) m, YZ_ref=(-0.4366, 0.5733) m, center_error_YZ_mm=(0.616, 0.113), vx=0.0015 m/s, Fx=1.18 N, contact=False
[sac_runtime_controller-7] [INFO] [1786434483.821103412] [rl_hole_search_controller]: INSERTING: dx=0.0076 m, depth=0.0077 m, YZ=(-0.4366, 0.5737) m, YZ_ref=(-0.4366, 0.5733) m, center_error_YZ_mm=(0.033, 0.443), vx=0.0101 m/s, Fx=1.19 N, contact=False
[sac_runtime_controller-7] [INFO] [1786434484.937332688] [rl_hole_search_controller]: INSERTING: dx=0.0097 m, depth=0.0098 m, YZ=(-0.4356, 0.5744) m, YZ_ref=(-0.4366, 0.5733) m, center_error_YZ_mm=(1.048, 1.120), vx=0.0166 m/s, Fx=1.17 N, contact=False
[sac_runtime_controller-7] [INFO] [1786434486.001614061] [rl_hole_search_controller]: INSERTING: dx=0.0113 m, depth=0.0114 m, YZ=(-0.4355, 0.5733) m, YZ_ref=(-0.4366, 0.5733) m, center_error_YZ_mm=(1.098, 0.021), vx=-0.0057 m/s, Fx=1.17 N, contact=False
[sac_runtime_controller-7] [INFO] [1786434487.151103112] [rl_hole_search_controller]: INSERTING: dx=0.0122 m, depth=0.0123 m, YZ=(-0.4361, 0.5742) m, YZ_ref=(-0.4366, 0.5733) m, center_error_YZ_mm=(0.518, 0.893), vx=0.0028 m/s, Fx=1.23 N, contact=False
[sac_runtime_controller-7] [INFO] [1786434488.248306464] [rl_hole_search_controller]: INSERTING: dx=0.0140 m, depth=0.0141 m, YZ=(-0.4360, 0.5733) m, YZ_ref=(-0.4366, 0.5733) m, center_error_YZ_mm=(0.642, -0.022), vx=-0.0211 m/s, Fx=1.21 N, contact=False
[sac_runtime_controller-7] [INFO] [1786434489.408662215] [rl_hole_search_controller]: INSERTING: dx=0.0165 m, depth=0.0165 m, YZ=(-0.4370, 0.5734) m, YZ_ref=(-0.4366, 0.5733) m, center_error_YZ_mm=(-0.423, 0.072), vx=0.0020 m/s, Fx=0.37 N, contact=False
[sac_runtime_controller-7] [INFO] [1786434490.622510476] [rl_hole_search_controller]: INSERTING: dx=0.0168 m, depth=0.0168 m, YZ=(-0.4358, 0.5745) m, YZ_ref=(-0.4366, 0.5733) m, center_error_YZ_mm=(0.815, 1.172), vx=-0.0151 m/s, Fx=0.38 N, contact=False
[sac_runtime_controller-7] [INFO] [1786434491.752394603] [rl_hole_search_controller]: INSERTING: dx=0.0170 m, depth=0.0171 m, YZ=(-0.4369, 0.5726) m, YZ_ref=(-0.4366, 0.5733) m, center_error_YZ_mm=(-0.341, -0.709), vx=-0.0028 m/s, Fx=0.11 N, contact=False
[sac_runtime_controller-7] [INFO] [1786434491.909184783] [rl_hole_search_controller]: INSERT_HOLDING: target depth confirmed at 0.0173 m; joint velocity=0.051 rad/s; tool velocity=0.010 m/s; captured current joints and starting MIT-equivalent hold
[sac_runtime_controller-7] [INFO] [1786434492.863834302] [rl_hole_search_controller]: INSERT_HOLDING: MIT joint lock, dx=0.0171 m, depth=0.0172 m, YZ=(-0.4366, 0.5733) m, ramp=1.00, q_error_max=0.0005 rad, dq_max=0.0002 rad/s, tau_max=0.00 Nm, hold_force_max=0.04 N, tip_centered_YZ=True, contact=False
[sac_runtime_controller-7] [INFO] [1786434493.964960138] [rl_hole_search_controller]: INSERT_HOLDING: MIT joint lock, dx=0.0171 m, depth=0.0172 m, YZ=(-0.4366, 0.5733) m, ramp=1.00, q_error_max=0.0005 rad, dq_max=0.0000 rad/s, tau_max=0.00 Nm, hold_force_max=0.04 N, tip_centered_YZ=True, contact=False
[sac_runtime_controller-7] [INFO] [1786434494.116504348] [rl_hole_search_controller]: INSERT_HOLDING complete: physical geometry confirmed; depth=0.0172 m, tip_error_YZ_mm=(0.017, 0.036), entry_error_YZ_mm=(0.017, 0.094), tilt=0.19 deg; Episode is an assembly success
[sac_runtime_controller-7] [INFO] [1786434494.150575997] [rl_hole_search_controller]: RESETTING episode=5, dataset_index=4, offset_yz_mm=(0.092, 0.337)
[sac_runtime_controller-7] [INFO] [1786434494.154182223] [rl_hole_search_controller]: RESETTING: joint_error=0.1698 rad, joint_velocity=0.0003 rad/s
[sac_runtime_controller-7] [INFO] [1786434494.621693540] [rl_hole_search_controller]: RESETTING: 固定外边界板面及真实深方孔已重建，WORLD_HOLE_XYZ=(0.33220, -0.43656, 0.57235) m, HOLE_YZ_ref=(-0.4366, 0.5724) m
[sac_runtime_controller-7] [INFO] [1786434495.069995211] [rl_hole_search_controller]: RESET complete; starting original HOLDING state
[sac_runtime_controller-7] [INFO] [1786434495.074770445] [rl_hole_search_controller]: HOLDING: center=[ 0.32378796 -0.43634793  0.5714093 ]
[sac_runtime_controller-7] [INFO] [1786434495.077289063] [rl_hole_search_controller]: HOLDING: reset tool tilt=0.00 deg
[sac_runtime_controller-7] [INFO] [1786434495.142186033] [rl_hole_search_controller]: HOLDING: dx=-0.0001 m, depth=-0.0000 m, YZ=(-0.4362, 0.5711) m, YZ_ref=(-0.4363, 0.5714) m, center_error_YZ_mm=(0.387, -1.262), vx=-0.0045 m/s, Fx=0.00 N, contact=True
[sac_runtime_controller-7] [INFO] [1786434496.235009124] [rl_hole_search_controller]: HOLDING: dx=-0.0003 m, depth=-0.0002 m, YZ=(-0.4360, 0.5701) m, YZ_ref=(-0.4363, 0.5714) m, center_error_YZ_mm=(0.600, -2.255), vx=-0.0095 m/s, Fx=0.00 N, contact=True
[sac_runtime_controller-7] [INFO] [1786434497.326944026] [rl_hole_search_controller]: HOLDING: dx=-0.0004 m, depth=-0.0003 m, YZ=(-0.4388, 0.5732) m, YZ_ref=(-0.4363, 0.5714) m, center_error_YZ_mm=(-2.275, 0.866), vx=-0.0024 m/s, Fx=0.00 N, contact=False
[sac_runtime_controller-7] [INFO] [1786434498.462775252] [rl_hole_search_controller]: HOLDING: dx=-0.0003 m, depth=-0.0002 m, YZ=(-0.4388, 0.5739) m, YZ_ref=(-0.4363, 0.5714) m, center_error_YZ_mm=(-2.232, 1.523), vx=-0.0059 m/s, Fx=0.00 N, contact=True
[sac_runtime_controller-7] [INFO] [1786434499.607619252] [rl_hole_search_controller]: HOLDING: dx=-0.0002 m, depth=-0.0001 m, YZ=(-0.4363, 0.5707) m, YZ_ref=(-0.4363, 0.5714) m, center_error_YZ_mm=(0.228, -1.637), vx=-0.0066 m/s, Fx=0.00 N, contact=True
[sac_runtime_controller-7] [INFO] [1786434500.644912519] [rl_hole_search_controller]: APPROACHING: ramping world-X contact force
[sac_runtime_controller-7] [INFO] [1786434500.718328024] [rl_hole_search_controller]: APPROACHING: dx=-0.0001 m, depth=0.0000 m, YZ=(-0.4366, 0.5719) m, YZ_ref=(-0.4363, 0.5714) m, center_error_YZ_mm=(-0.007, -0.502), vx=0.0023 m/s, Fx=0.01 N, contact=True
[sac_runtime_controller-7] [INFO] [1786434501.853032173] [rl_hole_search_controller]: APPROACHING: dx=0.0007 m, depth=0.0008 m, YZ=(-0.4355, 0.5725) m, YZ_ref=(-0.4363, 0.5714) m, center_error_YZ_mm=(1.063, 0.157), vx=-0.0020 m/s, Fx=0.20 N, contact=True
[sac_runtime_controller-7] [INFO] [1786434501.997627758] [rl_hole_search_controller]: SEARCHING: contact at X=0.3245; YZ spiral started
[sac_runtime_controller-7] [INFO] [1786434502.985077015] [rl_hole_search_controller]: SEARCHING: dx=0.0006 m, depth=0.0007 m, YZ=(-0.4318, 0.5676) m, YZ_ref=(-0.4339, 0.5700) m, center_error_YZ_mm=(4.738, -4.782), vx=-0.0249 m/s, Fx=0.27 N, contact=True
[sac_runtime_controller-7] [INFO] [1786434504.109423508] [rl_hole_search_controller]: SEARCHING: dx=0.0008 m, depth=0.0009 m, YZ=(-0.4288, 0.5679) m, YZ_ref=(-0.4323, 0.5682) m, center_error_YZ_mm=(7.757, -4.462), vx=0.0001 m/s, Fx=0.09 N, contact=True
[sac_runtime_controller-7] [INFO] [1786434504.942608409] [rl_hole_search_controller]: RESETTING episode=6, dataset_index=5, offset_yz_mm=(-1.203, -0.259)
[sac_runtime_controller-7] [INFO] [1786434504.946308534] [rl_hole_search_controller]: RESETTING: joint_error=0.0573 rad, joint_velocity=0.0241 rad/s
[sac_runtime_controller-7] [INFO] [1786434505.218715317] [rl_hole_search_controller]: RESETTING: 固定外边界板面及真实深方孔已重建，WORLD_HOLE_XYZ=(0.33220, -0.43658, 0.57017) m, HOLE_YZ_ref=(-0.4366, 0.5702) m
[sac_runtime_controller-7] [INFO] [1786434505.795239184] [rl_hole_search_controller]: RESET complete; starting original HOLDING state
[sac_runtime_controller-7] [INFO] [1786434505.798050902] [rl_hole_search_controller]: HOLDING: center=[ 0.32375451 -0.43633507  0.57140102]
[sac_runtime_controller-7] [INFO] [1786434505.799996615] [rl_hole_search_controller]: HOLDING: dx=0.0000 m, depth=0.0001 m, YZ=(-0.4363, 0.5714) m, YZ_ref=(-0.4363, 0.5714) m, center_error_YZ_mm=(0.245, 1.235), vx=-0.0000 m/s, Fx=-0.05 N, contact=True
[sac_runtime_controller-7] [INFO] [1786434505.804040941] [rl_hole_search_controller]: HOLDING: reset tool tilt=0.00 deg
[sac_runtime_controller-7] [INFO] [1786434506.935705466] [rl_hole_search_controller]: HOLDING: dx=-0.0002 m, depth=-0.0002 m, YZ=(-0.4379, 0.5730) m, YZ_ref=(-0.4363, 0.5714) m, center_error_YZ_mm=(-1.296, 2.862), vx=0.0001 m/s, Fx=-0.00 N, contact=True
[sac_runtime_controller-7] [INFO] [1786434508.087363829] [rl_hole_search_controller]: HOLDING: dx=0.0002 m, depth=0.0002 m, YZ=(-0.4410, 0.5783) m, YZ_ref=(-0.4363, 0.5714) m, center_error_YZ_mm=(-4.468, 8.137), vx=0.0015 m/s, Fx=-0.25 N, contact=True
[sac_runtime_controller-7] [INFO] [1786434509.183063345] [rl_hole_search_controller]: HOLDING: dx=-0.0004 m, depth=-0.0004 m, YZ=(-0.4379, 0.5718) m, YZ_ref=(-0.4363, 0.5714) m, center_error_YZ_mm=(-1.322, 1.601), vx=-0.0043 m/s, Fx=0.00 N, contact=False
[sac_runtime_controller-7] [INFO] [1786434510.268356713] [rl_hole_search_controller]: HOLDING: dx=-0.0007 m, depth=-0.0006 m, YZ=(-0.4396, 0.5735) m, YZ_ref=(-0.4363, 0.5714) m, center_error_YZ_mm=(-3.054, 3.315), vx=-0.0058 m/s, Fx=0.00 N, contact=False
[sac_runtime_controller-7] [INFO] [1786434511.381625775] [rl_hole_search_controller]: APPROACHING: ramping world-X contact force
[sac_runtime_controller-7] [INFO] [1786434511.387710212] [rl_hole_search_controller]: APPROACHING: dx=0.0000 m, depth=0.0001 m, YZ=(-0.4367, 0.5713) m, YZ_ref=(-0.4363, 0.5714) m, center_error_YZ_mm=(-0.131, 1.147), vx=0.0122 m/s, Fx=-0.29 N, contact=True
[sac_runtime_controller-7] [INFO] [1786434512.558341733] [rl_hole_search_controller]: APPROACHING: dx=0.0010 m, depth=0.0011 m, YZ=(-0.4338, 0.5686) m, YZ_ref=(-0.4363, 0.5714) m, center_error_YZ_mm=(2.776, -1.594), vx=-0.0022 m/s, Fx=-0.09 N, contact=True
[sac_runtime_controller-7] [INFO] [1786434512.831186181] [rl_hole_search_controller]: SEARCHING: contact at X=0.3245; YZ spiral started
[sac_runtime_controller-7] [INFO] [1786434513.676956150] [rl_hole_search_controller]: SEARCHING: dx=0.0008 m, depth=0.0009 m, YZ=(-0.4356, 0.5731) m, YZ_ref=(-0.4349, 0.5733) m, center_error_YZ_mm=(1.016, 2.937), vx=-0.0011 m/s, Fx=0.12 N, contact=True
[sac_runtime_controller-7] [INFO] [1786434514.778318781] [rl_hole_search_controller]: SEARCHING: dx=0.0012 m, depth=0.0012 m, YZ=(-0.4363, 0.5736) m, YZ_ref=(-0.4354, 0.5752) m, center_error_YZ_mm=(0.295, 3.388), vx=-0.0045 m/s, Fx=-0.21 N, contact=True
[sac_runtime_controller-7] [INFO] [1786434515.233769656] [rl_hole_search_controller]: RESETTING episode=7, dataset_index=6, offset_yz_mm=(2.437, 2.560)
[sac_runtime_controller-7] [INFO] [1786434515.235599566] [rl_hole_search_controller]: RESETTING: joint_error=0.0110 rad, joint_velocity=0.0076 rad/s
[sac_runtime_controller-7] [INFO] [1786434515.291110890] [rl_hole_search_controller]: RESETTING: 固定外边界板面及真实深方孔已重建，WORLD_HOLE_XYZ=(0.33220, -0.43357, 0.57753) m, HOLE_YZ_ref=(-0.4336, 0.5775) m
[sac_runtime_controller-7] [INFO] [1786434516.091272558] [rl_hole_search_controller]: RESET complete; starting original HOLDING state
[sac_runtime_controller-7] [INFO] [1786434516.094197875] [rl_hole_search_controller]: HOLDING: center=[ 0.32375667 -0.43635721  0.57143308]
[sac_runtime_controller-7] [INFO] [1786434516.096686689] [rl_hole_search_controller]: HOLDING: dx=0.0000 m, depth=0.0001 m, YZ=(-0.4364, 0.5714) m, YZ_ref=(-0.4364, 0.5714) m, center_error_YZ_mm=(-2.785, -6.099), vx=0.0000 m/s, Fx=-0.06 N, contact=True
[sac_runtime_controller-7] [INFO] [1786434516.099242904] [rl_hole_search_controller]: HOLDING: reset tool tilt=0.00 deg
[sac_runtime_controller-7] [INFO] [1786434517.187246974] [rl_hole_search_controller]: HOLDING: dx=-0.0002 m, depth=-0.0001 m, YZ=(-0.4357, 0.5714) m, YZ_ref=(-0.4364, 0.5714) m, center_error_YZ_mm=(-2.136, -6.165), vx=-0.0023 m/s, Fx=0.00 N, contact=True
[sac_runtime_controller-7] [INFO] [1786434518.290205345] [rl_hole_search_controller]: HOLDING: dx=-0.0005 m, depth=-0.0004 m, YZ=(-0.4332, 0.5677) m, YZ_ref=(-0.4364, 0.5714) m, center_error_YZ_mm=(0.339, -9.835), vx=0.0028 m/s, Fx=0.00 N, contact=False
[sac_runtime_controller-7] [INFO] [1786434519.428976535] [rl_hole_search_controller]: HOLDING: dx=-0.0008 m, depth=-0.0007 m, YZ=(-0.4392, 0.5745) m, YZ_ref=(-0.4364, 0.5714) m, center_error_YZ_mm=(-5.600, -3.003), vx=0.0127 m/s, Fx=0.00 N, contact=False
[sac_runtime_controller-7] [INFO] [1786434520.584763429] [rl_hole_search_controller]: HOLDING: dx=-0.0000 m, depth=0.0000 m, YZ=(-0.4356, 0.5715) m, YZ_ref=(-0.4364, 0.5714) m, center_error_YZ_mm=(-2.028, -6.075), vx=-0.0020 m/s, Fx=-0.04 N, contact=True
[sac_runtime_controller-7] [INFO] [1786434521.766130474] [rl_hole_search_controller]: APPROACHING: ramping world-X contact force
[sac_runtime_controller-7] [INFO] [1786434521.770782100] [rl_hole_search_controller]: APPROACHING: dx=-0.0008 m, depth=-0.0008 m, YZ=(-0.4354, 0.5708) m, YZ_ref=(-0.4364, 0.5714) m, center_error_YZ_mm=(-1.812, -6.708), vx=0.0260 m/s, Fx=0.00 N, contact=False
[sac_runtime_controller-7] [INFO] [1786434522.903062590] [rl_hole_search_controller]: APPROACHING: dx=0.0004 m, depth=0.0004 m, YZ=(-0.4321, 0.5652) m, YZ_ref=(-0.4364, 0.5714) m, center_error_YZ_mm=(1.519, -12.353), vx=-0.0072 m/s, Fx=0.59 N, contact=True
[sac_runtime_controller-7] [INFO] [1786434523.535703448] [rl_hole_search_controller]: SEARCHING: contact at X=0.3244; YZ spiral started
[sac_runtime_controller-7] [INFO] [1786434524.130022687] [rl_hole_search_controller]: SEARCHING: dx=0.0009 m, depth=0.0009 m, YZ=(-0.4378, 0.5735) m, YZ_ref=(-0.4349, 0.5716) m, center_error_YZ_mm=(-4.251, -4.066), vx=0.0081 m/s, Fx=-0.10 N, contact=True
[sac_runtime_controller-7] [INFO] [1786434524.845082927] [rl_hole_search_controller]: RESETTING episode=8, dataset_index=7, offset_yz_mm=(-0.845, -0.499)
[sac_runtime_controller-7] [INFO] [1786434524.847812542] [rl_hole_search_controller]: RESETTING: joint_error=0.0101 rad, joint_velocity=0.0301 rad/s
[sac_runtime_controller-7] [INFO] [1786434524.866847341] [rl_hole_search_controller]: RESETTING: 固定外边界板面及真实深方孔已重建，WORLD_HOLE_XYZ=(0.33220, -0.43598, 0.56947) m, HOLE_YZ_ref=(-0.4360, 0.5695) m
[sac_runtime_controller-7] [INFO] [1786434525.688938097] [rl_hole_search_controller]: RESET complete; starting original HOLDING state
[sac_runtime_controller-7] [INFO] [1786434525.692069713] [rl_hole_search_controller]: HOLDING: center=[ 0.32375713 -0.43635483  0.57141689]
[sac_runtime_controller-7] [INFO] [1786434525.694129623] [rl_hole_search_controller]: HOLDING: dx=0.0000 m, depth=0.0001 m, YZ=(-0.4364, 0.5714) m, YZ_ref=(-0.4364, 0.5714) m, center_error_YZ_mm=(-0.378, 1.947), vx=-0.0000 m/s, Fx=-0.06 N, contact=True
[sac_runtime_controller-7] [INFO] [1786434525.697659542] [rl_hole_search_controller]: HOLDING: reset tool tilt=0.00 deg
[sac_runtime_controller-7] [INFO] [1786434526.835006856] [rl_hole_search_controller]: HOLDING: dx=-0.0003 m, depth=-0.0003 m, YZ=(-0.4381, 0.5718) m, YZ_ref=(-0.4364, 0.5714) m, center_error_YZ_mm=(-2.130, 2.361), vx=-0.0081 m/s, Fx=0.00 N, contact=False
[sac_runtime_controller-7] [INFO] [1786434527.967156561] [rl_hole_search_controller]: HOLDING: dx=-0.0001 m, depth=-0.0000 m, YZ=(-0.4373, 0.5721) m, YZ_ref=(-0.4364, 0.5714) m, center_error_YZ_mm=(-1.328, 2.612), vx=-0.0008 m/s, Fx=0.00 N, contact=True
[sac_runtime_controller-7] [INFO] [1786434529.081562089] [rl_hole_search_controller]: HOLDING: dx=-0.0006 m, depth=-0.0005 m, YZ=(-0.4386, 0.5721) m, YZ_ref=(-0.4364, 0.5714) m, center_error_YZ_mm=(-2.634, 2.642), vx=-0.0088 m/s, Fx=0.00 N, contact=False
[sac_runtime_controller-7] [INFO] [1786434530.216296530] [rl_hole_search_controller]: HOLDING: dx=-0.0010 m, depth=-0.0010 m, YZ=(-0.4397, 0.5715) m, YZ_ref=(-0.4364, 0.5714) m, center_error_YZ_mm=(-3.728, 2.002), vx=-0.0005 m/s, Fx=0.00 N, contact=False
[sac_runtime_controller-7] [INFO] [1786434531.344409853] [rl_hole_search_controller]: APPROACHING: ramping world-X contact force
[sac_runtime_controller-7] [INFO] [1786434531.351508587] [rl_hole_search_controller]: APPROACHING: dx=-0.0001 m, depth=-0.0001 m, YZ=(-0.4381, 0.5737) m, YZ_ref=(-0.4364, 0.5714) m, center_error_YZ_mm=(-2.168, 4.225), vx=0.0068 m/s, Fx=-0.13 N, contact=True
[sac_runtime_controller-7] [INFO] [1786434532.487108561] [rl_hole_search_controller]: APPROACHING: dx=0.0005 m, depth=0.0006 m, YZ=(-0.4363, 0.5715) m, YZ_ref=(-0.4364, 0.5714) m, center_error_YZ_mm=(-0.348, 1.993), vx=-0.0081 m/s, Fx=0.41 N, contact=True
[sac_runtime_controller-7] [INFO] [1786434532.697688550] [rl_hole_search_controller]: SEARCHING: contact at X=0.3244; YZ spiral started
[sac_runtime_controller-7] [INFO] [1786434533.565830989] [rl_hole_search_controller]: SEARCHING: dx=0.0006 m, depth=0.0006 m, YZ=(-0.4378, 0.5744) m, YZ_ref=(-0.4370, 0.5739) m, center_error_YZ_mm=(-1.824, 4.974), vx=-0.0008 m/s, Fx=0.35 N, contact=True
[sac_runtime_controller-7] [INFO] [1786434533.990034754] [rl_hole_search_controller]: RESETTING episode=9, dataset_index=8, offset_yz_mm=(0.108, -2.375)
[sac_runtime_controller-7] [INFO] [1786434533.993859271] [rl_hole_search_controller]: RESETTING: joint_error=0.0507 rad, joint_velocity=0.0583 rad/s
[sac_runtime_controller-7] [INFO] [1786434534.210791162] [rl_hole_search_controller]: RESETTING: 固定外边界板面及真实深方孔已重建，WORLD_HOLE_XYZ=(0.33220, -0.43775, 0.57144) m, HOLE_YZ_ref=(-0.4378, 0.5714) m
[sac_runtime_controller-7] [INFO] [1786434534.822269953] [rl_hole_search_controller]: RESET complete; starting original HOLDING state
[sac_runtime_controller-7] [INFO] [1786434534.826555172] [rl_hole_search_controller]: HOLDING: center=[ 0.32375635 -0.43636363  0.57141904]
[sac_runtime_controller-7] [INFO] [1786434534.828194580] [rl_hole_search_controller]: HOLDING: dx=0.0000 m, depth=0.0001 m, YZ=(-0.4364, 0.5714) m, YZ_ref=(-0.4364, 0.5714) m, center_error_YZ_mm=(1.387, -0.024), vx=0.0001 m/s, Fx=-0.06 N, contact=True
[sac_runtime_controller-7] [INFO] [1786434534.831210394] [rl_hole_search_controller]: HOLDING: reset tool tilt=0.01 deg
[sac_runtime_controller-7] [INFO] [1786434535.924050817] [rl_hole_search_controller]: HOLDING: dx=-0.0001 m, depth=-0.0001 m, YZ=(-0.4369, 0.5717) m, YZ_ref=(-0.4364, 0.5714) m, center_error_YZ_mm=(0.843, 0.248), vx=0.0020 m/s, Fx=-0.04 N, contact=True
[sac_runtime_controller-7] [INFO] [1786434537.001695998] [rl_hole_search_controller]: HOLDING: dx=0.0000 m, depth=0.0001 m, YZ=(-0.4361, 0.5710) m, YZ_ref=(-0.4364, 0.5714) m, center_error_YZ_mm=(1.660, -0.472), vx=-0.0032 m/s, Fx=-0.08 N, contact=True
[sac_runtime_controller-7] [INFO] [1786434538.091263449] [rl_hole_search_controller]: HOLDING: dx=-0.0002 m, depth=-0.0002 m, YZ=(-0.4358, 0.5708) m, YZ_ref=(-0.4364, 0.5714) m, center_error_YZ_mm=(1.930, -0.633), vx=0.0058 m/s, Fx=-0.12 N, contact=True
[sac_runtime_controller-7] [INFO] [1786434539.166081961] [rl_hole_search_controller]: HOLDING: dx=-0.0017 m, depth=-0.0017 m, YZ=(-0.4267, 0.5628) m, YZ_ref=(-0.4364, 0.5714) m, center_error_YZ_mm=(11.044, -8.627), vx=0.0477 m/s, Fx=0.00 N, contact=False
[sac_runtime_controller-7] [INFO] [1786434540.244351713] [rl_hole_search_controller]: APPROACHING: ramping world-X contact force
[sac_runtime_controller-7] [INFO] [1786434540.251822044] [rl_hole_search_controller]: APPROACHING: dx=-0.0012 m, depth=-0.0012 m, YZ=(-0.4409, 0.5752) m, YZ_ref=(-0.4364, 0.5714) m, center_error_YZ_mm=(-3.162, 3.751), vx=-0.0018 m/s, Fx=0.00 N, contact=False
[sac_runtime_controller-7] [INFO] [1786434541.356310327] [rl_hole_search_controller]: APPROACHING: dx=0.0004 m, depth=0.0005 m, YZ=(-0.4372, 0.5724) m, YZ_ref=(-0.4364, 0.5714) m, center_error_YZ_mm=(0.562, 0.934), vx=-0.0048 m/s, Fx=0.53 N, contact=True
[sac_runtime_controller-7] [INFO] [1786434541.592161695] [rl_hole_search_controller]: SEARCHING: contact at X=0.3246; YZ spiral started
[sac_runtime_controller-7] [INFO] [1786434541.767126713] [rl_hole_search_controller]: INSERTING: hole alignment/entry detected at 0.0005 m; centering YZ and inserting to 0.0170 m
[sac_runtime_controller-7] [INFO] [1786434541.769241022] [rl_hole_search_controller]: INSERTING handoff: HOLE_YZ_ref=(-0.4378, 0.5714) m, tool_YZ=(-0.4373, 0.5717) m, center_error_YZ_mm=(0.493, 0.295), tool_tilt=0.71 deg
[sac_runtime_controller-7] [INFO] [1786434542.432791216] [rl_hole_search_controller]: INSERTING: dx=0.0022 m, depth=0.0022 m, YZ=(-0.4366, 0.5716) m, YZ_ref=(-0.4378, 0.5714) m, center_error_YZ_mm=(1.173, 0.109), vx=0.0082 m/s, Fx=1.17 N, contact=False
[sac_runtime_controller-7] [INFO] [1786434543.541477762] [rl_hole_search_controller]: INSERTING: dx=0.0038 m, depth=0.0039 m, YZ=(-0.4371, 0.5717) m, YZ_ref=(-0.4378, 0.5714) m, center_error_YZ_mm=(0.660, 0.289), vx=-0.0014 m/s, Fx=1.17 N, contact=False
[sac_runtime_controller-7] [INFO] [1786434544.678286836] [rl_hole_search_controller]: INSERTING: dx=0.0058 m, depth=0.0058 m, YZ=(-0.4378, 0.5717) m, YZ_ref=(-0.4378, 0.5714) m, center_error_YZ_mm=(-0.008, 0.242), vx=-0.0118 m/s, Fx=1.23 N, contact=False
[sac_runtime_controller-7] [INFO] [1786434545.797645360] [rl_hole_search_controller]: INSERTING: dx=0.0079 m, depth=0.0079 m, YZ=(-0.4367, 0.5716) m, YZ_ref=(-0.4378, 0.5714) m, center_error_YZ_mm=(1.009, 0.174), vx=0.0064 m/s, Fx=1.17 N, contact=False
[sac_runtime_controller-7] [INFO] [1786434546.888117497] [rl_hole_search_controller]: INSERTING: dx=0.0102 m, depth=0.0103 m, YZ=(-0.4363, 0.5711) m, YZ_ref=(-0.4378, 0.5714) m, center_error_YZ_mm=(1.483, -0.375), vx=0.0063 m/s, Fx=1.18 N, contact=False
[sac_runtime_controller-7] [INFO] [1786434547.972154533] [rl_hole_search_controller]: INSERTING: dx=0.0114 m, depth=0.0114 m, YZ=(-0.4376, 0.5723) m, YZ_ref=(-0.4378, 0.5714) m, center_error_YZ_mm=(0.140, 0.854), vx=-0.0034 m/s, Fx=1.18 N, contact=False
[sac_runtime_controller-7] [INFO] [1786434549.029018793] [rl_hole_search_controller]: INSERTING: dx=0.0131 m, depth=0.0131 m, YZ=(-0.4380, 0.5729) m, YZ_ref=(-0.4378, 0.5714) m, center_error_YZ_mm=(-0.260, 1.476), vx=0.0104 m/s, Fx=1.21 N, contact=False
[sac_runtime_controller-7] [INFO] [1786434550.109604565] [rl_hole_search_controller]: INSERTING: dx=0.0150 m, depth=0.0151 m, YZ=(-0.4374, 0.5724) m, YZ_ref=(-0.4378, 0.5714) m, center_error_YZ_mm=(0.303, 0.992), vx=-0.0000 m/s, Fx=1.21 N, contact=False
[sac_runtime_controller-7] [INFO] [1786434551.169938290] [rl_hole_search_controller]: INSERTING: dx=0.0163 m, depth=0.0163 m, YZ=(-0.4368, 0.5713) m, YZ_ref=(-0.4378, 0.5714) m, center_error_YZ_mm=(0.923, -0.120), vx=0.0121 m/s, Fx=0.52 N, contact=False
[sac_runtime_controller-7] [INFO] [1786434552.231963752] [rl_hole_search_controller]: INSERTING: dx=0.0166 m, depth=0.0167 m, YZ=(-0.4371, 0.5713) m, YZ_ref=(-0.4378, 0.5714) m, center_error_YZ_mm=(0.652, -0.111), vx=-0.0047 m/s, Fx=0.31 N, contact=False
[sac_runtime_controller-7] [INFO] [1786434553.306355182] [rl_hole_search_controller]: INSERTING: dx=0.0170 m, depth=0.0170 m, YZ=(-0.4374, 0.5718) m, YZ_ref=(-0.4378, 0.5714) m, center_error_YZ_mm=(0.392, 0.347), vx=-0.0009 m/s, Fx=0.13 N, contact=False
[sac_runtime_controller-7] [INFO] [1786434554.372408510] [rl_hole_search_controller]: INSERTING: dx=0.0170 m, depth=0.0170 m, YZ=(-0.4374, 0.5716) m, YZ_ref=(-0.4378, 0.5714) m, center_error_YZ_mm=(0.339, 0.171), vx=0.0008 m/s, Fx=0.17 N, contact=False
[sac_runtime_controller-7] [INFO] [1786434554.398958096] [rl_hole_search_controller]: INSERT_HOLDING: target depth confirmed at 0.0170 m; joint velocity=0.029 rad/s; tool velocity=0.002 m/s; captured current joints and starting MIT-equivalent hold
[sac_runtime_controller-7] [INFO] [1786434555.452608013] [rl_hole_search_controller]: INSERT_HOLDING: MIT joint lock, dx=0.0169 m, depth=0.0170 m, YZ=(-0.4377, 0.5715) m, ramp=1.00, q_error_max=0.0004 rad, dq_max=0.0000 rad/s, tau_max=0.00 Nm, hold_force_max=0.03 N, tip_centered_YZ=True, contact=False
[sac_runtime_controller-7] [INFO] [1786434556.510630873] [rl_hole_search_controller]: INSERT_HOLDING: MIT joint lock, dx=0.0169 m, depth=0.0170 m, YZ=(-0.4377, 0.5715) m, ramp=1.00, q_error_max=0.0004 rad, dq_max=0.0000 rad/s, tau_max=0.00 Nm, hold_force_max=0.03 N, tip_centered_YZ=True, contact=False
[sac_runtime_controller-7] [INFO] [1786434556.533728146] [rl_hole_search_controller]: INSERT_HOLDING complete: physical geometry confirmed; depth=0.0170 m, tip_error_YZ_mm=(0.034, 0.028), entry_error_YZ_mm=(0.411, -0.147), tilt=1.41 deg; Episode is an assembly success
[sac_runtime_controller-7] [INFO] [1786434556.568082954] [rl_hole_search_controller]: RESETTING episode=10, dataset_index=9, offset_yz_mm=(-2.967, -0.523)
[sac_runtime_controller-7] [INFO] [1786434556.571955266] [rl_hole_search_controller]: RESETTING: joint_error=0.1648 rad, joint_velocity=0.0002 rad/s
[sac_runtime_controller-7] [INFO] [1786434556.963190296] [rl_hole_search_controller]: RESETTING: 固定外边界板面及真实深方孔已重建，WORLD_HOLE_XYZ=(0.33220, -0.43989, 0.57179) m, HOLE_YZ_ref=(-0.4399, 0.5718) m
[sac_runtime_controller-7] [INFO] [1786434557.400305245] [rl_hole_search_controller]: RESET complete; starting original HOLDING state
[sac_runtime_controller-7] [INFO] [1786434557.402910753] [rl_hole_search_controller]: HOLDING: center=[ 0.32378738 -0.43635594  0.57139165]
[sac_runtime_controller-7] [INFO] [1786434557.405742662] [rl_hole_search_controller]: HOLDING: reset tool tilt=0.01 deg
[sac_runtime_controller-7] [INFO] [1786434557.615351307] [rl_hole_search_controller]: HOLDING: dx=-0.0001 m, depth=-0.0001 m, YZ=(-0.4365, 0.5716) m, YZ_ref=(-0.4364, 0.5714) m, center_error_YZ_mm=(3.423, -0.159), vx=0.0053 m/s, Fx=-0.11 N, contact=True
[sac_runtime_controller-7] [INFO] [1786434558.683262753] [rl_hole_search_controller]: HOLDING: dx=-0.0002 m, depth=-0.0002 m, YZ=(-0.4368, 0.5710) m, YZ_ref=(-0.4364, 0.5714) m, center_error_YZ_mm=(3.117, -0.830), vx=-0.0055 m/s, Fx=0.00 N, contact=True
[sac_runtime_controller-7] [INFO] [1786434559.754777838] [rl_hole_search_controller]: HOLDING: dx=-0.0001 m, depth=-0.0000 m, YZ=(-0.4353, 0.5705) m, YZ_ref=(-0.4364, 0.5714) m, center_error_YZ_mm=(4.585, -1.270), vx=0.0016 m/s, Fx=-0.03 N, contact=True
[sac_runtime_controller-7] [INFO] [1786434560.799613474] [rl_hole_search_controller]: HOLDING: dx=-0.0005 m, depth=-0.0004 m, YZ=(-0.4366, 0.5691) m, YZ_ref=(-0.4364, 0.5714) m, center_error_YZ_mm=(3.247, -2.641), vx=0.0032 m/s, Fx=0.00 N, contact=False
[sac_runtime_controller-7] [INFO] [1786434561.849373856] [rl_hole_search_controller]: HOLDING: dx=0.0000 m, depth=0.0001 m, YZ=(-0.4360, 0.5709) m, YZ_ref=(-0.4364, 0.5714) m, center_error_YZ_mm=(3.899, -0.861), vx=-0.0005 m/s, Fx=-0.10 N, contact=True
[sac_runtime_controller-7] [INFO] [1786434562.703357527] [rl_hole_search_controller]: APPROACHING: ramping world-X contact force
[sac_runtime_controller-7] [INFO] [1786434562.909400497] [rl_hole_search_controller]: APPROACHING: dx=-0.0001 m, depth=-0.0000 m, YZ=(-0.4366, 0.5706) m, YZ_ref=(-0.4364, 0.5714) m, center_error_YZ_mm=(3.327, -1.196), vx=0.0004 m/s, Fx=0.19 N, contact=True
[sac_runtime_controller-7] [INFO] [1786434563.987471116] [rl_hole_search_controller]: APPROACHING: dx=0.0004 m, depth=0.0005 m, YZ=(-0.4362, 0.5704) m, YZ_ref=(-0.4364, 0.5714) m, center_error_YZ_mm=(3.659, -1.406), vx=0.0004 m/s, Fx=0.52 N, contact=True
[sac_runtime_controller-7] [INFO] [1786434563.999065647] [rl_hole_search_controller]: SEARCHING: contact at X=0.3241; YZ spiral started
[sac_runtime_controller-7] [INFO] [1786434565.147929973] [rl_hole_search_controller]: SEARCHING: dx=0.0004 m, depth=0.0005 m, YZ=(-0.4384, 0.5751) m, YZ_ref=(-0.4377, 0.5699) m, center_error_YZ_mm=(1.517, 3.324), vx=0.0034 m/s, Fx=0.44 N, contact=True
[sac_runtime_controller-7] [INFO] [1786434566.345053339] [rl_hole_search_controller]: SEARCHING: dx=0.0004 m, depth=0.0005 m, YZ=(-0.4342, 0.5679) m, YZ_ref=(-0.4385, 0.5667) m, center_error_YZ_mm=(5.736, -3.891), vx=0.0161 m/s, Fx=0.17 N, contact=True
[sac_runtime_controller-7] [INFO] [1786434566.870038960] [rl_hole_search_controller]: RESETTING episode=11, dataset_index=10, offset_yz_mm=(1.776, 0.860)
[sac_runtime_controller-7] [INFO] [1786434566.872636767] [rl_hole_search_controller]: RESETTING: joint_error=0.0396 rad, joint_velocity=0.0308 rad/s
[sac_runtime_controller-7] [INFO] [1786434567.099989833] [rl_hole_search_controller]: RESETTING: 固定外边界板面及真实深方孔已重建，WORLD_HOLE_XYZ=(0.33220, -0.43350, 0.57052) m, HOLE_YZ_ref=(-0.4335, 0.5705) m
[sac_runtime_controller-7] [INFO] [1786434567.759673653] [rl_hole_search_controller]: RESET complete; starting original HOLDING state
[sac_runtime_controller-7] [INFO] [1786434567.762890460] [rl_hole_search_controller]: HOLDING: center=[ 0.32375256 -0.43632976  0.57137202]
[sac_runtime_controller-7] [INFO] [1786434567.764773565] [rl_hole_search_controller]: HOLDING: dx=0.0000 m, depth=0.0001 m, YZ=(-0.4363, 0.5714) m, YZ_ref=(-0.4363, 0.5714) m, center_error_YZ_mm=(-2.828, 0.852), vx=-0.0000 m/s, Fx=-0.05 N, contact=True
[sac_runtime_controller-7] [INFO] [1786434567.766830870] [rl_hole_search_controller]: HOLDING: reset tool tilt=0.01 deg
[sac_runtime_controller-7] [INFO] [1786434568.923327853] [rl_hole_search_controller]: HOLDING: dx=-0.0003 m, depth=-0.0003 m, YZ=(-0.4391, 0.5741) m, YZ_ref=(-0.4363, 0.5714) m, center_error_YZ_mm=(-5.606, 3.543), vx=-0.0025 m/s, Fx=0.00 N, contact=False
[sac_runtime_controller-7] [INFO] [1786434570.042012562] [rl_hole_search_controller]: HOLDING: dx=-0.0001 m, depth=-0.0001 m, YZ=(-0.4379, 0.5730) m, YZ_ref=(-0.4363, 0.5714) m, center_error_YZ_mm=(-4.437, 2.515), vx=0.0045 m/s, Fx=-0.09 N, contact=True
[sac_runtime_controller-7] [INFO] [1786434571.133823233] [rl_hole_search_controller]: HOLDING: dx=0.0001 m, depth=0.0002 m, YZ=(-0.4354, 0.5702) m, YZ_ref=(-0.4363, 0.5714) m, center_error_YZ_mm=(-1.879, -0.295), vx=0.0042 m/s, Fx=-0.24 N, contact=True
[sac_runtime_controller-7] [INFO] [1786434572.271140629] [rl_hole_search_controller]: HOLDING: dx=0.0000 m, depth=0.0001 m, YZ=(-0.4358, 0.5698) m, YZ_ref=(-0.4363, 0.5714) m, center_error_YZ_mm=(-2.346, -0.704), vx=-0.0171 m/s, Fx=-0.10 N, contact=True
[sac_runtime_controller-7] [INFO] [1786434573.362198550] [rl_hole_search_controller]: APPROACHING: ramping world-X contact force
[sac_runtime_controller-7] [INFO] [1786434573.366739459] [rl_hole_search_controller]: APPROACHING: dx=-0.0008 m, depth=-0.0007 m, YZ=(-0.4389, 0.5727) m, YZ_ref=(-0.4363, 0.5714) m, center_error_YZ_mm=(-5.379, 2.158), vx=-0.0023 m/s, Fx=0.00 N, contact=False
[sac_runtime_controller-7] [INFO] [1786434574.451161993] [rl_hole_search_controller]: APPROACHING: dx=0.0003 m, depth=0.0004 m, YZ=(-0.4358, 0.5717) m, YZ_ref=(-0.4363, 0.5714) m, center_error_YZ_mm=(-2.340, 1.134), vx=0.0272 m/s, Fx=0.07 N, contact=True
[sac_runtime_controller-7] [INFO] [1786434574.735338969] [rl_hole_search_controller]: SEARCHING: contact at X=0.3242; YZ spiral started
[sac_runtime_controller-7] [INFO] [1786434575.533998253] [rl_hole_search_controller]: SEARCHING: dx=0.0008 m, depth=0.0009 m, YZ=(-0.4317, 0.5665) m, YZ_ref=(-0.4354, 0.5702) m, center_error_YZ_mm=(1.821, -4.052), vx=0.0001 m/s, Fx=0.11 N, contact=True
[sac_runtime_controller-7] [INFO] [1786434576.081304623] [rl_hole_search_controller]: INSERTING: hole alignment/entry detected at 0.0006 m; centering YZ and inserting to 0.0170 m
[sac_runtime_controller-7] [INFO] [1786434576.084916730] [rl_hole_search_controller]: INSERTING handoff: HOLE_YZ_ref=(-0.4335, 0.5705) m, tool_YZ=(-0.4336, 0.5701) m, center_error_YZ_mm=(-0.128, -0.448), tool_tilt=0.96 deg
[sac_runtime_controller-7] [INFO] [1786434576.615606841] [rl_hole_search_controller]: INSERTING: dx=0.0015 m, depth=0.0015 m, YZ=(-0.4329, 0.5709) m, YZ_ref=(-0.4335, 0.5705) m, center_error_YZ_mm=(0.614, 0.427), vx=0.0035 m/s, Fx=1.18 N, contact=False
[sac_runtime_controller-7] [INFO] [1786434577.667148301] [rl_hole_search_controller]: INSERTING: dx=0.0033 m, depth=0.0033 m, YZ=(-0.4342, 0.5712) m, YZ_ref=(-0.4335, 0.5705) m, center_error_YZ_mm=(-0.689, 0.638), vx=0.0011 m/s, Fx=1.21 N, contact=False
[sac_runtime_controller-7] [INFO] [1786434578.761447671] [rl_hole_search_controller]: INSERTING: dx=0.0055 m, depth=0.0055 m, YZ=(-0.4328, 0.5711) m, YZ_ref=(-0.4335, 0.5705) m, center_error_YZ_mm=(0.652, 0.547), vx=-0.0012 m/s, Fx=1.18 N, contact=False
[sac_runtime_controller-7] [INFO] [1786434579.871963496] [rl_hole_search_controller]: INSERTING: dx=0.0066 m, depth=0.0066 m, YZ=(-0.4302, 0.5683) m, YZ_ref=(-0.4335, 0.5705) m, center_error_YZ_mm=(3.300, -2.247), vx=-0.0466 m/s, Fx=1.34 N, contact=False
[sac_runtime_controller-7] [INFO] [1786434580.980657346] [rl_hole_search_controller]: INSERTING: dx=0.0082 m, depth=0.0082 m, YZ=(-0.4328, 0.5720) m, YZ_ref=(-0.4335, 0.5705) m, center_error_YZ_mm=(0.667, 1.527), vx=0.0239 m/s, Fx=1.16 N, contact=False
[sac_runtime_controller-7] [INFO] [1786434582.193883678] [rl_hole_search_controller]: INSERTING: dx=0.0091 m, depth=0.0092 m, YZ=(-0.4326, 0.5710) m, YZ_ref=(-0.4335, 0.5705) m, center_error_YZ_mm=(0.891, 0.501), vx=0.0078 m/s, Fx=1.15 N, contact=False
[sac_runtime_controller-7] [INFO] [1786434583.285321745] [rl_hole_search_controller]: INSERTING: dx=0.0104 m, depth=0.0105 m, YZ=(-0.4330, 0.5710) m, YZ_ref=(-0.4335, 0.5705) m, center_error_YZ_mm=(0.516, 0.517), vx=0.0028 m/s, Fx=1.19 N, contact=False
[sac_runtime_controller-7] [INFO] [1786434584.367802625] [rl_hole_search_controller]: INSERTING: dx=0.0122 m, depth=0.0122 m, YZ=(-0.4328, 0.5709) m, YZ_ref=(-0.4335, 0.5705) m, center_error_YZ_mm=(0.715, 0.388), vx=0.0047 m/s, Fx=1.16 N, contact=False
[sac_runtime_controller-7] [INFO] [1786434585.467910160] [rl_hole_search_controller]: INSERTING: dx=0.0140 m, depth=0.0140 m, YZ=(-0.4324, 0.5713) m, YZ_ref=(-0.4335, 0.5705) m, center_error_YZ_mm=(1.127, 0.780), vx=-0.0008 m/s, Fx=1.18 N, contact=False
[sac_runtime_controller-7] [INFO] [1786434586.551949703] [rl_hole_search_controller]: INSERTING: dx=0.0157 m, depth=0.0158 m, YZ=(-0.4335, 0.5708) m, YZ_ref=(-0.4335, 0.5705) m, center_error_YZ_mm=(0.044, 0.323), vx=-0.0036 m/s, Fx=0.89 N, contact=False
[sac_runtime_controller-7] [INFO] [1786434587.737246302] [rl_hole_search_controller]: INSERTING: dx=0.0164 m, depth=0.0165 m, YZ=(-0.4346, 0.5716) m, YZ_ref=(-0.4335, 0.5705) m, center_error_YZ_mm=(-1.108, 1.068), vx=0.0092 m/s, Fx=0.55 N, contact=False
[sac_runtime_controller-7] [INFO] [1786434588.821266099] [rl_hole_search_controller]: INSERTING: dx=0.0170 m, depth=0.0171 m, YZ=(-0.4335, 0.5707) m, YZ_ref=(-0.4335, 0.5705) m, center_error_YZ_mm=(0.020, 0.211), vx=-0.0012 m/s, Fx=0.18 N, contact=False
[sac_runtime_controller-7] [INFO] [1786434589.860093077] [rl_hole_search_controller]: INSERT_HOLDING: target depth confirmed at 0.0173 m; joint velocity=0.345 rad/s; tool velocity=0.013 m/s; captured current joints and starting MIT-equivalent hold
[sac_runtime_controller-7] [INFO] [1786434589.896148517] [rl_hole_search_controller]: INSERT_HOLDING: MIT joint lock, dx=0.0170 m, depth=0.0170 m, YZ=(-0.4336, 0.5706) m, ramp=0.10, q_error_max=0.0222 rad, dq_max=0.3005 rad/s, tau_max=0.58 Nm, hold_force_max=1.15 N, tip_centered_YZ=True, contact=False
[sac_runtime_controller-7] [INFO] [1786434591.039454738] [rl_hole_search_controller]: INSERT_HOLDING: MIT joint lock, dx=0.0172 m, depth=0.0172 m, YZ=(-0.4335, 0.5705) m, ramp=1.00, q_error_max=0.0006 rad, dq_max=0.0002 rad/s, tau_max=0.00 Nm, hold_force_max=0.04 N, tip_centered_YZ=True, contact=False
[sac_runtime_controller-7] [INFO] [1786434592.064676064] [rl_hole_search_controller]: INSERT_HOLDING complete: physical geometry confirmed; depth=0.0172 m, tip_error_YZ_mm=(0.036, -0.040), entry_error_YZ_mm=(0.161, 0.137), tilt=0.72 deg; Episode is an assembly success
[sac_runtime_controller-7] [INFO] [1786434592.077607376] [rl_hole_search_controller]: RESETTING episode=12, dataset_index=11, offset_yz_mm=(2.270, -2.395)
[sac_runtime_controller-7] [INFO] [1786434592.080821179] [rl_hole_search_controller]: RESETTING: joint_error=0.1580 rad, joint_velocity=0.0001 rad/s
[sac_runtime_controller-7] [INFO] [1786434592.481704058] [rl_hole_search_controller]: RESETTING: 固定外边界板面及真实深方孔已重建，WORLD_HOLE_XYZ=(0.33220, -0.43460, 0.56972) m, HOLE_YZ_ref=(-0.4346, 0.5697) m
[sac_runtime_controller-7] [INFO] [1786434592.883982439] [rl_hole_search_controller]: RESET complete; starting original HOLDING state
[sac_runtime_controller-7] [INFO] [1786434592.886061141] [rl_hole_search_controller]: HOLDING: center=[ 0.32378529 -0.43636173  0.57138372]
[sac_runtime_controller-7] [INFO] [1786434592.887663342] [rl_hole_search_controller]: HOLDING: dx=0.0000 m, depth=0.0001 m, YZ=(-0.4364, 0.5714) m, YZ_ref=(-0.4364, 0.5714) m, center_error_YZ_mm=(-1.762, 1.659), vx=-0.0003 m/s, Fx=-0.09 N, contact=True
[sac_runtime_controller-7] [INFO] [1786434592.889760645] [rl_hole_search_controller]: HOLDING: reset tool tilt=0.01 deg
[sac_runtime_controller-7] [INFO] [1786434593.945657288] [rl_hole_search_controller]: HOLDING: dx=-0.0004 m, depth=-0.0003 m, YZ=(-0.4387, 0.5735) m, YZ_ref=(-0.4364, 0.5714) m, center_error_YZ_mm=(-4.133, 3.753), vx=0.0127 m/s, Fx=0.00 N, contact=False
[sac_runtime_controller-7] [INFO] [1786434595.022010082] [rl_hole_search_controller]: HOLDING: dx=-0.0005 m, depth=-0.0004 m, YZ=(-0.4398, 0.5750) m, YZ_ref=(-0.4364, 0.5714) m, center_error_YZ_mm=(-5.235, 5.255), vx=-0.0057 m/s, Fx=0.00 N, contact=False
[sac_runtime_controller-7] [INFO] [1786434596.168127954] [rl_hole_search_controller]: HOLDING: dx=-0.0005 m, depth=-0.0005 m, YZ=(-0.4399, 0.5749) m, YZ_ref=(-0.4364, 0.5714) m, center_error_YZ_mm=(-5.285, 5.192), vx=0.0038 m/s, Fx=0.00 N, contact=False
[sac_runtime_controller-7] [INFO] [1786434597.264124518] [rl_hole_search_controller]: HOLDING: dx=-0.0003 m, depth=-0.0002 m, YZ=(-0.4382, 0.5724) m, YZ_ref=(-0.4364, 0.5714) m, center_error_YZ_mm=(-3.639, 2.668), vx=-0.0011 m/s, Fx=0.00 N, contact=True
[sac_runtime_controller-7] [INFO] [1786434598.342304701] [rl_hole_search_controller]: APPROACHING: ramping world-X contact force
[sac_runtime_controller-7] [INFO] [1786434598.348915606] [rl_hole_search_controller]: APPROACHING: dx=0.0001 m, depth=0.0001 m, YZ=(-0.4373, 0.5721) m, YZ_ref=(-0.4364, 0.5714) m, center_error_YZ_mm=(-2.739, 2.350), vx=-0.0014 m/s, Fx=-0.13 N, contact=True
[sac_runtime_controller-7] [INFO] [1786434599.416664016] [rl_hole_search_controller]: APPROACHING: dx=0.0003 m, depth=0.0004 m, YZ=(-0.4378, 0.5730) m, YZ_ref=(-0.4364, 0.5714) m, center_error_YZ_mm=(-3.162, 3.322), vx=-0.0020 m/s, Fx=0.63 N, contact=True
[sac_runtime_controller-7] [INFO] [1786434599.649088141] [rl_hole_search_controller]: SEARCHING: contact at X=0.3243; YZ spiral started
[sac_runtime_controller-7] [INFO] [1786434600.498920169] [rl_hole_search_controller]: SEARCHING: dx=0.0008 m, depth=0.0009 m, YZ=(-0.4382, 0.5747) m, YZ_ref=(-0.4380, 0.5737) m, center_error_YZ_mm=(-3.599, 5.006), vx=-0.0042 m/s, Fx=0.10 N, contact=True
[sac_runtime_controller-7] [INFO] [1786434601.284879428] [rl_hole_search_controller]: INSERTING: hole alignment/entry detected at 0.0013 m; centering YZ and inserting to 0.0170 m
[sac_runtime_controller-7] [INFO] [1786434601.288360430] [rl_hole_search_controller]: INSERTING handoff: HOLE_YZ_ref=(-0.4346, 0.5697) m, tool_YZ=(-0.4343, 0.5702) m, center_error_YZ_mm=(0.315, 0.434), tool_tilt=0.67 deg
[sac_runtime_controller-7] [INFO] [1786434601.547594339] [rl_hole_search_controller]: INSERTING: dx=0.0017 m, depth=0.0018 m, YZ=(-0.4341, 0.5702) m, YZ_ref=(-0.4346, 0.5697) m, center_error_YZ_mm=(0.537, 0.516), vx=0.0067 m/s, Fx=1.18 N, contact=False
[sac_runtime_controller-7] [INFO] [1786434602.625049356] [rl_hole_search_controller]: INSERTING: dx=0.0037 m, depth=0.0038 m, YZ=(-0.4338, 0.5700) m, YZ_ref=(-0.4346, 0.5697) m, center_error_YZ_mm=(0.785, 0.292), vx=0.0047 m/s, Fx=1.19 N, contact=False
[sac_runtime_controller-7] [INFO] [1786434603.686990702] [rl_hole_search_controller]: INSERTING: dx=0.0051 m, depth=0.0052 m, YZ=(-0.4344, 0.5702) m, YZ_ref=(-0.4346, 0.5697) m, center_error_YZ_mm=(0.237, 0.460), vx=0.0012 m/s, Fx=1.18 N, contact=False
[sac_runtime_controller-7] [INFO] [1786434604.753855184] [rl_hole_search_controller]: INSERTING: dx=0.0073 m, depth=0.0074 m, YZ=(-0.4338, 0.5703) m, YZ_ref=(-0.4346, 0.5697) m, center_error_YZ_mm=(0.821, 0.613), vx=0.0124 m/s, Fx=1.18 N, contact=False
[sac_runtime_controller-7] [INFO] [1786434605.825653602] [rl_hole_search_controller]: INSERTING: dx=0.0091 m, depth=0.0092 m, YZ=(-0.4340, 0.5700) m, YZ_ref=(-0.4346, 0.5697) m, center_error_YZ_mm=(0.553, 0.320), vx=0.0019 m/s, Fx=1.19 N, contact=False
[sac_runtime_controller-7] [INFO] [1786434606.894306753] [rl_hole_search_controller]: INSERTING: dx=0.0106 m, depth=0.0107 m, YZ=(-0.4340, 0.5704) m, YZ_ref=(-0.4346, 0.5697) m, center_error_YZ_mm=(0.568, 0.645), vx=-0.0004 m/s, Fx=1.19 N, contact=False
[sac_runtime_controller-7] [INFO] [1786434607.975205941] [rl_hole_search_controller]: INSERTING: dx=0.0122 m, depth=0.0123 m, YZ=(-0.4322, 0.5704) m, YZ_ref=(-0.4346, 0.5697) m, center_error_YZ_mm=(2.449, 0.644), vx=0.0285 m/s, Fx=1.17 N, contact=False
[sac_runtime_controller-7] [INFO] [1786434609.059110959] [rl_hole_search_controller]: INSERTING: dx=0.0122 m, depth=0.0123 m, YZ=(-0.4342, 0.5703) m, YZ_ref=(-0.4346, 0.5697) m, center_error_YZ_mm=(0.422, 0.555), vx=0.0169 m/s, Fx=1.20 N, contact=False
[sac_runtime_controller-7] [INFO] [1786434610.236790900] [rl_hole_search_controller]: INSERTING: dx=0.0126 m, depth=0.0127 m, YZ=(-0.4345, 0.5704) m, YZ_ref=(-0.4346, 0.5697) m, center_error_YZ_mm=(0.134, 0.639), vx=-0.0088 m/s, Fx=1.18 N, contact=False
[sac_runtime_controller-7] [INFO] [1786434611.294051982] [rl_hole_search_controller]: INSERTING: dx=0.0145 m, depth=0.0146 m, YZ=(-0.4335, 0.5701) m, YZ_ref=(-0.4346, 0.5697) m, center_error_YZ_mm=(1.108, 0.351), vx=-0.0155 m/s, Fx=1.19 N, contact=False
[sac_runtime_controller-7] [INFO] [1786434612.383302994] [rl_hole_search_controller]: INSERTING: dx=0.0153 m, depth=0.0154 m, YZ=(-0.4346, 0.5705) m, YZ_ref=(-0.4346, 0.5697) m, center_error_YZ_mm=(0.020, 0.750), vx=-0.0113 m/s, Fx=1.09 N, contact=False
[sac_runtime_controller-7] [INFO] [1786434613.447489246] [rl_hole_search_controller]: INSERTING: dx=0.0165 m, depth=0.0166 m, YZ=(-0.4344, 0.5704) m, YZ_ref=(-0.4346, 0.5697) m, center_error_YZ_mm=(0.211, 0.650), vx=0.0198 m/s, Fx=0.41 N, contact=False
[sac_runtime_controller-7] [INFO] [1786434614.562161719] [rl_hole_search_controller]: INSERTING: dx=0.0156 m, depth=0.0157 m, YZ=(-0.4337, 0.5638) m, YZ_ref=(-0.4346, 0.5697) m, center_error_YZ_mm=(0.853, -5.934), vx=-0.0800 m/s, Fx=1.23 N, contact=False
[sac_runtime_controller-7] [INFO] [1786434615.786897579] [rl_hole_search_controller]: INSERTING: dx=0.0172 m, depth=0.0172 m, YZ=(-0.4355, 0.5702) m, YZ_ref=(-0.4346, 0.5697) m, center_error_YZ_mm=(-0.905, 0.510), vx=-0.0050 m/s, Fx=0.04 N, contact=False
[sac_runtime_controller-7] [INFO] [1786434616.855766025] [rl_hole_search_controller]: INSERTING: dx=0.0174 m, depth=0.0175 m, YZ=(-0.4341, 0.5693) m, YZ_ref=(-0.4346, 0.5697) m, center_error_YZ_mm=(0.468, -0.408), vx=0.0129 m/s, Fx=-0.06 N, contact=False
[sac_runtime_controller-7] [INFO] [1786434617.951853995] [rl_hole_search_controller]: INSERTING: dx=0.0172 m, depth=0.0173 m, YZ=(-0.4343, 0.5695) m, YZ_ref=(-0.4346, 0.5697) m, center_error_YZ_mm=(0.296, -0.211), vx=-0.0130 m/s, Fx=-0.01 N, contact=False
[sac_runtime_controller-7] [INFO] [1786434618.013665664] [rl_hole_search_controller]: INSERT_HOLDING: target depth confirmed at 0.0173 m; joint velocity=0.051 rad/s; tool velocity=0.002 m/s; captured current joints and starting MIT-equivalent hold
[sac_runtime_controller-7] [INFO] [1786434619.119079353] [rl_hole_search_controller]: INSERT_HOLDING: MIT joint lock, dx=0.0171 m, depth=0.0172 m, YZ=(-0.4345, 0.5697) m, ramp=1.00, q_error_max=0.0007 rad, dq_max=0.0001 rad/s, tau_max=0.00 Nm, hold_force_max=0.06 N, tip_centered_YZ=True, contact=False
[sac_runtime_controller-7] [INFO] [1786434620.262959448] [rl_hole_search_controller]: INSERT_HOLDING: MIT joint lock, dx=0.0171 m, depth=0.0172 m, YZ=(-0.4345, 0.5697) m, ramp=1.00, q_error_max=0.0007 rad, dq_max=0.0000 rad/s, tau_max=0.00 Nm, hold_force_max=0.06 N, tip_centered_YZ=True, contact=False
[sac_runtime_controller-7] [WARN] [1786434620.332203302] [rl_hole_search_controller]: INSERT_HOLDING failed physical geometry check: depth=0.0172 m, tip_error_YZ_mm=(0.063, 0.022), entry_error_YZ_mm=(-0.899, 0.259), tilt=3.31 deg; Episode will reset
[sac_runtime_controller-7] [INFO] [1786434620.369910877] [rl_hole_search_controller]: RESETTING episode=13, dataset_index=12, offset_yz_mm=(-0.022, -1.054)
[sac_runtime_controller-7] [INFO] [1786434620.372851375] [rl_hole_search_controller]: RESETTING: joint_error=0.1955 rad, joint_velocity=0.0004 rad/s
[sac_runtime_controller-7] [INFO] [1786434620.851418960] [rl_hole_search_controller]: RESETTING: 固定外边界板面及真实深方孔已重建，WORLD_HOLE_XYZ=(0.33220, -0.43626, 0.57129) m, HOLE_YZ_ref=(-0.4363, 0.5713) m
[sac_runtime_controller-7] [INFO] [1786434621.447695243] [rl_hole_search_controller]: RESET complete; starting original HOLDING state
[sac_runtime_controller-7] [INFO] [1786434621.452283540] [rl_hole_search_controller]: HOLDING: center=[ 0.32379101 -0.43629315  0.57140588]
[sac_runtime_controller-7] [INFO] [1786434621.457890635] [rl_hole_search_controller]: HOLDING: reset tool tilt=0.03 deg
[sac_runtime_controller-7] [INFO] [1786434621.640372905] [rl_hole_search_controller]: HOLDING: dx=0.0000 m, depth=0.0001 m, YZ=(-0.4350, 0.5700) m, YZ_ref=(-0.4363, 0.5714) m, center_error_YZ_mm=(1.226, -1.257), vx=0.0066 m/s, Fx=-0.26 N, contact=True
[sac_runtime_controller-7] [INFO] [1786434622.864117782] [rl_hole_search_controller]: HOLDING: dx=-0.0002 m, depth=-0.0001 m, YZ=(-0.4361, 0.5702) m, YZ_ref=(-0.4363, 0.5714) m, center_error_YZ_mm=(0.128, -1.110), vx=-0.0058 m/s, Fx=0.00 N, contact=True
[sac_runtime_controller-7] [INFO] [1786434624.039025317] [rl_hole_search_controller]: HOLDING: dx=0.0001 m, depth=0.0002 m, YZ=(-0.4338, 0.5691) m, YZ_ref=(-0.4363, 0.5714) m, center_error_YZ_mm=(2.458, -2.205), vx=0.0054 m/s, Fx=-0.31 N, contact=True
[sac_runtime_controller-7] [INFO] [1786434625.321839870] [rl_hole_search_controller]: HOLDING: dx=0.0002 m, depth=0.0003 m, YZ=(-0.4333, 0.5705) m, YZ_ref=(-0.4363, 0.5714) m, center_error_YZ_mm=(2.997, -0.805), vx=0.0405 m/s, Fx=-1.12 N, contact=True
[sac_runtime_controller-7] [INFO] [1786434626.398069840] [rl_hole_search_controller]: HOLDING: dx=-0.0003 m, depth=-0.0002 m, YZ=(-0.4359, 0.5712) m, YZ_ref=(-0.4363, 0.5714) m, center_error_YZ_mm=(0.371, -0.130), vx=0.0025 m/s, Fx=0.00 N, contact=False
[sac_runtime_controller-7] [INFO] [1786434627.437042086] [rl_hole_search_controller]: APPROACHING: ramping world-X contact force
[sac_runtime_controller-7] [INFO] [1786434627.625022590] [rl_hole_search_controller]: APPROACHING: dx=-0.0007 m, depth=-0.0006 m, YZ=(-0.4398, 0.5736) m, YZ_ref=(-0.4363, 0.5714) m, center_error_YZ_mm=(-3.515, 2.297), vx=-0.0002 m/s, Fx=0.15 N, contact=False
[sac_runtime_controller-7] [INFO] [1786434628.721911403] [rl_hole_search_controller]: APPROACHING: dx=0.0008 m, depth=0.0008 m, YZ=(-0.4353, 0.5717) m, YZ_ref=(-0.4363, 0.5714) m, center_error_YZ_mm=(0.926, 0.393), vx=-0.0051 m/s, Fx=0.15 N, contact=True
[sac_runtime_controller-7] [INFO] [1786434628.783188436] [rl_hole_search_controller]: SEARCHING: contact at X=0.3245; YZ spiral started
[sac_runtime_controller-7] [INFO] [1786434628.820264995] [rl_hole_search_controller]: INSERTING: hole alignment/entry detected at 0.0008 m; centering YZ and inserting to 0.0170 m
[sac_runtime_controller-7] [INFO] [1786434628.823276692] [rl_hole_search_controller]: INSERTING handoff: HOLE_YZ_ref=(-0.4363, 0.5713) m, tool_YZ=(-0.4358, 0.5715) m, center_error_YZ_mm=(0.468, 0.166), tool_tilt=0.22 deg
[sac_runtime_controller-7] [INFO] [1786434629.845252019] [rl_hole_search_controller]: INSERTING: dx=0.0029 m, depth=0.0030 m, YZ=(-0.4364, 0.5726) m, YZ_ref=(-0.4363, 0.5713) m, center_error_YZ_mm=(-0.173, 1.304), vx=0.0022 m/s, Fx=1.17 N, contact=False
[sac_runtime_controller-7] [INFO] [1786434630.934839407] [rl_hole_search_controller]: INSERTING: dx=0.0049 m, depth=0.0050 m, YZ=(-0.4353, 0.5713) m, YZ_ref=(-0.4363, 0.5713) m, center_error_YZ_mm=(0.950, 0.035), vx=0.0024 m/s, Fx=1.16 N, contact=False
[sac_runtime_controller-7] [INFO] [1786434631.983120484] [rl_hole_search_controller]: INSERTING: dx=0.0064 m, depth=0.0065 m, YZ=(-0.4356, 0.5713) m, YZ_ref=(-0.4363, 0.5713) m, center_error_YZ_mm=(0.688, -0.011), vx=0.0011 m/s, Fx=1.20 N, contact=False
[sac_runtime_controller-7] [INFO] [1786434633.145923641] [rl_hole_search_controller]: INSERTING: dx=0.0086 m, depth=0.0087 m, YZ=(-0.4354, 0.5714) m, YZ_ref=(-0.4363, 0.5713) m, center_error_YZ_mm=(0.869, 0.081), vx=-0.0026 m/s, Fx=1.18 N, contact=False
[sac_runtime_controller-7] [INFO] [1786434634.282665762] [rl_hole_search_controller]: INSERTING: dx=0.0100 m, depth=0.0101 m, YZ=(-0.4359, 0.5714) m, YZ_ref=(-0.4363, 0.5713) m, center_error_YZ_mm=(0.349, 0.104), vx=-0.0044 m/s, Fx=1.18 N, contact=False
[sac_runtime_controller-7] [INFO] [1786434635.419708615] [rl_hole_search_controller]: INSERTING: dx=0.0132 m, depth=0.0132 m, YZ=(-0.4357, 0.5716) m, YZ_ref=(-0.4363, 0.5713) m, center_error_YZ_mm=(0.597, 0.298), vx=0.0016 m/s, Fx=1.16 N, contact=False
[sac_runtime_controller-7] [INFO] [1786434636.504722879] [rl_hole_search_controller]: INSERTING: dx=0.0146 m, depth=0.0147 m, YZ=(-0.4345, 0.5698) m, YZ_ref=(-0.4363, 0.5713) m, center_error_YZ_mm=(1.807, -1.466), vx=0.0023 m/s, Fx=1.17 N, contact=False
[sac_runtime_controller-7] [INFO] [1786434637.657297772] [rl_hole_search_controller]: INSERTING: dx=0.0161 m, depth=0.0162 m, YZ=(-0.4372, 0.5766) m, YZ_ref=(-0.4363, 0.5713) m, center_error_YZ_mm=(-0.976, 5.343), vx=0.0544 m/s, Fx=0.63 N, contact=False
[sac_runtime_controller-7] [INFO] [1786434638.787763930] [rl_hole_search_controller]: INSERTING: dx=0.0167 m, depth=0.0168 m, YZ=(-0.4355, 0.5711) m, YZ_ref=(-0.4363, 0.5713) m, center_error_YZ_mm=(0.787, -0.149), vx=-0.0019 m/s, Fx=0.30 N, contact=False
[sac_runtime_controller-7] [INFO] [1786434639.991959396] [rl_hole_search_controller]: INSERTING: dx=0.0172 m, depth=0.0173 m, YZ=(-0.4364, 0.5748) m, YZ_ref=(-0.4363, 0.5713) m, center_error_YZ_mm=(-0.161, 3.519), vx=0.0701 m/s, Fx=-0.29 N, contact=False
[sac_runtime_controller-7] [INFO] [1786434641.185266095] [rl_hole_search_controller]: INSERTING: dx=0.0161 m, depth=0.0162 m, YZ=(-0.4342, 0.5687) m, YZ_ref=(-0.4363, 0.5713) m, center_error_YZ_mm=(2.043, -2.547), vx=-0.0384 m/s, Fx=0.62 N, contact=False
[sac_runtime_controller-7] [INFO] [1786434642.362490450] [rl_hole_search_controller]: INSERTING: dx=0.0158 m, depth=0.0159 m, YZ=(-0.4334, 0.5668) m, YZ_ref=(-0.4363, 0.5713) m, center_error_YZ_mm=(2.812, -4.450), vx=-0.0655 m/s, Fx=1.33 N, contact=False
[sac_runtime_controller-7] [INFO] [1786434643.530900849] [rl_hole_search_controller]: INSERTING: dx=0.0180 m, depth=0.0181 m, YZ=(-0.4358, 0.5709) m, YZ_ref=(-0.4363, 0.5713) m, center_error_YZ_mm=(0.508, -0.344), vx=-0.0011 m/s, Fx=-0.49 N, contact=False
[sac_runtime_controller-7] [INFO] [1786434644.716445942] [rl_hole_search_controller]: INSERTING: dx=0.0172 m, depth=0.0173 m, YZ=(-0.4359, 0.5706) m, YZ_ref=(-0.4363, 0.5713) m, center_error_YZ_mm=(0.333, -0.669), vx=-0.0364 m/s, Fx=0.19 N, contact=False
[sac_runtime_controller-7] [INFO] [1786434646.036165691] [rl_hole_search_controller]: INSERTING: dx=0.0174 m, depth=0.0175 m, YZ=(-0.4359, 0.5714) m, YZ_ref=(-0.4363, 0.5713) m, center_error_YZ_mm=(0.398, 0.076), vx=0.0080 m/s, Fx=-0.25 N, contact=False
[sac_runtime_controller-7] [INFO] [1786434647.236126493] [rl_hole_search_controller]: INSERTING: dx=0.0170 m, depth=0.0171 m, YZ=(-0.4361, 0.5717) m, YZ_ref=(-0.4363, 0.5713) m, center_error_YZ_mm=(0.131, 0.407), vx=-0.0070 m/s, Fx=0.14 N, contact=False
[sac_runtime_controller-7] [INFO] [1786434648.453331781] [rl_hole_search_controller]: INSERTING: dx=0.0167 m, depth=0.0168 m, YZ=(-0.4361, 0.5685) m, YZ_ref=(-0.4363, 0.5713) m, center_error_YZ_mm=(0.171, -2.776), vx=0.0284 m/s, Fx=0.37 N, contact=False
[sac_runtime_controller-7] [INFO] [1786434649.682298366] [rl_hole_search_controller]: INSERTING: dx=0.0178 m, depth=0.0179 m, YZ=(-0.4368, 0.5782) m, YZ_ref=(-0.4363, 0.5713) m, center_error_YZ_mm=(-0.513, 6.909), vx=0.1574 m/s, Fx=-0.01 N, contact=False
[sac_runtime_controller-7] [INFO] [1786434650.943382705] [rl_hole_search_controller]: INSERTING: dx=0.0171 m, depth=0.0172 m, YZ=(-0.4369, 0.5715) m, YZ_ref=(-0.4363, 0.5713) m, center_error_YZ_mm=(-0.638, 0.211), vx=-0.0221 m/s, Fx=0.23 N, contact=False
[sac_runtime_controller-7] [INFO] [1786434651.342002076] [rl_hole_search_controller]: INSERT_HOLDING: target depth confirmed at 0.0173 m; joint velocity=0.224 rad/s; tool velocity=0.011 m/s; captured current joints and starting MIT-equivalent hold
[sac_runtime_controller-7] [INFO] [1786434652.160099656] [rl_hole_search_controller]: INSERT_HOLDING: MIT joint lock, dx=0.0171 m, depth=0.0172 m, YZ=(-0.4363, 0.5713) m, ramp=1.00, q_error_max=0.0003 rad, dq_max=0.0031 rad/s, tau_max=0.00 Nm, hold_force_max=0.04 N, tip_centered_YZ=True, contact=False
[sac_runtime_controller-7] [INFO] [1786434653.233142981] [rl_hole_search_controller]: INSERT_HOLDING: MIT joint lock, dx=0.0171 m, depth=0.0172 m, YZ=(-0.4363, 0.5713) m, ramp=1.00, q_error_max=0.0003 rad, dq_max=0.0000 rad/s, tau_max=0.00 Nm, hold_force_max=0.04 N, tip_centered_YZ=True, contact=False
[sac_runtime_controller-7] [INFO] [1786434653.611357358] [rl_hole_search_controller]: INSERT_HOLDING complete: physical geometry confirmed; depth=0.0172 m, tip_error_YZ_mm=(-0.018, 0.012), entry_error_YZ_mm=(-0.281, 0.208), tilt=1.09 deg; Episode is an assembly success
[sac_runtime_controller-7] [INFO] [1786434653.649762864] [rl_hole_search_controller]: RESETTING episode=14, dataset_index=13, offset_yz_mm=(-0.771, 2.542)
[sac_runtime_controller-7] [INFO] [1786434653.652584757] [rl_hole_search_controller]: RESETTING: joint_error=0.1802 rad, joint_velocity=0.0002 rad/s
[sac_runtime_controller-7] [INFO] [1786434654.137378166] [rl_hole_search_controller]: RESETTING: 固定外边界板面及真实深方孔已重建，WORLD_HOLE_XYZ=(0.33220, -0.43729, 0.57467) m, HOLE_YZ_ref=(-0.4373, 0.5747) m
[sac_runtime_controller-7] [INFO] [1786434654.655124075] [rl_hole_search_controller]: RESET complete; starting original HOLDING state
[sac_runtime_controller-7] [INFO] [1786434654.660344963] [rl_hole_search_controller]: HOLDING: center=[ 0.32378968 -0.43633063  0.57140434]
[sac_runtime_controller-7] [INFO] [1786434654.663742154] [rl_hole_search_controller]: HOLDING: dx=0.0000 m, depth=0.0001 m, YZ=(-0.4363, 0.5714) m, YZ_ref=(-0.4363, 0.5714) m, center_error_YZ_mm=(0.961, -3.269), vx=-0.0003 m/s, Fx=-0.09 N, contact=True
[sac_runtime_controller-7] [INFO] [1786434654.667029346] [rl_hole_search_controller]: HOLDING: reset tool tilt=0.01 deg
[sac_runtime_controller-7] [INFO] [1786434655.816371038] [rl_hole_search_controller]: HOLDING: dx=-0.0006 m, depth=-0.0005 m, YZ=(-0.4399, 0.5744) m, YZ_ref=(-0.4363, 0.5714) m, center_error_YZ_mm=(-2.610, -0.274), vx=-0.0026 m/s, Fx=0.00 N, contact=False
[sac_runtime_controller-7] [INFO] [1786434656.924893368] [rl_hole_search_controller]: HOLDING: dx=0.0001 m, depth=0.0002 m, YZ=(-0.4363, 0.5703) m, YZ_ref=(-0.4363, 0.5714) m, center_error_YZ_mm=(1.029, -4.329), vx=-0.0055 m/s, Fx=-0.18 N, contact=True
[sac_runtime_controller-7] [INFO] [1786434658.089181284] [rl_hole_search_controller]: HOLDING: dx=0.0000 m, depth=0.0001 m, YZ=(-0.4357, 0.5701) m, YZ_ref=(-0.4363, 0.5714) m, center_error_YZ_mm=(1.612, -4.617), vx=0.0047 m/s, Fx=-0.22 N, contact=True
[sac_runtime_controller-7] [INFO] [1786434659.127020274] [rl_hole_search_controller]: HOLDING: dx=-0.0006 m, depth=-0.0006 m, YZ=(-0.4390, 0.5715) m, YZ_ref=(-0.4363, 0.5714) m, center_error_YZ_mm=(-1.699, -3.206), vx=-0.0046 m/s, Fx=0.00 N, contact=False
[sac_runtime_controller-7] [INFO] [1786434660.176325076] [rl_hole_search_controller]: APPROACHING: ramping world-X contact force
[sac_runtime_controller-7] [INFO] [1786434660.178193571] [rl_hole_search_controller]: APPROACHING: dx=0.0001 m, depth=0.0002 m, YZ=(-0.4351, 0.5707) m, YZ_ref=(-0.4363, 0.5714) m, center_error_YZ_mm=(2.153, -3.954), vx=0.0070 m/s, Fx=-0.32 N, contact=True
[sac_runtime_controller-7] [INFO] [1786434661.220314038] [rl_hole_search_controller]: APPROACHING: dx=0.0009 m, depth=0.0010 m, YZ=(-0.4303, 0.5693) m, YZ_ref=(-0.4363, 0.5714) m, center_error_YZ_mm=(6.967, -5.361), vx=0.0119 m/s, Fx=-0.22 N, contact=True
[sac_runtime_controller-7] [INFO] [1786434661.460303853] [rl_hole_search_controller]: SEARCHING: contact at X=0.3246; YZ spiral started
[sac_runtime_controller-7] [INFO] [1786434662.382720500] [rl_hole_search_controller]: SEARCHING: dx=0.0011 m, depth=0.0011 m, YZ=(-0.4300, 0.5694) m, YZ_ref=(-0.4298, 0.5683) m, center_error_YZ_mm=(7.293, -5.249), vx=-0.0057 m/s, Fx=-0.14 N, contact=True
[sac_runtime_controller-7] [INFO] [1786434663.482048378] [rl_hole_search_controller]: SEARCHING: dx=0.0008 m, depth=0.0009 m, YZ=(-0.4328, 0.5705) m, YZ_ref=(-0.4311, 0.5694) m, center_error_YZ_mm=(4.499, -4.179), vx=0.0036 m/s, Fx=0.08 N, contact=True
[sac_runtime_controller-7] [INFO] [1786434664.692963061] [rl_hole_search_controller]: SEARCHING: dx=0.0007 m, depth=0.0008 m, YZ=(-0.4350, 0.5735) m, YZ_ref=(-0.4318, 0.5692) m, center_error_YZ_mm=(2.260, -1.142), vx=0.0122 m/s, Fx=-0.02 N, contact=True
[sac_runtime_controller-7] [INFO] [1786434665.910357049] [rl_hole_search_controller]: SEARCHING: dx=0.0011 m, depth=0.0012 m, YZ=(-0.4321, 0.5704) m, YZ_ref=(-0.4320, 0.5696) m, center_error_YZ_mm=(5.193, -4.241), vx=-0.0024 m/s, Fx=-0.18 N, contact=True
[sac_runtime_controller-7] [INFO] [1786434666.846680238] [rl_hole_search_controller]: INSERTING: hole alignment/entry detected at 0.0006 m; centering YZ and inserting to 0.0170 m
[sac_runtime_controller-7] [INFO] [1786434666.850074728] [rl_hole_search_controller]: INSERTING handoff: HOLE_YZ_ref=(-0.4373, 0.5747) m, tool_YZ=(-0.4371, 0.5744) m, center_error_YZ_mm=(0.214, -0.266), tool_tilt=1.20 deg
[sac_runtime_controller-7] [INFO] [1786434667.118604986] [rl_hole_search_controller]: INSERTING: dx=0.0010 m, depth=0.0011 m, YZ=(-0.4369, 0.5746) m, YZ_ref=(-0.4373, 0.5747) m, center_error_YZ_mm=(0.359, -0.038), vx=0.0001 m/s, Fx=1.19 N, contact=False
[sac_runtime_controller-7] [INFO] [1786434668.212911913] [rl_hole_search_controller]: INSERTING: dx=0.0035 m, depth=0.0036 m, YZ=(-0.4370, 0.5749) m, YZ_ref=(-0.4373, 0.5747) m, center_error_YZ_mm=(0.258, 0.209), vx=-0.0081 m/s, Fx=1.20 N, contact=False
[sac_runtime_controller-7] [INFO] [1786434669.296411316] [rl_hole_search_controller]: INSERTING: dx=0.0055 m, depth=0.0056 m, YZ=(-0.4362, 0.5742) m, YZ_ref=(-0.4373, 0.5747) m, center_error_YZ_mm=(1.115, -0.432), vx=-0.0085 m/s, Fx=1.18 N, contact=False
[sac_runtime_controller-7] [INFO] [1786434670.370748490] [rl_hole_search_controller]: INSERTING: dx=0.0070 m, depth=0.0071 m, YZ=(-0.4363, 0.5750) m, YZ_ref=(-0.4373, 0.5747) m, center_error_YZ_mm=(1.024, 0.317), vx=0.0063 m/s, Fx=1.21 N, contact=False
[sac_runtime_controller-7] [INFO] [1786434671.431863650] [rl_hole_search_controller]: INSERTING: dx=0.0082 m, depth=0.0083 m, YZ=(-0.4357, 0.5753) m, YZ_ref=(-0.4373, 0.5747) m, center_error_YZ_mm=(1.590, 0.598), vx=0.0021 m/s, Fx=1.18 N, contact=False
[sac_runtime_controller-7] [INFO] [1786434672.508057402] [rl_hole_search_controller]: INSERTING: dx=0.0094 m, depth=0.0094 m, YZ=(-0.4365, 0.5754) m, YZ_ref=(-0.4373, 0.5747) m, center_error_YZ_mm=(0.775, 0.684), vx=-0.0089 m/s, Fx=1.20 N, contact=False
[sac_runtime_controller-7] [INFO] [1786434673.581457109] [rl_hole_search_controller]: INSERTING: dx=0.0099 m, depth=0.0100 m, YZ=(-0.4355, 0.5745) m, YZ_ref=(-0.4373, 0.5747) m, center_error_YZ_mm=(1.783, -0.191), vx=-0.0151 m/s, Fx=1.16 N, contact=False
[sac_runtime_controller-7] [INFO] [1786434674.708619465] [rl_hole_search_controller]: INSERTING: dx=0.0106 m, depth=0.0107 m, YZ=(-0.4362, 0.5756) m, YZ_ref=(-0.4373, 0.5747) m, center_error_YZ_mm=(1.140, 0.957), vx=0.0166 m/s, Fx=1.16 N, contact=False
[sac_runtime_controller-7] [INFO] [1786434675.763585517] [rl_hole_search_controller]: INSERTING: dx=0.0127 m, depth=0.0128 m, YZ=(-0.4368, 0.5747) m, YZ_ref=(-0.4373, 0.5747) m, center_error_YZ_mm=(0.462, 0.007), vx=-0.0082 m/s, Fx=1.19 N, contact=False
[sac_runtime_controller-7] [INFO] [1786434676.839185339] [rl_hole_search_controller]: INSERTING: dx=0.0157 m, depth=0.0158 m, YZ=(-0.4366, 0.5751) m, YZ_ref=(-0.4373, 0.5747) m, center_error_YZ_mm=(0.672, 0.387), vx=0.0068 m/s, Fx=0.81 N, contact=False
[sac_runtime_controller-7] [INFO] [1786434678.098440524] [rl_hole_search_controller]: INSERTING: dx=0.0163 m, depth=0.0164 m, YZ=(-0.4371, 0.5740) m, YZ_ref=(-0.4373, 0.5747) m, center_error_YZ_mm=(0.165, -0.722), vx=-0.0149 m/s, Fx=0.71 N, contact=False
[sac_runtime_controller-7] [INFO] [1786434679.328170037] [rl_hole_search_controller]: INSERTING: dx=0.0168 m, depth=0.0169 m, YZ=(-0.4379, 0.5753) m, YZ_ref=(-0.4373, 0.5747) m, center_error_YZ_mm=(-0.607, 0.664), vx=0.0049 m/s, Fx=0.29 N, contact=False
[sac_runtime_controller-7] [INFO] [1786434680.417492514] [rl_hole_search_controller]: INSERTING: dx=0.0172 m, depth=0.0173 m, YZ=(-0.4372, 0.5746) m, YZ_ref=(-0.4373, 0.5747) m, center_error_YZ_mm=(0.118, -0.115), vx=-0.0047 m/s, Fx=-0.00 N, contact=False
[sac_runtime_controller-7] [INFO] [1786434680.721799053] [rl_hole_search_controller]: INSERT_HOLDING: target depth confirmed at 0.0171 m; joint velocity=0.096 rad/s; tool velocity=0.006 m/s; captured current joints and starting MIT-equivalent hold
[sac_runtime_controller-7] [INFO] [1786434681.609126236] [rl_hole_search_controller]: INSERT_HOLDING: MIT joint lock, dx=0.0170 m, depth=0.0171 m, YZ=(-0.4373, 0.5747) m, ramp=1.00, q_error_max=0.0002 rad, dq_max=0.0005 rad/s, tau_max=0.00 Nm, hold_force_max=0.02 N, tip_centered_YZ=True, contact=False
[sac_runtime_controller-7] [INFO] [1786434682.752793477] [rl_hole_search_controller]: INSERT_HOLDING: MIT joint lock, dx=0.0170 m, depth=0.0171 m, YZ=(-0.4373, 0.5747) m, ramp=1.00, q_error_max=0.0002 rad, dq_max=0.0000 rad/s, tau_max=0.00 Nm, hold_force_max=0.02 N, tip_centered_YZ=True, contact=False
[sac_runtime_controller-7] [INFO] [1786434683.067564542] [rl_hole_search_controller]: INSERT_HOLDING complete: physical geometry confirmed; depth=0.0171 m, tip_error_YZ_mm=(0.022, -0.007), entry_error_YZ_mm=(-0.034, 0.164), tilt=0.60 deg; Episode is an assembly success
[sac_runtime_controller-7] [INFO] [1786434683.113324260] [rl_hole_search_controller]: RESETTING episode=15, dataset_index=14, offset_yz_mm=(2.344, 2.358)
[sac_runtime_controller-7] [INFO] [1786434683.116007949] [rl_hole_search_controller]: RESETTING: joint_error=0.1763 rad, joint_velocity=0.0001 rad/s
[sac_runtime_controller-7] [INFO] [1786434683.575025230] [rl_hole_search_controller]: RESETTING: 固定外边界板面及真实深方孔已重建，WORLD_HOLE_XYZ=(0.33220, -0.43418, 0.57416) m, HOLE_YZ_ref=(-0.4342, 0.5742) m
[sac_runtime_controller-7] [INFO] [1786434683.987856893] [rl_hole_search_controller]: RESET complete; starting original HOLDING state
[sac_runtime_controller-7] [INFO] [1786434683.989954584] [rl_hole_search_controller]: HOLDING: center=[ 0.32379068 -0.43634949  0.57141954]
[sac_runtime_controller-7] [INFO] [1786434683.991179480] [rl_hole_search_controller]: HOLDING: dx=0.0000 m, depth=0.0001 m, YZ=(-0.4363, 0.5714) m, YZ_ref=(-0.4363, 0.5714) m, center_error_YZ_mm=(-2.171, -2.741), vx=-0.0003 m/s, Fx=-0.09 N, contact=True
[sac_runtime_controller-7] [INFO] [1786434683.993286171] [rl_hole_search_controller]: HOLDING: reset tool tilt=0.00 deg
[sac_runtime_controller-7] [INFO] [1786434685.085277385] [rl_hole_search_controller]: HOLDING: dx=-0.0001 m, depth=0.0000 m, YZ=(-0.4366, 0.5713) m, YZ_ref=(-0.4363, 0.5714) m, center_error_YZ_mm=(-2.431, -2.885), vx=0.0028 m/s, Fx=-0.06 N, contact=True
[sac_runtime_controller-7] [INFO] [1786434686.171904262] [rl_hole_search_controller]: HOLDING: dx=-0.0001 m, depth=0.0000 m, YZ=(-0.4356, 0.5711) m, YZ_ref=(-0.4363, 0.5714) m, center_error_YZ_mm=(-1.444, -3.038), vx=0.0040 m/s, Fx=-0.10 N, contact=True
[sac_runtime_controller-7] [INFO] [1786434687.323101610] [rl_hole_search_controller]: HOLDING: dx=-0.0015 m, depth=-0.0014 m, YZ=(-0.4319, 0.5635) m, YZ_ref=(-0.4363, 0.5714) m, center_error_YZ_mm=(2.265, -10.628), vx=0.0258 m/s, Fx=0.00 N, contact=False
[sac_runtime_controller-7] [INFO] [1786434688.464477340] [rl_hole_search_controller]: HOLDING: dx=-0.0002 m, depth=-0.0001 m, YZ=(-0.4360, 0.5689) m, YZ_ref=(-0.4363, 0.5714) m, center_error_YZ_mm=(-1.849, -5.302), vx=0.0021 m/s, Fx=-0.04 N, contact=True
[sac_runtime_controller-7] [INFO] [1786434689.607350403] [rl_hole_search_controller]: APPROACHING: ramping world-X contact force
[sac_runtime_controller-7] [INFO] [1786434689.609011795] [rl_hole_search_controller]: APPROACHING: dx=-0.0001 m, depth=0.0000 m, YZ=(-0.4364, 0.5714) m, YZ_ref=(-0.4363, 0.5714) m, center_error_YZ_mm=(-2.241, -2.758), vx=0.0140 m/s, Fx=-0.32 N, contact=True
[sac_runtime_controller-7] [INFO] [1786434690.701044411] [rl_hole_search_controller]: APPROACHING: dx=0.0007 m, depth=0.0008 m, YZ=(-0.4337, 0.5697) m, YZ_ref=(-0.4363, 0.5714) m, center_error_YZ_mm=(0.508, -4.411), vx=-0.0058 m/s, Fx=0.21 N, contact=True
[sac_runtime_controller-7] [INFO] [1786434690.937184994] [rl_hole_search_controller]: SEARCHING: contact at X=0.3240; YZ spiral started
[sac_runtime_controller-7] [INFO] [1786434691.790692178] [rl_hole_search_controller]: SEARCHING: dx=0.0003 m, depth=0.0004 m, YZ=(-0.4372, 0.5720) m, YZ_ref=(-0.4374, 0.5744) m, center_error_YZ_mm=(-2.998, -2.210), vx=-0.0036 m/s, Fx=0.56 N, contact=True
[sac_runtime_controller-7] [INFO] [1786434692.142884538] [rl_hole_search_controller]: RESETTING episode=16, dataset_index=15, offset_yz_mm=(1.805, 2.945)
[sac_runtime_controller-7] [INFO] [1786434692.149202010] [rl_hole_search_controller]: RESETTING: joint_error=0.0459 rad, joint_velocity=0.0517 rad/s
[sac_runtime_controller-7] [INFO] [1786434692.365580358] [rl_hole_search_controller]: RESETTING: 固定外边界板面及真实深方孔已重建，WORLD_HOLE_XYZ=(0.33220, -0.43321, 0.57281) m, HOLE_YZ_ref=(-0.4332, 0.5728) m
[sac_runtime_controller-7] [INFO] [1786434692.991838101] [rl_hole_search_controller]: RESET complete; starting original HOLDING state
[sac_runtime_controller-7] [INFO] [1786434692.994892488] [rl_hole_search_controller]: HOLDING: center=[ 0.32375716 -0.43634382  0.57142677]
[sac_runtime_controller-7] [INFO] [1786434692.996678880] [rl_hole_search_controller]: HOLDING: dx=0.0000 m, depth=0.0001 m, YZ=(-0.4363, 0.5714) m, YZ_ref=(-0.4363, 0.5714) m, center_error_YZ_mm=(-3.134, -1.387), vx=-0.0001 m/s, Fx=-0.06 N, contact=True
[sac_runtime_controller-7] [INFO] [1786434692.999511567] [rl_hole_search_controller]: HOLDING: reset tool tilt=0.00 deg
[sac_runtime_controller-7] [INFO] [1786434694.114654495] [rl_hole_search_controller]: HOLDING: dx=-0.0002 m, depth=-0.0002 m, YZ=(-0.4373, 0.5716) m, YZ_ref=(-0.4363, 0.5714) m, center_error_YZ_mm=(-4.079, -1.257), vx=0.0044 m/s, Fx=-0.09 N, contact=True
[sac_runtime_controller-7] [INFO] [1786434695.214076836] [rl_hole_search_controller]: HOLDING: dx=0.0001 m, depth=0.0002 m, YZ=(-0.4357, 0.5712) m, YZ_ref=(-0.4363, 0.5714) m, center_error_YZ_mm=(-2.529, -1.656), vx=-0.0024 m/s, Fx=-0.17 N, contact=True
[sac_runtime_controller-7] [INFO] [1786434696.346438769] [rl_hole_search_controller]: HOLDING: dx=0.0002 m, depth=0.0002 m, YZ=(-0.4353, 0.5700) m, YZ_ref=(-0.4363, 0.5714) m, center_error_YZ_mm=(-2.100, -2.860), vx=0.0057 m/s, Fx=-0.32 N, contact=True
[sac_runtime_controller-7] [INFO] [1786434697.515899569] [rl_hole_search_controller]: HOLDING: dx=-0.0006 m, depth=-0.0005 m, YZ=(-0.4370, 0.5736) m, YZ_ref=(-0.4363, 0.5714) m, center_error_YZ_mm=(-3.838, 0.834), vx=0.0013 m/s, Fx=0.00 N, contact=False
[sac_runtime_controller-7] [INFO] [1786434698.652825156] [rl_hole_search_controller]: APPROACHING: ramping world-X contact force
[sac_runtime_controller-7] [INFO] [1786434698.659350825] [rl_hole_search_controller]: APPROACHING: dx=-0.0003 m, depth=-0.0002 m, YZ=(-0.4370, 0.5721) m, YZ_ref=(-0.4363, 0.5714) m, center_error_YZ_mm=(-3.744, -0.718), vx=-0.0045 m/s, Fx=0.00 N, contact=False
[sac_runtime_controller-7] [INFO] [1786434699.825723709] [rl_hole_search_controller]: APPROACHING: dx=0.0007 m, depth=0.0008 m, YZ=(-0.4343, 0.5704) m, YZ_ref=(-0.4363, 0.5714) m, center_error_YZ_mm=(-1.140, -2.418), vx=0.0049 m/s, Fx=0.11 N, contact=True
[sac_runtime_controller-7] [INFO] [1786434700.113338138] [rl_hole_search_controller]: SEARCHING: contact at X=0.3243; YZ spiral started
[sac_runtime_controller-7] [INFO] [1786434701.001149592] [rl_hole_search_controller]: SEARCHING: dx=0.0008 m, depth=0.0008 m, YZ=(-0.4357, 0.5736) m, YZ_ref=(-0.4378, 0.5741) m, center_error_YZ_mm=(-2.506, 0.833), vx=0.0059 m/s, Fx=0.06 N, contact=True
[sac_runtime_controller-7] [INFO] [1786434702.056401988] [rl_hole_search_controller]: SEARCHING: dx=0.0009 m, depth=0.0010 m, YZ=(-0.4354, 0.5727) m, YZ_ref=(-0.4383, 0.5760) m, center_error_YZ_mm=(-2.144, -0.070), vx=-0.0017 m/s, Fx=0.00 N, contact=True
[sac_runtime_controller-7] [INFO] [1786434703.168956145] [rl_hole_search_controller]: SEARCHING: dx=0.0007 m, depth=0.0008 m, YZ=(-0.4387, 0.5766) m, YZ_ref=(-0.4394, 0.5771) m, center_error_YZ_mm=(-5.442, 3.800), vx=0.0018 m/s, Fx=0.18 N, contact=True
[sac_runtime_controller-7] [INFO] [1786434703.706562194] [rl_hole_search_controller]: INSERTING: hole alignment/entry detected at 0.0013 m; centering YZ and inserting to 0.0170 m
[sac_runtime_controller-7] [INFO] [1786434703.708407184] [rl_hole_search_controller]: INSERTING handoff: HOLE_YZ_ref=(-0.4332, 0.5728) m, tool_YZ=(-0.4335, 0.5733) m, center_error_YZ_mm=(-0.268, 0.487), tool_tilt=0.95 deg
[sac_runtime_controller-7] [INFO] [1786434704.334404582] [rl_hole_search_controller]: INSERTING: dx=0.0027 m, depth=0.0028 m, YZ=(-0.4331, 0.5730) m, YZ_ref=(-0.4332, 0.5728) m, center_error_YZ_mm=(0.087, 0.221), vx=0.0011 m/s, Fx=1.18 N, contact=False
[sac_runtime_controller-7] [INFO] [1786434705.441061656] [rl_hole_search_controller]: INSERTING: dx=0.0043 m, depth=0.0044 m, YZ=(-0.4344, 0.5733) m, YZ_ref=(-0.4332, 0.5728) m, center_error_YZ_mm=(-1.172, 0.458), vx=-0.0068 m/s, Fx=1.21 N, contact=False
[sac_runtime_controller-7] [INFO] [1786434706.550620854] [rl_hole_search_controller]: INSERTING: dx=0.0067 m, depth=0.0068 m, YZ=(-0.4313, 0.5750) m, YZ_ref=(-0.4332, 0.5728) m, center_error_YZ_mm=(1.867, 2.223), vx=0.0060 m/s, Fx=1.15 N, contact=False
[sac_runtime_controller-7] [INFO] [1786434707.636200515] [rl_hole_search_controller]: INSERTING: dx=0.0077 m, depth=0.0078 m, YZ=(-0.4331, 0.5737) m, YZ_ref=(-0.4332, 0.5728) m, center_error_YZ_mm=(0.067, 0.884), vx=0.0171 m/s, Fx=1.19 N, contact=False
[sac_runtime_controller-7] [INFO] [1786434708.730121783] [rl_hole_search_controller]: INSERTING: dx=0.0095 m, depth=0.0095 m, YZ=(-0.4339, 0.5737) m, YZ_ref=(-0.4332, 0.5728) m, center_error_YZ_mm=(-0.643, 0.908), vx=-0.0037 m/s, Fx=1.21 N, contact=False
[sac_runtime_controller-7] [INFO] [1786434709.978303291] [rl_hole_search_controller]: INSERTING: dx=0.0126 m, depth=0.0126 m, YZ=(-0.4329, 0.5777) m, YZ_ref=(-0.4332, 0.5728) m, center_error_YZ_mm=(0.314, 4.875), vx=0.0158 m/s, Fx=1.14 N, contact=False
[sac_runtime_controller-7] [INFO] [1786434711.136355092] [rl_hole_search_controller]: INSERTING: dx=0.0133 m, depth=0.0134 m, YZ=(-0.4331, 0.5728) m, YZ_ref=(-0.4332, 0.5728) m, center_error_YZ_mm=(0.153, -0.045), vx=-0.0093 m/s, Fx=1.20 N, contact=False
[sac_runtime_controller-7] [INFO] [1786434712.249688368] [rl_hole_search_controller]: INSERTING: dx=0.0156 m, depth=0.0156 m, YZ=(-0.4322, 0.5723) m, YZ_ref=(-0.4332, 0.5728) m, center_error_YZ_mm=(1.030, -0.510), vx=-0.0069 m/s, Fx=0.94 N, contact=False
[sac_runtime_controller-7] [INFO] [1786434713.395461014] [rl_hole_search_controller]: INSERTING: dx=0.0171 m, depth=0.0172 m, YZ=(-0.4320, 0.5726) m, YZ_ref=(-0.4332, 0.5728) m, center_error_YZ_mm=(1.174, -0.216), vx=-0.0017 m/s, Fx=0.06 N, contact=False
[sac_runtime_controller-7] [INFO] [1786434714.552984139] [rl_hole_search_controller]: INSERTING: dx=0.0174 m, depth=0.0175 m, YZ=(-0.4355, 0.5867) m, YZ_ref=(-0.4332, 0.5728) m, center_error_YZ_mm=(-2.260, 13.925), vx=0.1840 m/s, Fx=-0.61 N, contact=False
[sac_runtime_controller-7] [INFO] [1786434715.639222291] [rl_hole_search_controller]: INSERTING: dx=0.0164 m, depth=0.0165 m, YZ=(-0.4330, 0.5730) m, YZ_ref=(-0.4332, 0.5728) m, center_error_YZ_mm=(0.249, 0.213), vx=0.0083 m/s, Fx=0.56 N, contact=False
[sac_runtime_controller-7] [INFO] [1786434716.785988952] [rl_hole_search_controller]: INSERTING: dx=0.0163 m, depth=0.0164 m, YZ=(-0.4336, 0.5737) m, YZ_ref=(-0.4332, 0.5728) m, center_error_YZ_mm=(-0.385, 0.862), vx=0.0054 m/s, Fx=0.56 N, contact=False
[sac_runtime_controller-7] [INFO] [1786434717.905111613] [rl_hole_search_controller]: INSERTING: dx=0.0166 m, depth=0.0167 m, YZ=(-0.4324, 0.5725) m, YZ_ref=(-0.4332, 0.5728) m, center_error_YZ_mm=(0.802, -0.357), vx=-0.0056 m/s, Fx=0.29 N, contact=False
[sac_runtime_controller-7] [INFO] [1786434718.970119419] [rl_hole_search_controller]: INSERTING: dx=0.0166 m, depth=0.0166 m, YZ=(-0.4331, 0.5738) m, YZ_ref=(-0.4332, 0.5728) m, center_error_YZ_mm=(0.123, 0.998), vx=0.0079 m/s, Fx=0.37 N, contact=False
[sac_runtime_controller-7] [INFO] [1786434720.050357583] [rl_hole_search_controller]: INSERTING: dx=0.0169 m, depth=0.0169 m, YZ=(-0.4343, 0.5730) m, YZ_ref=(-0.4332, 0.5728) m, center_error_YZ_mm=(-1.097, 0.174), vx=-0.0107 m/s, Fx=0.24 N, contact=False
[sac_runtime_controller-7] [INFO] [1786434720.783372585] [rl_hole_search_controller]: INSERT_HOLDING: target depth confirmed at 0.0174 m; joint velocity=0.226 rad/s; tool velocity=0.009 m/s; captured current joints and starting MIT-equivalent hold
[sac_runtime_controller-7] [INFO] [1786434721.119813252] [rl_hole_search_controller]: INSERT_HOLDING: MIT joint lock, dx=0.0174 m, depth=0.0175 m, YZ=(-0.4333, 0.5728) m, ramp=1.00, q_error_max=0.0065 rad, dq_max=0.0583 rad/s, tau_max=0.10 Nm, hold_force_max=0.08 N, tip_centered_YZ=True, contact=False
[sac_runtime_controller-7] [INFO] [1786434722.174088464] [rl_hole_search_controller]: INSERT_HOLDING: MIT joint lock, dx=0.0174 m, depth=0.0174 m, YZ=(-0.4333, 0.5728) m, ramp=1.00, q_error_max=0.0006 rad, dq_max=0.0000 rad/s, tau_max=0.00 Nm, hold_force_max=0.08 N, tip_centered_YZ=True, contact=False
[sac_runtime_controller-7] [INFO] [1786434722.944029086] [rl_hole_search_controller]: INSERT_HOLDING complete: physical geometry confirmed; depth=0.0174 m, tip_error_YZ_mm=(-0.083, -0.017), entry_error_YZ_mm=(-0.035, 0.081), tilt=0.36 deg; Episode is an assembly success
[sac_runtime_controller-7] [INFO] [1786434722.958320403] [rl_hole_search_controller]: RESETTING episode=17, dataset_index=16, offset_yz_mm=(2.606, -2.163)
[sac_runtime_controller-7] [INFO] [1786434722.961706383] [rl_hole_search_controller]: RESETTING: joint_error=0.1583 rad, joint_velocity=0.0002 rad/s
[sac_runtime_controller-7] [INFO] [1786434723.379871234] [rl_hole_search_controller]: RESETTING: 固定外边界板面及真实深方孔已重建，WORLD_HOLE_XYZ=(0.33220, -0.43416, 0.56983) m, HOLE_YZ_ref=(-0.4342, 0.5698) m
[sac_runtime_controller-7] [INFO] [1786434723.808702320] [rl_hole_search_controller]: RESET complete; starting original HOLDING state
[sac_runtime_controller-7] [INFO] [1786434723.811940501] [rl_hole_search_controller]: HOLDING: center=[ 0.32378566 -0.43636161  0.5713973 ]
[sac_runtime_controller-7] [INFO] [1786434723.813648191] [rl_hole_search_controller]: HOLDING: dx=0.0000 m, depth=0.0001 m, YZ=(-0.4364, 0.5714) m, YZ_ref=(-0.4364, 0.5714) m, center_error_YZ_mm=(-2.201, 1.564), vx=-0.0003 m/s, Fx=-0.09 N, contact=True
[sac_runtime_controller-7] [INFO] [1786434723.818421363] [rl_hole_search_controller]: HOLDING: reset tool tilt=0.01 deg
[sac_runtime_controller-7] [INFO] [1786434724.917174582] [rl_hole_search_controller]: HOLDING: dx=0.0001 m, depth=0.0002 m, YZ=(-0.4340, 0.5707) m, YZ_ref=(-0.4364, 0.5714) m, center_error_YZ_mm=(0.115, 0.898), vx=-0.0022 m/s, Fx=-0.21 N, contact=True
[sac_runtime_controller-7] [INFO] [1786434726.073302802] [rl_hole_search_controller]: HOLDING: dx=-0.0001 m, depth=0.0000 m, YZ=(-0.4341, 0.5712) m, YZ_ref=(-0.4364, 0.5714) m, center_error_YZ_mm=(0.085, 1.412), vx=0.0062 m/s, Fx=-0.15 N, contact=True
[sac_runtime_controller-7] [INFO] [1786434727.255528499] [rl_hole_search_controller]: HOLDING: dx=-0.0006 m, depth=-0.0005 m, YZ=(-0.4377, 0.5726) m, YZ_ref=(-0.4364, 0.5714) m, center_error_YZ_mm=(-3.550, 2.792), vx=-0.0038 m/s, Fx=0.00 N, contact=False
[sac_runtime_controller-7] [INFO] [1786434728.513590073] [rl_hole_search_controller]: HOLDING: dx=-0.0005 m, depth=-0.0004 m, YZ=(-0.4339, 0.5690) m, YZ_ref=(-0.4364, 0.5714) m, center_error_YZ_mm=(0.305, -0.856), vx=-0.0057 m/s, Fx=0.00 N, contact=False
[sac_runtime_controller-7] [INFO] [1786434729.775267558] [rl_hole_search_controller]: APPROACHING: ramping world-X contact force
[sac_runtime_controller-7] [INFO] [1786434729.781814518] [rl_hole_search_controller]: APPROACHING: dx=-0.0000 m, depth=0.0000 m, YZ=(-0.4390, 0.5751) m, YZ_ref=(-0.4364, 0.5714) m, center_error_YZ_mm=(-4.809, 5.291), vx=0.0808 m/s, Fx=-1.65 N, contact=True
[sac_runtime_controller-7] [INFO] [1786434730.971161980] [rl_hole_search_controller]: APPROACHING: dx=0.0005 m, depth=0.0006 m, YZ=(-0.4341, 0.5715) m, YZ_ref=(-0.4364, 0.5714) m, center_error_YZ_mm=(0.103, 1.691), vx=0.0046 m/s, Fx=0.33 N, contact=True
[sac_runtime_controller-7] [INFO] [1786434731.224519705] [rl_hole_search_controller]: SEARCHING: contact at X=0.3243; YZ spiral started
[sac_runtime_controller-7] [INFO] [1786434731.357427478] [rl_hole_search_controller]: INSERTING: hole alignment/entry detected at 0.0010 m; centering YZ and inserting to 0.0170 m
[sac_runtime_controller-7] [INFO] [1786434731.360358259] [rl_hole_search_controller]: INSERTING handoff: HOLE_YZ_ref=(-0.4342, 0.5698) m, tool_YZ=(-0.4340, 0.5703) m, center_error_YZ_mm=(0.115, 0.489), tool_tilt=1.14 deg
[sac_runtime_controller-7] [INFO] [1786434732.139934201] [rl_hole_search_controller]: INSERTING: dx=0.0029 m, depth=0.0030 m, YZ=(-0.4349, 0.5721) m, YZ_ref=(-0.4342, 0.5698) m, center_error_YZ_mm=(-0.727, 2.298), vx=0.0024 m/s, Fx=1.13 N, contact=False
[sac_runtime_controller-7] [INFO] [1786434733.329407131] [rl_hole_search_controller]: INSERTING: dx=0.0045 m, depth=0.0046 m, YZ=(-0.4340, 0.5706) m, YZ_ref=(-0.4342, 0.5698) m, center_error_YZ_mm=(0.161, 0.740), vx=0.0053 m/s, Fx=1.18 N, contact=False
[sac_runtime_controller-7] [INFO] [1786434734.516176515] [rl_hole_search_controller]: INSERTING: dx=0.0066 m, depth=0.0066 m, YZ=(-0.4335, 0.5705) m, YZ_ref=(-0.4342, 0.5698) m, center_error_YZ_mm=(0.631, 0.629), vx=-0.0034 m/s, Fx=1.16 N, contact=False
[sac_runtime_controller-7] [INFO] [1786434735.662692996] [rl_hole_search_controller]: INSERTING: dx=0.0080 m, depth=0.0080 m, YZ=(-0.4341, 0.5705) m, YZ_ref=(-0.4342, 0.5698) m, center_error_YZ_mm=(0.028, 0.649), vx=0.0009 m/s, Fx=1.20 N, contact=False
[sac_runtime_controller-7] [INFO] [1786434736.820124549] [rl_hole_search_controller]: INSERTING: dx=0.0096 m, depth=0.0097 m, YZ=(-0.4338, 0.5704) m, YZ_ref=(-0.4342, 0.5698) m, center_error_YZ_mm=(0.346, 0.611), vx=0.0009 m/s, Fx=1.18 N, contact=False
[sac_runtime_controller-7] [INFO] [1786434737.974129467] [rl_hole_search_controller]: INSERTING: dx=0.0113 m, depth=0.0114 m, YZ=(-0.4338, 0.5706) m, YZ_ref=(-0.4342, 0.5698) m, center_error_YZ_mm=(0.345, 0.726), vx=0.0143 m/s, Fx=1.20 N, contact=False
[sac_runtime_controller-7] [INFO] [1786434739.096975025] [rl_hole_search_controller]: INSERTING: dx=0.0139 m, depth=0.0140 m, YZ=(-0.4331, 0.5700) m, YZ_ref=(-0.4342, 0.5698) m, center_error_YZ_mm=(1.103, 0.166), vx=0.0109 m/s, Fx=1.14 N, contact=False
[sac_runtime_controller-7] [INFO] [1786434740.245154259] [rl_hole_search_controller]: INSERTING: dx=0.0160 m, depth=0.0161 m, YZ=(-0.4326, 0.5693) m, YZ_ref=(-0.4342, 0.5698) m, center_error_YZ_mm=(1.557, -0.578), vx=0.0052 m/s, Fx=0.60 N, contact=False
[sac_runtime_controller-7] [INFO] [1786434741.372186177] [rl_hole_search_controller]: INSERTING: dx=0.0162 m, depth=0.0163 m, YZ=(-0.4341, 0.5703) m, YZ_ref=(-0.4342, 0.5698) m, center_error_YZ_mm=(0.067, 0.437), vx=-0.0094 m/s, Fx=0.61 N, contact=False
[sac_runtime_controller-7] [INFO] [1786434742.501798323] [rl_hole_search_controller]: INSERTING: dx=0.0165 m, depth=0.0166 m, YZ=(-0.4343, 0.5705) m, YZ_ref=(-0.4342, 0.5698) m, center_error_YZ_mm=(-0.134, 0.634), vx=0.0010 m/s, Fx=0.45 N, contact=False
[sac_runtime_controller-7] [INFO] [1786434743.567242647] [rl_hole_search_controller]: INSERTING: dx=0.0167 m, depth=0.0168 m, YZ=(-0.4340, 0.5700) m, YZ_ref=(-0.4342, 0.5698) m, center_error_YZ_mm=(0.119, 0.131), vx=0.0021 m/s, Fx=0.20 N, contact=False
[sac_runtime_controller-7] [INFO] [1786434744.705928223] [rl_hole_search_controller]: INSERTING: dx=0.0173 m, depth=0.0174 m, YZ=(-0.4347, 0.5714) m, YZ_ref=(-0.4342, 0.5698) m, center_error_YZ_mm=(-0.511, 1.536), vx=0.0039 m/s, Fx=-0.03 N, contact=False
[sac_runtime_controller-7] [INFO] [1786434745.608368760] [rl_hole_search_controller]: INSERT_HOLDING: target depth confirmed at 0.0171 m; joint velocity=0.094 rad/s; tool velocity=0.003 m/s; captured current joints and starting MIT-equivalent hold
[sac_runtime_controller-7] [INFO] [1786434745.812219365] [rl_hole_search_controller]: INSERT_HOLDING: MIT joint lock, dx=0.0171 m, depth=0.0172 m, YZ=(-0.4341, 0.5698) m, ramp=0.64, q_error_max=0.0094 rad, dq_max=0.0471 rad/s, tau_max=0.10 Nm, hold_force_max=0.01 N, tip_centered_YZ=True, contact=False
[sac_runtime_controller-7] [INFO] [1786434746.920042044] [rl_hole_search_controller]: INSERT_HOLDING: MIT joint lock, dx=0.0170 m, depth=0.0171 m, YZ=(-0.4342, 0.5698) m, ramp=1.00, q_error_max=0.0001 rad, dq_max=0.0000 rad/s, tau_max=0.00 Nm, hold_force_max=0.01 N, tip_centered_YZ=True, contact=False
[sac_runtime_controller-7] [INFO] [1786434747.838181985] [rl_hole_search_controller]: INSERT_HOLDING complete: physical geometry confirmed; depth=0.0171 m, tip_error_YZ_mm=(-0.016, -0.002), entry_error_YZ_mm=(0.219, -0.075), tilt=0.83 deg; Episode is an assembly success
[sac_runtime_controller-7] [INFO] [1786434747.865198797] [rl_hole_search_controller]: RESETTING episode=18, dataset_index=17, offset_yz_mm=(2.085, -1.382)
[sac_runtime_controller-7] [INFO] [1786434747.868103177] [rl_hole_search_controller]: RESETTING: joint_error=0.1546 rad, joint_velocity=0.0001 rad/s
[sac_runtime_controller-7] [INFO] [1786434748.311646390] [rl_hole_search_controller]: RESETTING: 固定外边界板面及真实深方孔已重建，WORLD_HOLE_XYZ=(0.33220, -0.43488, 0.57100) m, HOLE_YZ_ref=(-0.4349, 0.5710) m
[sac_runtime_controller-7] [INFO] [1786434748.739457806] [rl_hole_search_controller]: RESET complete; starting original HOLDING state
[sac_runtime_controller-7] [INFO] [1786434748.741784090] [rl_hole_search_controller]: HOLDING: center=[ 0.32378392 -0.43635562  0.57137817]
[sac_runtime_controller-7] [INFO] [1786434748.743721676] [rl_hole_search_controller]: HOLDING: dx=0.0000 m, depth=0.0001 m, YZ=(-0.4364, 0.5714) m, YZ_ref=(-0.4364, 0.5714) m, center_error_YZ_mm=(-1.477, 0.383), vx=-0.0003 m/s, Fx=-0.08 N, contact=True
[sac_runtime_controller-7] [INFO] [1786434748.746859454] [rl_hole_search_controller]: HOLDING: reset tool tilt=0.01 deg
[sac_runtime_controller-7] [INFO] [1786434749.967691099] [rl_hole_search_controller]: HOLDING: dx=-0.0004 m, depth=-0.0003 m, YZ=(-0.4373, 0.5738) m, YZ_ref=(-0.4364, 0.5714) m, center_error_YZ_mm=(-2.472, 2.760), vx=-0.0014 m/s, Fx=0.00 N, contact=False
[sac_runtime_controller-7] [INFO] [1786434751.148305758] [rl_hole_search_controller]: HOLDING: dx=-0.0009 m, depth=-0.0008 m, YZ=(-0.4401, 0.5743) m, YZ_ref=(-0.4364, 0.5714) m, center_error_YZ_mm=(-5.230, 3.320), vx=-0.0002 m/s, Fx=0.00 N, contact=False
[sac_runtime_controller-7] [INFO] [1786434752.329541654] [rl_hole_search_controller]: HOLDING: dx=-0.0013 m, depth=-0.0012 m, YZ=(-0.4371, 0.5690) m, YZ_ref=(-0.4364, 0.5714) m, center_error_YZ_mm=(-2.186, -1.970), vx=0.1238 m/s, Fx=0.00 N, contact=False
[sac_runtime_controller-7] [INFO] [1786434753.439288604] [rl_hole_search_controller]: HOLDING: dx=-0.0008 m, depth=-0.0007 m, YZ=(-0.4384, 0.5740) m, YZ_ref=(-0.4364, 0.5714) m, center_error_YZ_mm=(-3.559, 2.994), vx=0.0094 m/s, Fx=0.00 N, contact=False
[sac_runtime_controller-7] [INFO] [1786434754.628895124] [rl_hole_search_controller]: APPROACHING: ramping world-X contact force
[sac_runtime_controller-7] [INFO] [1786434754.633649990] [rl_hole_search_controller]: APPROACHING: dx=-0.0011 m, depth=-0.0010 m, YZ=(-0.4366, 0.5734) m, YZ_ref=(-0.4364, 0.5714) m, center_error_YZ_mm=(-1.677, 2.374), vx=-0.0004 m/s, Fx=0.00 N, contact=False
[sac_runtime_controller-7] [INFO] [1786434755.818010089] [rl_hole_search_controller]: APPROACHING: dx=0.0005 m, depth=0.0006 m, YZ=(-0.4365, 0.5725) m, YZ_ref=(-0.4364, 0.5714) m, center_error_YZ_mm=(-1.639, 1.521), vx=-0.0115 m/s, Fx=0.44 N, contact=True
[sac_runtime_controller-7] [INFO] [1786434756.185296208] [rl_hole_search_controller]: SEARCHING: contact at X=0.3239; YZ spiral started
[sac_runtime_controller-7] [INFO] [1786434756.962870617] [rl_hole_search_controller]: SEARCHING: dx=0.0007 m, depth=0.0007 m, YZ=(-0.4373, 0.5715) m, YZ_ref=(-0.4376, 0.5723) m, center_error_YZ_mm=(-2.470, 0.470), vx=-0.0052 m/s, Fx=0.27 N, contact=True
[sac_runtime_controller-7] [INFO] [1786434757.126489515] [rl_hole_search_controller]: INSERTING: hole alignment/entry detected at 0.0010 m; centering YZ and inserting to 0.0170 m
[sac_runtime_controller-7] [INFO] [1786434757.130782283] [rl_hole_search_controller]: INSERTING handoff: HOLE_YZ_ref=(-0.4349, 0.5710) m, tool_YZ=(-0.4353, 0.5706) m, center_error_YZ_mm=(-0.408, -0.436), tool_tilt=0.22 deg
[sac_runtime_controller-7] [INFO] [1786434758.083118169] [rl_hole_search_controller]: INSERTING: dx=0.0035 m, depth=0.0036 m, YZ=(-0.4342, 0.5713) m, YZ_ref=(-0.4349, 0.5710) m, center_error_YZ_mm=(0.715, 0.350), vx=0.0045 m/s, Fx=1.16 N, contact=False
[sac_runtime_controller-7] [INFO] [1786434759.159813090] [rl_hole_search_controller]: INSERTING: dx=0.0054 m, depth=0.0055 m, YZ=(-0.4341, 0.5708) m, YZ_ref=(-0.4349, 0.5710) m, center_error_YZ_mm=(0.799, -0.207), vx=0.0011 m/s, Fx=1.19 N, contact=False
[sac_runtime_controller-7] [INFO] [1786434760.292109646] [rl_hole_search_controller]: INSERTING: dx=0.0069 m, depth=0.0070 m, YZ=(-0.4343, 0.5708) m, YZ_ref=(-0.4349, 0.5710) m, center_error_YZ_mm=(0.589, -0.178), vx=-0.0040 m/s, Fx=1.20 N, contact=False
[sac_runtime_controller-7] [INFO] [1786434761.510494800] [rl_hole_search_controller]: INSERTING: dx=0.0096 m, depth=0.0097 m, YZ=(-0.4340, 0.5709) m, YZ_ref=(-0.4349, 0.5710) m, center_error_YZ_mm=(0.922, -0.070), vx=-0.0077 m/s, Fx=1.20 N, contact=False
[sac_runtime_controller-7] [INFO] [1786434762.615959249] [rl_hole_search_controller]: INSERTING: dx=0.0112 m, depth=0.0113 m, YZ=(-0.4341, 0.5712) m, YZ_ref=(-0.4349, 0.5710) m, center_error_YZ_mm=(0.774, 0.247), vx=0.0032 m/s, Fx=1.19 N, contact=False
[sac_runtime_controller-7] [INFO] [1786434763.736358432] [rl_hole_search_controller]: INSERTING: dx=0.0132 m, depth=0.0133 m, YZ=(-0.4342, 0.5713) m, YZ_ref=(-0.4349, 0.5710) m, center_error_YZ_mm=(0.682, 0.342), vx=0.0002 m/s, Fx=1.19 N, contact=False
[sac_runtime_controller-7] [INFO] [1786434764.917712496] [rl_hole_search_controller]: INSERTING: dx=0.0159 m, depth=0.0160 m, YZ=(-0.4310, 0.5677) m, YZ_ref=(-0.4349, 0.5710) m, center_error_YZ_mm=(3.863, -3.283), vx=-0.0016 m/s, Fx=0.69 N, contact=False
[sac_runtime_controller-7] [INFO] [1786434766.019258517] [rl_hole_search_controller]: INSERTING: dx=0.0166 m, depth=0.0167 m, YZ=(-0.4345, 0.5711) m, YZ_ref=(-0.4349, 0.5710) m, center_error_YZ_mm=(0.359, 0.145), vx=-0.0041 m/s, Fx=0.35 N, contact=False
[sac_runtime_controller-7] [INFO] [1786434767.234938595] [rl_hole_search_controller]: INSERTING: dx=0.0164 m, depth=0.0165 m, YZ=(-0.4366, 0.5755) m, YZ_ref=(-0.4349, 0.5710) m, center_error_YZ_mm=(-1.758, 4.529), vx=0.0444 m/s, Fx=0.60 N, contact=False
[sac_runtime_controller-7] [INFO] [1786434768.393793258] [rl_hole_search_controller]: INSERTING: dx=0.0171 m, depth=0.0172 m, YZ=(-0.4338, 0.5701) m, YZ_ref=(-0.4349, 0.5710) m, center_error_YZ_mm=(1.121, -0.928), vx=-0.0089 m/s, Fx=0.01 N, contact=False
[sac_runtime_controller-7] [INFO] [1786434769.538197080] [rl_hole_search_controller]: INSERTING: dx=0.0167 m, depth=0.0168 m, YZ=(-0.4346, 0.5710) m, YZ_ref=(-0.4349, 0.5710) m, center_error_YZ_mm=(0.290, 0.018), vx=0.0079 m/s, Fx=0.38 N, contact=False
[sac_runtime_controller-7] [INFO] [1786434770.365090459] [rl_hole_search_controller]: INSERT_HOLDING: target depth confirmed at 0.0170 m; joint velocity=0.100 rad/s; tool velocity=0.007 m/s; captured current joints and starting MIT-equivalent hold
[sac_runtime_controller-7] [INFO] [1786434770.609461726] [rl_hole_search_controller]: INSERT_HOLDING: MIT joint lock, dx=0.0168 m, depth=0.0169 m, YZ=(-0.4350, 0.5711) m, ramp=0.76, q_error_max=0.0044 rad, dq_max=0.0266 rad/s, tau_max=0.05 Nm, hold_force_max=0.02 N, tip_centered_YZ=True, contact=False
[sac_runtime_controller-7] [INFO] [1786434771.685548087] [rl_hole_search_controller]: INSERT_HOLDING: MIT joint lock, dx=0.0169 m, depth=0.0170 m, YZ=(-0.4349, 0.5710) m, ramp=1.00, q_error_max=0.0004 rad, dq_max=0.0000 rad/s, tau_max=0.00 Nm, hold_force_max=0.03 N, tip_centered_YZ=True, contact=False
[sac_runtime_controller-7] [WARN] [1786434772.533257925] [rl_hole_search_controller]: INSERT_HOLDING failed physical geometry check: depth=0.0170 m, tip_error_YZ_mm=(-0.018, 0.035), entry_error_YZ_mm=(0.488, -0.360), tilt=2.16 deg; Episode will reset
[sac_runtime_controller-7] [INFO] [1786434772.549835693] [rl_hole_search_controller]: RESETTING episode=19, dataset_index=18, offset_yz_mm=(-2.940, -2.511)
[sac_runtime_controller-7] [INFO] [1786434772.553170266] [rl_hole_search_controller]: RESETTING: joint_error=0.1833 rad, joint_velocity=0.0001 rad/s
[sac_runtime_controller-7] [INFO] [1786434772.968365248] [rl_hole_search_controller]: RESETTING: 固定外边界板面及真实深方孔已重建，WORLD_HOLE_XYZ=(0.33220, -0.44011, 0.56992) m, HOLE_YZ_ref=(-0.4401, 0.5699) m
[sac_runtime_controller-7] [INFO] [1786434773.391840947] [rl_hole_search_controller]: RESET complete; starting original HOLDING state
[sac_runtime_controller-7] [INFO] [1786434773.394313727] [rl_hole_search_controller]: HOLDING: center=[ 0.3237833  -0.43636942  0.57137375]
[sac_runtime_controller-7] [INFO] [1786434773.395993714] [rl_hole_search_controller]: HOLDING: dx=0.0000 m, depth=0.0001 m, YZ=(-0.4364, 0.5714) m, YZ_ref=(-0.4364, 0.5714) m, center_error_YZ_mm=(3.739, 1.456), vx=-0.0003 m/s, Fx=-0.08 N, contact=True
[sac_runtime_controller-7] [INFO] [1786434773.398888091] [rl_hole_search_controller]: HOLDING: reset tool tilt=0.02 deg
[sac_runtime_controller-7] [INFO] [1786434774.474223932] [rl_hole_search_controller]: HOLDING: dx=0.0001 m, depth=0.0001 m, YZ=(-0.4345, 0.5687) m, YZ_ref=(-0.4364, 0.5714) m, center_error_YZ_mm=(5.574, -1.256), vx=0.0004 m/s, Fx=-0.14 N, contact=True
[sac_runtime_controller-7] [INFO] [1786434775.651019804] [rl_hole_search_controller]: HOLDING: dx=-0.0014 m, depth=-0.0013 m, YZ=(-0.4319, 0.5798) m, YZ_ref=(-0.4364, 0.5714) m, center_error_YZ_mm=(8.196, 9.844), vx=-0.0396 m/s, Fx=0.00 N, contact=False
[sac_runtime_controller-7] [INFO] [1786434776.811247054] [rl_hole_search_controller]: HOLDING: dx=-0.0002 m, depth=-0.0001 m, YZ=(-0.4399, 0.5749) m, YZ_ref=(-0.4364, 0.5714) m, center_error_YZ_mm=(0.191, 4.990), vx=0.0208 m/s, Fx=-0.42 N, contact=True
[sac_runtime_controller-7] [INFO] [1786434777.864143530] [rl_hole_search_controller]: HOLDING: dx=0.0001 m, depth=0.0002 m, YZ=(-0.4346, 0.5702) m, YZ_ref=(-0.4364, 0.5714) m, center_error_YZ_mm=(5.520, 0.296), vx=0.0060 m/s, Fx=-0.35 N, contact=True
[sac_runtime_controller-7] [INFO] [1786434778.979978042] [rl_hole_search_controller]: APPROACHING: ramping world-X contact force
[sac_runtime_controller-7] [INFO] [1786434778.985123499] [rl_hole_search_controller]: APPROACHING: dx=-0.0004 m, depth=-0.0004 m, YZ=(-0.4375, 0.5726) m, YZ_ref=(-0.4364, 0.5714) m, center_error_YZ_mm=(2.618, 2.666), vx=0.0028 m/s, Fx=0.00 N, contact=False
[sac_runtime_controller-7] [INFO] [1786434780.088804258] [rl_hole_search_controller]: APPROACHING: dx=0.0006 m, depth=0.0007 m, YZ=(-0.4360, 0.5715) m, YZ_ref=(-0.4364, 0.5714) m, center_error_YZ_mm=(4.153, 1.581), vx=-0.0002 m/s, Fx=0.34 N, contact=True
[sac_runtime_controller-7] [INFO] [1786434780.327151175] [rl_hole_search_controller]: SEARCHING: contact at X=0.3243; YZ spiral started
[sac_runtime_controller-7] [INFO] [1786434781.198361417] [rl_hole_search_controller]: SEARCHING: dx=0.0007 m, depth=0.0008 m, YZ=(-0.4355, 0.5716) m, YZ_ref=(-0.4395, 0.5751) m, center_error_YZ_mm=(4.559, 1.693), vx=-0.0081 m/s, Fx=0.17 N, contact=True
[sac_runtime_controller-7] [INFO] [1786434781.958181363] [rl_hole_search_controller]: RESETTING episode=20, dataset_index=19, offset_yz_mm=(-0.323, -2.265)
[sac_runtime_controller-7] [INFO] [1786434781.966439794] [rl_hole_search_controller]: RESETTING: waiting for old board deletion
[sac_runtime_controller-7] [INFO] [1786434781.975207221] [rl_hole_search_controller]: RESETTING: 固定外边界板面及真实深方孔已重建，WORLD_HOLE_XYZ=(0.33220, -0.43912, 0.57319) m, HOLE_YZ_ref=(-0.4391, 0.5732) m
[sac_runtime_controller-7] [INFO] [1786434782.884885379] [rl_hole_search_controller]: RESET complete; starting original HOLDING state
[sac_runtime_controller-7] [INFO] [1786434782.890882429] [rl_hole_search_controller]: HOLDING: center=[ 0.32375841 -0.43635991  0.57143847]
[sac_runtime_controller-7] [INFO] [1786434782.893107110] [rl_hole_search_controller]: HOLDING: dx=0.0000 m, depth=0.0001 m, YZ=(-0.4364, 0.5714) m, YZ_ref=(-0.4364, 0.5714) m, center_error_YZ_mm=(2.761, -1.751), vx=0.0000 m/s, Fx=-0.06 N, contact=True
[sac_runtime_controller-7] [INFO] [1786434782.896471181] [rl_hole_search_controller]: HOLDING: reset tool tilt=0.00 deg
[sac_runtime_controller-7] [INFO] [1786434783.991201043] [rl_hole_search_controller]: HOLDING: dx=0.0001 m, depth=0.0001 m, YZ=(-0.4346, 0.5696) m, YZ_ref=(-0.4364, 0.5714) m, center_error_YZ_mm=(4.483, -3.614), vx=0.0093 m/s, Fx=-0.33 N, contact=True
[sac_runtime_controller-7] [INFO] [1786434785.135754127] [rl_hole_search_controller]: HOLDING: dx=0.0001 m, depth=0.0001 m, YZ=(-0.4324, 0.5681) m, YZ_ref=(-0.4364, 0.5714) m, center_error_YZ_mm=(6.739, -5.057), vx=-0.0109 m/s, Fx=-0.11 N, contact=True
[sac_runtime_controller-7] [INFO] [1786434786.372917267] [rl_hole_search_controller]: HOLDING: dx=-0.0010 m, depth=-0.0010 m, YZ=(-0.4358, 0.5703) m, YZ_ref=(-0.4364, 0.5714) m, center_error_YZ_mm=(3.275, -2.934), vx=-0.0191 m/s, Fx=0.00 N, contact=False
[sac_runtime_controller-7] [INFO] [1786434787.505842845] [rl_hole_search_controller]: HOLDING: dx=-0.0004 m, depth=-0.0003 m, YZ=(-0.4340, 0.5704) m, YZ_ref=(-0.4364, 0.5714) m, center_error_YZ_mm=(5.110, -2.825), vx=0.0051 m/s, Fx=0.00 N, contact=False
[sac_runtime_controller-7] [INFO] [1786434788.598037424] [rl_hole_search_controller]: APPROACHING: ramping world-X contact force
[sac_runtime_controller-7] [INFO] [1786434788.603585376] [rl_hole_search_controller]: APPROACHING: dx=-0.0003 m, depth=-0.0003 m, YZ=(-0.4380, 0.5750) m, YZ_ref=(-0.4364, 0.5714) m, center_error_YZ_mm=(1.168, 1.831), vx=0.0057 m/s, Fx=0.00 N, contact=False
[sac_runtime_controller-7] [INFO] [1786434789.722139478] [rl_hole_search_controller]: APPROACHING: dx=0.0007 m, depth=0.0007 m, YZ=(-0.4346, 0.5711) m, YZ_ref=(-0.4364, 0.5714) m, center_error_YZ_mm=(4.491, -2.105), vx=0.0051 m/s, Fx=0.16 N, contact=True
[sac_runtime_controller-7] [INFO] [1786434789.952058782] [rl_hole_search_controller]: SEARCHING: contact at X=0.3246; YZ spiral started
[sac_runtime_controller-7] [INFO] [1786434790.793230545] [rl_hole_search_controller]: SEARCHING: dx=0.0010 m, depth=0.0010 m, YZ=(-0.4337, 0.5708) m, YZ_ref=(-0.4309, 0.5709) m, center_error_YZ_mm=(5.443, -2.422), vx=0.0011 m/s, Fx=-0.05 N, contact=True
[sac_runtime_controller-7] [INFO] [1786434791.938675913] [rl_hole_search_controller]: SEARCHING: dx=0.0013 m, depth=0.0014 m, YZ=(-0.4286, 0.5656) m, YZ_ref=(-0.4304, 0.5727) m, center_error_YZ_mm=(10.474, -7.552), vx=0.0058 m/s, Fx=-0.49 N, contact=True
[sac_runtime_controller-7] [INFO] [1786434792.590702074] [rl_hole_search_controller]: RESETTING episode=21, dataset_index=20, offset_yz_mm=(-1.433, -2.845)
[sac_runtime_controller-7] [INFO] [1786434792.593228052] [rl_hole_search_controller]: RESETTING: joint_error=0.0640 rad, joint_velocity=0.0286 rad/s
[sac_runtime_controller-7] [INFO] [1786434792.864928460] [rl_hole_search_controller]: RESETTING: 固定外边界板面及真实深方孔已重建，WORLD_HOLE_XYZ=(0.33220, -0.43718, 0.56809) m, HOLE_YZ_ref=(-0.4372, 0.5681) m
[sac_runtime_controller-7] [INFO] [1786434793.820862310] [rl_hole_search_controller]: RESET complete; starting original HOLDING state
[sac_runtime_controller-7] [INFO] [1786434793.828201645] [rl_hole_search_controller]: HOLDING: center=[ 0.32375206 -0.43632878  0.57137476]
[sac_runtime_controller-7] [INFO] [1786434793.831928712] [rl_hole_search_controller]: HOLDING: dx=0.0000 m, depth=0.0001 m, YZ=(-0.4363, 0.5714) m, YZ_ref=(-0.4363, 0.5714) m, center_error_YZ_mm=(0.856, 3.287), vx=-0.0000 m/s, Fx=-0.05 N, contact=True
[sac_runtime_controller-7] [INFO] [1786434793.837848460] [rl_hole_search_controller]: HOLDING: reset tool tilt=0.01 deg
[sac_runtime_controller-7] [INFO] [1786434795.294266216] [rl_hole_search_controller]: HOLDING: dx=0.0011 m, depth=0.0012 m, YZ=(-0.4375, 0.5744) m, YZ_ref=(-0.4363, 0.5714) m, center_error_YZ_mm=(-0.266, 6.303), vx=-0.0896 m/s, Fx=-1.16 N, contact=True
[sac_runtime_controller-7] [INFO] [1786434796.695044689] [rl_hole_search_controller]: HOLDING: dx=-0.0005 m, depth=-0.0005 m, YZ=(-0.4350, 0.5729) m, YZ_ref=(-0.4363, 0.5714) m, center_error_YZ_mm=(2.226, 4.768), vx=-0.0021 m/s, Fx=0.00 N, contact=False
[sac_runtime_controller-7] [INFO] [1786434797.921819157] [rl_hole_search_controller]: HOLDING: dx=-0.0003 m, depth=-0.0002 m, YZ=(-0.4342, 0.5719) m, YZ_ref=(-0.4363, 0.5714) m, center_error_YZ_mm=(2.950, 3.768), vx=0.0119 m/s, Fx=0.00 N, contact=False
[sac_runtime_controller-7] [INFO] [1786434799.066706005] [rl_hole_search_controller]: HOLDING: dx=-0.0003 m, depth=-0.0003 m, YZ=(-0.4349, 0.5702) m, YZ_ref=(-0.4363, 0.5714) m, center_error_YZ_mm=(2.271, 2.084), vx=-0.0012 m/s, Fx=0.00 N, contact=False
[sac_runtime_controller-7] [INFO] [1786434800.284268937] [rl_hole_search_controller]: APPROACHING: ramping world-X contact force
[sac_runtime_controller-7] [INFO] [1786434800.298796005] [rl_hole_search_controller]: APPROACHING: dx=-0.0003 m, depth=-0.0003 m, YZ=(-0.4374, 0.5715) m, YZ_ref=(-0.4363, 0.5714) m, center_error_YZ_mm=(-0.166, 3.380), vx=-0.0016 m/s, Fx=0.01 N, contact=False
[sac_runtime_controller-7] [INFO] [1786434801.468243221] [rl_hole_search_controller]: APPROACHING: dx=0.0005 m, depth=0.0006 m, YZ=(-0.4353, 0.5711) m, YZ_ref=(-0.4363, 0.5714) m, center_error_YZ_mm=(1.927, 3.037), vx=-0.0031 m/s, Fx=0.40 N, contact=True
[sac_runtime_controller-7] [INFO] [1786434801.681443068] [rl_hole_search_controller]: SEARCHING: contact at X=0.3240; YZ spiral started
[sac_runtime_controller-7] [INFO] [1786434802.578834225] [rl_hole_search_controller]: SEARCHING: dx=0.0008 m, depth=0.0008 m, YZ=(-0.4381, 0.5763) m, YZ_ref=(-0.4407, 0.5771) m, center_error_YZ_mm=(-0.919, 8.184), vx=-0.0044 m/s, Fx=0.19 N, contact=True
[sac_runtime_controller-7] [INFO] [1786434803.434412737] [rl_hole_search_controller]: RESETTING episode=22, dataset_index=21, offset_yz_mm=(-2.819, -0.388)
[sac_runtime_controller-7] [INFO] [1786434803.437177512] [rl_hole_search_controller]: RESETTING: joint_error=0.0187 rad, joint_velocity=0.0180 rad/s
[sac_runtime_controller-7] [INFO] [1786434803.550321267] [rl_hole_search_controller]: RESETTING: 固定外边界板面及真实深方孔已重建，WORLD_HOLE_XYZ=(0.33220, -0.44038, 0.57357) m, HOLE_YZ_ref=(-0.4404, 0.5736) m
[sac_runtime_controller-7] [INFO] [1786434804.284690472] [rl_hole_search_controller]: RESET complete; starting original HOLDING state
[sac_runtime_controller-7] [INFO] [1786434804.287527446] [rl_hole_search_controller]: HOLDING: center=[ 0.32375845 -0.43636325  0.57143691]
[sac_runtime_controller-7] [INFO] [1786434804.288657135] [rl_hole_search_controller]: HOLDING: dx=0.0000 m, depth=0.0001 m, YZ=(-0.4364, 0.5714) m, YZ_ref=(-0.4364, 0.5714) m, center_error_YZ_mm=(4.019, -2.135), vx=0.0000 m/s, Fx=-0.06 N, contact=True
[sac_runtime_controller-7] [INFO] [1786434804.291692307] [rl_hole_search_controller]: HOLDING: reset tool tilt=0.01 deg
[sac_runtime_controller-7] [INFO] [1786434805.399685713] [rl_hole_search_controller]: HOLDING: dx=-0.0001 m, depth=-0.0001 m, YZ=(-0.4350, 0.5690) m, YZ_ref=(-0.4364, 0.5714) m, center_error_YZ_mm=(5.337, -4.561), vx=-0.0036 m/s, Fx=0.00 N, contact=True
[sac_runtime_controller-7] [INFO] [1786434806.466073360] [rl_hole_search_controller]: HOLDING: dx=-0.0008 m, depth=-0.0007 m, YZ=(-0.4384, 0.5721) m, YZ_ref=(-0.4364, 0.5714) m, center_error_YZ_mm=(1.952, -1.428), vx=-0.0004 m/s, Fx=0.00 N, contact=False
[sac_runtime_controller-7] [INFO] [1786434807.534444145] [rl_hole_search_controller]: HOLDING: dx=-0.0005 m, depth=-0.0004 m, YZ=(-0.4393, 0.5736) m, YZ_ref=(-0.4364, 0.5714) m, center_error_YZ_mm=(1.111, -0.022), vx=0.0007 m/s, Fx=0.00 N, contact=False
[sac_runtime_controller-7] [INFO] [1786434808.638628847] [rl_hole_search_controller]: HOLDING: dx=-0.0002 m, depth=-0.0001 m, YZ=(-0.4376, 0.5711) m, YZ_ref=(-0.4364, 0.5714) m, center_error_YZ_mm=(2.750, -2.506), vx=-0.0139 m/s, Fx=0.00 N, contact=True
[sac_runtime_controller-7] [INFO] [1786434809.770991636] [rl_hole_search_controller]: APPROACHING: ramping world-X contact force
[sac_runtime_controller-7] [INFO] [1786434809.775417894] [rl_hole_search_controller]: APPROACHING: dx=-0.0001 m, depth=-0.0001 m, YZ=(-0.4369, 0.5708) m, YZ_ref=(-0.4364, 0.5714) m, center_error_YZ_mm=(3.478, -2.763), vx=-0.0023 m/s, Fx=0.00 N, contact=True
[sac_runtime_controller-7] [INFO] [1786434810.848049203] [rl_hole_search_controller]: APPROACHING: dx=0.0008 m, depth=0.0009 m, YZ=(-0.4326, 0.5696) m, YZ_ref=(-0.4364, 0.5714) m, center_error_YZ_mm=(7.768, -3.934), vx=-0.0025 m/s, Fx=0.14 N, contact=True
[sac_runtime_controller-7] [INFO] [1786434811.056852515] [rl_hole_search_controller]: SEARCHING: contact at X=0.3246; YZ spiral started
[sac_runtime_controller-7] [INFO] [1786434811.921661958] [rl_hole_search_controller]: SEARCHING: dx=0.0010 m, depth=0.0010 m, YZ=(-0.4313, 0.5689) m, YZ_ref=(-0.4341, 0.5706) m, center_error_YZ_mm=(9.127, -4.705), vx=0.0077 m/s, Fx=-0.19 N, contact=True
[sac_runtime_controller-7] [INFO] [1786434812.758206942] [rl_hole_search_controller]: RESETTING episode=23, dataset_index=22, offset_yz_mm=(2.711, -2.572)
[sac_runtime_controller-7] [INFO] [1786434812.760310322] [rl_hole_search_controller]: RESETTING: joint_error=0.0210 rad, joint_velocity=0.0319 rad/s
[sac_runtime_controller-7] [INFO] [1786434812.872029251] [rl_hole_search_controller]: RESETTING: 固定外边界板面及真实深方孔已重建，WORLD_HOLE_XYZ=(0.33220, -0.43433, 0.57081) m, HOLE_YZ_ref=(-0.4343, 0.5708) m
[sac_runtime_controller-7] [INFO] [1786434813.602426527] [rl_hole_search_controller]: RESET complete; starting original HOLDING state
[sac_runtime_controller-7] [INFO] [1786434813.604298309] [rl_hole_search_controller]: HOLDING: center=[ 0.32375579 -0.43634758  0.57141255]
[sac_runtime_controller-7] [INFO] [1786434813.605663096] [rl_hole_search_controller]: HOLDING: dx=0.0000 m, depth=0.0001 m, YZ=(-0.4363, 0.5714) m, YZ_ref=(-0.4363, 0.5714) m, center_error_YZ_mm=(-2.020, 0.599), vx=0.0000 m/s, Fx=-0.06 N, contact=True
[sac_runtime_controller-7] [INFO] [1786434813.608985064] [rl_hole_search_controller]: HOLDING: reset tool tilt=0.00 deg
[sac_runtime_controller-7] [INFO] [1786434814.799898072] [rl_hole_search_controller]: HOLDING: dx=-0.0004 m, depth=-0.0004 m, YZ=(-0.4371, 0.5711) m, YZ_ref=(-0.4363, 0.5714) m, center_error_YZ_mm=(-2.723, 0.273), vx=-0.0063 m/s, Fx=0.00 N, contact=False
[sac_runtime_controller-7] [INFO] [1786434815.952579298] [rl_hole_search_controller]: HOLDING: dx=-0.0004 m, depth=-0.0003 m, YZ=(-0.4381, 0.5728) m, YZ_ref=(-0.4363, 0.5714) m, center_error_YZ_mm=(-3.820, 1.966), vx=-0.0097 m/s, Fx=0.00 N, contact=False
[sac_runtime_controller-7] [INFO] [1786434817.174432796] [rl_hole_search_controller]: HOLDING: dx=-0.0003 m, depth=-0.0003 m, YZ=(-0.4379, 0.5721) m, YZ_ref=(-0.4363, 0.5714) m, center_error_YZ_mm=(-3.574, 1.304), vx=0.0013 m/s, Fx=0.00 N, contact=False
[sac_runtime_controller-7] [INFO] [1786434818.524057180] [rl_hole_search_controller]: HOLDING: dx=-0.0005 m, depth=-0.0004 m, YZ=(-0.4389, 0.5709) m, YZ_ref=(-0.4363, 0.5714) m, center_error_YZ_mm=(-4.566, 0.106), vx=-0.0058 m/s, Fx=0.00 N, contact=False
[sac_runtime_controller-7] [INFO] [1786434819.770665915] [rl_hole_search_controller]: APPROACHING: ramping world-X contact force
[sac_runtime_controller-7] [INFO] [1786434819.787758846] [rl_hole_search_controller]: APPROACHING: dx=0.0003 m, depth=0.0003 m, YZ=(-0.4362, 0.5697) m, YZ_ref=(-0.4363, 0.5714) m, center_error_YZ_mm=(-1.873, -1.131), vx=-0.0062 m/s, Fx=-0.31 N, contact=True
[sac_runtime_controller-7] [INFO] [1786434820.885632997] [rl_hole_search_controller]: APPROACHING: dx=0.0006 m, depth=0.0006 m, YZ=(-0.4348, 0.5693) m, YZ_ref=(-0.4363, 0.5714) m, center_error_YZ_mm=(-0.495, -1.557), vx=0.0091 m/s, Fx=0.18 N, contact=True
[sac_runtime_controller-7] [INFO] [1786434821.088134091] [rl_hole_search_controller]: SEARCHING: contact at X=0.3245; YZ spiral started
[sac_runtime_controller-7] [INFO] [1786434821.233287650] [rl_hole_search_controller]: INSERTING: hole alignment/entry detected at 0.0008 m; centering YZ and inserting to 0.0170 m
[sac_runtime_controller-7] [INFO] [1786434821.237458609] [rl_hole_search_controller]: INSERTING handoff: HOLE_YZ_ref=(-0.4343, 0.5708) m, tool_YZ=(-0.4347, 0.5706) m, center_error_YZ_mm=(-0.401, -0.164), tool_tilt=0.23 deg
[sac_runtime_controller-7] [INFO] [1786434822.025496785] [rl_hole_search_controller]: INSERTING: dx=0.0029 m, depth=0.0030 m, YZ=(-0.4336, 0.5709) m, YZ_ref=(-0.4343, 0.5708) m, center_error_YZ_mm=(0.724, 0.066), vx=0.0270 m/s, Fx=1.11 N, contact=False
[sac_runtime_controller-7] [INFO] [1786434823.166302110] [rl_hole_search_controller]: INSERTING: dx=0.0040 m, depth=0.0040 m, YZ=(-0.4345, 0.5717) m, YZ_ref=(-0.4343, 0.5708) m, center_error_YZ_mm=(-0.199, 0.921), vx=-0.0015 m/s, Fx=1.21 N, contact=False
[sac_runtime_controller-7] [INFO] [1786434824.255034710] [rl_hole_search_controller]: INSERTING: dx=0.0060 m, depth=0.0061 m, YZ=(-0.4342, 0.5715) m, YZ_ref=(-0.4343, 0.5708) m, center_error_YZ_mm=(0.159, 0.702), vx=-0.0069 m/s, Fx=1.20 N, contact=False
[sac_runtime_controller-7] [INFO] [1786434825.440131194] [rl_hole_search_controller]: INSERTING: dx=0.0078 m, depth=0.0079 m, YZ=(-0.4336, 0.5709) m, YZ_ref=(-0.4343, 0.5708) m, center_error_YZ_mm=(0.688, 0.123), vx=-0.0003 m/s, Fx=1.17 N, contact=False
[sac_runtime_controller-7] [INFO] [1786434826.549571492] [rl_hole_search_controller]: INSERTING: dx=0.0101 m, depth=0.0101 m, YZ=(-0.4337, 0.5712) m, YZ_ref=(-0.4343, 0.5708) m, center_error_YZ_mm=(0.616, 0.396), vx=0.0075 m/s, Fx=1.19 N, contact=False
[sac_runtime_controller-7] [INFO] [1786434827.668013955] [rl_hole_search_controller]: INSERTING: dx=0.0114 m, depth=0.0115 m, YZ=(-0.4340, 0.5719) m, YZ_ref=(-0.4343, 0.5708) m, center_error_YZ_mm=(0.340, 1.085), vx=-0.0128 m/s, Fx=1.16 N, contact=False
[sac_runtime_controller-7] [INFO] [1786434828.751404227] [rl_hole_search_controller]: INSERTING: dx=0.0144 m, depth=0.0144 m, YZ=(-0.4335, 0.5711) m, YZ_ref=(-0.4343, 0.5708) m, center_error_YZ_mm=(0.830, 0.279), vx=0.0007 m/s, Fx=1.18 N, contact=False
[sac_runtime_controller-7] [INFO] [1786434829.960134674] [rl_hole_search_controller]: INSERTING: dx=0.0154 m, depth=0.0155 m, YZ=(-0.4333, 0.5719) m, YZ_ref=(-0.4343, 0.5708) m, center_error_YZ_mm=(1.036, 1.078), vx=0.0001 m/s, Fx=1.09 N, contact=False
[sac_runtime_controller-7] [INFO] [1786434831.111927549] [rl_hole_search_controller]: INSERTING: dx=0.0159 m, depth=0.0160 m, YZ=(-0.4341, 0.5711) m, YZ_ref=(-0.4343, 0.5708) m, center_error_YZ_mm=(0.211, 0.334), vx=0.0057 m/s, Fx=0.80 N, contact=False
[sac_runtime_controller-7] [INFO] [1786434832.217140558] [rl_hole_search_controller]: INSERTING: dx=0.0165 m, depth=0.0166 m, YZ=(-0.4342, 0.5711) m, YZ_ref=(-0.4343, 0.5708) m, center_error_YZ_mm=(0.148, 0.261), vx=0.0008 m/s, Fx=0.37 N, contact=False
[sac_runtime_controller-7] [INFO] [1786434833.297267682] [rl_hole_search_controller]: INSERTING: dx=0.0167 m, depth=0.0167 m, YZ=(-0.4336, 0.5704) m, YZ_ref=(-0.4343, 0.5708) m, center_error_YZ_mm=(0.717, -0.407), vx=0.0024 m/s, Fx=0.31 N, contact=False
[sac_runtime_controller-7] [INFO] [1786434834.440116707] [rl_hole_search_controller]: INSERTING: dx=0.0171 m, depth=0.0171 m, YZ=(-0.4340, 0.5706) m, YZ_ref=(-0.4343, 0.5708) m, center_error_YZ_mm=(0.358, -0.185), vx=-0.0010 m/s, Fx=0.08 N, contact=False
[sac_runtime_controller-7] [INFO] [1786434835.628530512] [rl_hole_search_controller]: INSERTING: dx=0.0169 m, depth=0.0169 m, YZ=(-0.4343, 0.5706) m, YZ_ref=(-0.4343, 0.5708) m, center_error_YZ_mm=(0.050, -0.251), vx=0.0008 m/s, Fx=0.25 N, contact=False
[sac_runtime_controller-7] [INFO] [1786434836.748259087] [rl_hole_search_controller]: INSERTING: dx=0.0171 m, depth=0.0171 m, YZ=(-0.4337, 0.5701) m, YZ_ref=(-0.4343, 0.5708) m, center_error_YZ_mm=(0.675, -0.759), vx=-0.0104 m/s, Fx=0.06 N, contact=False
[sac_runtime_controller-7] [INFO] [1786434837.852316582] [rl_hole_search_controller]: INSERTING: dx=0.0170 m, depth=0.0170 m, YZ=(-0.4344, 0.5704) m, YZ_ref=(-0.4343, 0.5708) m, center_error_YZ_mm=(-0.081, -0.450), vx=0.0083 m/s, Fx=0.08 N, contact=False
[sac_runtime_controller-7] [INFO] [1786434839.016953491] [rl_hole_search_controller]: INSERTING: dx=0.0174 m, depth=0.0174 m, YZ=(-0.4346, 0.5700) m, YZ_ref=(-0.4343, 0.5708) m, center_error_YZ_mm=(-0.255, -0.798), vx=0.0298 m/s, Fx=-0.12 N, contact=False
[sac_runtime_controller-7] [INFO] [1786434839.920362019] [rl_hole_search_controller]: INSERT_HOLDING: target depth confirmed at 0.0176 m; joint velocity=0.033 rad/s; tool velocity=0.006 m/s; captured current joints and starting MIT-equivalent hold
[sac_runtime_controller-7] [INFO] [1786434840.126872726] [rl_hole_search_controller]: INSERT_HOLDING: MIT joint lock, dx=0.0175 m, depth=0.0175 m, YZ=(-0.4343, 0.5708) m, ramp=0.64, q_error_max=0.0013 rad, dq_max=0.0063 rad/s, tau_max=0.01 Nm, hold_force_max=0.09 N, tip_centered_YZ=True, contact=False
[sac_runtime_controller-7] [INFO] [1786434841.262066848] [rl_hole_search_controller]: INSERT_HOLDING: MIT joint lock, dx=0.0175 m, depth=0.0176 m, YZ=(-0.4343, 0.5708) m, ramp=1.00, q_error_max=0.0004 rad, dq_max=0.0000 rad/s, tau_max=0.00 Nm, hold_force_max=0.10 N, tip_centered_YZ=True, contact=False
[sac_runtime_controller-7] [INFO] [1786434842.147337301] [rl_hole_search_controller]: INSERT_HOLDING complete: physical geometry confirmed; depth=0.0176 m, tip_error_YZ_mm=(-0.022, -0.005), entry_error_YZ_mm=(0.363, -0.157), tilt=1.35 deg; Episode is an assembly success
[sac_runtime_controller-7] [INFO] [1786434842.199289444] [rl_hole_search_controller]: RESETTING episode=24, dataset_index=23, offset_yz_mm=(-2.891, 0.365)
[sac_runtime_controller-7] [INFO] [1786434842.204446489] [rl_hole_search_controller]: RESETTING: joint_error=0.1552 rad, joint_velocity=0.0003 rad/s
[sac_runtime_controller-7] [INFO] [1786434842.603354021] [rl_hole_search_controller]: RESETTING: 固定外边界板面及真实深方孔已重建，WORLD_HOLE_XYZ=(0.33220, -0.43994, 0.57265) m, HOLE_YZ_ref=(-0.4399, 0.5726) m
[sac_runtime_controller-7] [INFO] [1786434843.091903189] [rl_hole_search_controller]: RESET complete; starting original HOLDING state
[sac_runtime_controller-7] [INFO] [1786434843.096110844] [rl_hole_search_controller]: HOLDING: center=[ 0.32378395 -0.43636568  0.57138031]
[sac_runtime_controller-7] [INFO] [1786434843.097730427] [rl_hole_search_controller]: HOLDING: dx=0.0000 m, depth=0.0001 m, YZ=(-0.4364, 0.5714) m, YZ_ref=(-0.4364, 0.5714) m, center_error_YZ_mm=(3.579, -1.266), vx=-0.0003 m/s, Fx=-0.08 N, contact=True
[sac_runtime_controller-7] [INFO] [1786434843.101098491] [rl_hole_search_controller]: HOLDING: reset tool tilt=0.01 deg
[sac_runtime_controller-7] [INFO] [1786434844.205913719] [rl_hole_search_controller]: HOLDING: dx=-0.0004 m, depth=-0.0003 m, YZ=(-0.4372, 0.5714) m, YZ_ref=(-0.4364, 0.5714) m, center_error_YZ_mm=(2.787, -1.250), vx=0.0028 m/s, Fx=0.00 N, contact=False
[sac_runtime_controller-7] [INFO] [1786434845.355958116] [rl_hole_search_controller]: HOLDING: dx=-0.0001 m, depth=-0.0000 m, YZ=(-0.4377, 0.5732) m, YZ_ref=(-0.4364, 0.5714) m, center_error_YZ_mm=(2.247, 0.535), vx=0.0037 m/s, Fx=-0.07 N, contact=True
[sac_runtime_controller-7] [INFO] [1786434846.474965203] [rl_hole_search_controller]: HOLDING: dx=0.0000 m, depth=0.0001 m, YZ=(-0.4352, 0.5672) m, YZ_ref=(-0.4364, 0.5714) m, center_error_YZ_mm=(4.717, -5.404), vx=-0.0197 m/s, Fx=-0.12 N, contact=True
[sac_runtime_controller-7] [INFO] [1786434847.623035228] [rl_hole_search_controller]: HOLDING: dx=-0.0001 m, depth=-0.0000 m, YZ=(-0.4367, 0.5712) m, YZ_ref=(-0.4364, 0.5714) m, center_error_YZ_mm=(3.294, -1.441), vx=-0.0027 m/s, Fx=0.00 N, contact=True
[sac_runtime_controller-7] [INFO] [1786434848.720005664] [rl_hole_search_controller]: APPROACHING: ramping world-X contact force
[sac_runtime_controller-7] [INFO] [1786434848.723193330] [rl_hole_search_controller]: APPROACHING: dx=-0.0004 m, depth=-0.0003 m, YZ=(-0.4374, 0.5710) m, YZ_ref=(-0.4364, 0.5714) m, center_error_YZ_mm=(2.589, -1.613), vx=-0.0065 m/s, Fx=0.00 N, contact=False
[sac_runtime_controller-7] [INFO] [1786434849.933153886] [rl_hole_search_controller]: APPROACHING: dx=0.0007 m, depth=0.0007 m, YZ=(-0.4381, 0.5753) m, YZ_ref=(-0.4364, 0.5714) m, center_error_YZ_mm=(1.819, 2.676), vx=-0.0032 m/s, Fx=0.26 N, contact=True
[sac_runtime_controller-7] [INFO] [1786434850.149235314] [rl_hole_search_controller]: SEARCHING: contact at X=0.3240; YZ spiral started
[sac_runtime_controller-7] [INFO] [1786434851.070803584] [rl_hole_search_controller]: SEARCHING: dx=0.0005 m, depth=0.0006 m, YZ=(-0.4413, 0.5794) m, YZ_ref=(-0.4418, 0.5790) m, center_error_YZ_mm=(-1.349, 6.758), vx=-0.0039 m/s, Fx=0.42 N, contact=True
[sac_runtime_controller-7] [INFO] [1786434852.145430032] [rl_hole_search_controller]: RESETTING episode=25, dataset_index=24, offset_yz_mm=(0.222, 1.144)
[sac_runtime_controller-7] [INFO] [1786434852.147847605] [rl_hole_search_controller]: RESETTING: joint_error=0.0889 rad, joint_velocity=0.0372 rad/s
[sac_runtime_controller-7] [INFO] [1786434852.474918788] [rl_hole_search_controller]: RESETTING: 固定外边界板面及真实深方孔已重建，WORLD_HOLE_XYZ=(0.33220, -0.43692, 0.57324) m, HOLE_YZ_ref=(-0.4369, 0.5732) m
[sac_runtime_controller-7] [INFO] [1786434852.975172355] [rl_hole_search_controller]: RESET complete; starting original HOLDING state
[sac_runtime_controller-7] [INFO] [1786434852.977177732] [rl_hole_search_controller]: HOLDING: center=[ 0.32376074 -0.43638152  0.57146777]
[sac_runtime_controller-7] [INFO] [1786434852.979263409] [rl_hole_search_controller]: HOLDING: dx=0.0000 m, depth=0.0001 m, YZ=(-0.4364, 0.5715) m, YZ_ref=(-0.4364, 0.5715) m, center_error_YZ_mm=(0.543, -1.776), vx=0.0001 m/s, Fx=-0.06 N, contact=True
[sac_runtime_controller-7] [INFO] [1786434852.982319475] [rl_hole_search_controller]: HOLDING: reset tool tilt=0.01 deg
[sac_runtime_controller-7] [INFO] [1786434854.040147438] [rl_hole_search_controller]: HOLDING: dx=-0.0002 m, depth=-0.0002 m, YZ=(-0.4343, 0.5676) m, YZ_ref=(-0.4364, 0.5715) m, center_error_YZ_mm=(2.579, -5.610), vx=0.0020 m/s, Fx=-0.04 N, contact=True
[sac_runtime_controller-7] [INFO] [1786434855.096874172] [rl_hole_search_controller]: HOLDING: dx=-0.0002 m, depth=-0.0002 m, YZ=(-0.4350, 0.5693) m, YZ_ref=(-0.4364, 0.5715) m, center_error_YZ_mm=(1.901, -3.961), vx=-0.0063 m/s, Fx=0.00 N, contact=True
[sac_runtime_controller-7] [INFO] [1786434856.156575234] [rl_hole_search_controller]: HOLDING: dx=0.0003 m, depth=0.0004 m, YZ=(-0.4298, 0.5699) m, YZ_ref=(-0.4364, 0.5715) m, center_error_YZ_mm=(7.173, -3.311), vx=-0.0151 m/s, Fx=-0.39 N, contact=True
[sac_runtime_controller-7] [INFO] [1786434857.280475934] [rl_hole_search_controller]: HOLDING: dx=-0.0001 m, depth=-0.0001 m, YZ=(-0.4315, 0.5715) m, YZ_ref=(-0.4364, 0.5715) m, center_error_YZ_mm=(5.453, -1.773), vx=0.0134 m/s, Fx=-0.27 N, contact=True
[sac_runtime_controller-7] [INFO] [1786434858.425352855] [rl_hole_search_controller]: APPROACHING: ramping world-X contact force
[sac_runtime_controller-7] [INFO] [1786434858.431269289] [rl_hole_search_controller]: APPROACHING: dx=-0.0002 m, depth=-0.0002 m, YZ=(-0.4330, 0.5708) m, YZ_ref=(-0.4364, 0.5715) m, center_error_YZ_mm=(3.888, -2.446), vx=0.0028 m/s, Fx=-0.05 N, contact=True
[sac_runtime_controller-7] [INFO] [1786434859.539538778] [rl_hole_search_controller]: APPROACHING: dx=0.0006 m, depth=0.0006 m, YZ=(-0.4336, 0.5724) m, YZ_ref=(-0.4364, 0.5715) m, center_error_YZ_mm=(3.302, -0.805), vx=-0.0029 m/s, Fx=0.36 N, contact=True
[sac_runtime_controller-7] [INFO] [1786434859.759647389] [rl_hole_search_controller]: SEARCHING: contact at X=0.3241; YZ spiral started
[sac_runtime_controller-7] [INFO] [1786434860.613155717] [rl_hole_search_controller]: SEARCHING: dx=0.0008 m, depth=0.0008 m, YZ=(-0.4340, 0.5730) m, YZ_ref=(-0.4383, 0.5753) m, center_error_YZ_mm=(2.957, -0.216), vx=-0.0026 m/s, Fx=0.18 N, contact=True
[sac_runtime_controller-7] [INFO] [1786434861.644099702] [rl_hole_search_controller]: RESETTING episode=26, dataset_index=25, offset_yz_mm=(-2.204, 0.611)
[sac_runtime_controller-7] [INFO] [1786434861.647327465] [rl_hole_search_controller]: RESETTING: joint_error=0.0757 rad, joint_velocity=0.0430 rad/s
[sac_runtime_controller-7] [INFO] [1786434861.949525927] [rl_hole_search_controller]: RESETTING: 固定外边界板面及真实深方孔已重建，WORLD_HOLE_XYZ=(0.33220, -0.43826, 0.57252) m, HOLE_YZ_ref=(-0.4383, 0.5725) m
[sac_runtime_controller-7] [INFO] [1786434862.575910982] [rl_hole_search_controller]: RESET complete; starting original HOLDING state
[sac_runtime_controller-7] [INFO] [1786434862.578686750] [rl_hole_search_controller]: HOLDING: center=[ 0.32375494 -0.43632839  0.57140324]
[sac_runtime_controller-7] [INFO] [1786434862.579911036] [rl_hole_search_controller]: HOLDING: dx=0.0000 m, depth=0.0001 m, YZ=(-0.4363, 0.5714) m, YZ_ref=(-0.4363, 0.5714) m, center_error_YZ_mm=(1.931, -1.114), vx=0.0000 m/s, Fx=-0.06 N, contact=True
[sac_runtime_controller-7] [INFO] [1786434862.581778115] [rl_hole_search_controller]: HOLDING: reset tool tilt=0.01 deg
[sac_runtime_controller-7] [INFO] [1786434863.911425012] [rl_hole_search_controller]: HOLDING: dx=-0.0002 m, depth=-0.0001 m, YZ=(-0.4393, 0.5759) m, YZ_ref=(-0.4363, 0.5714) m, center_error_YZ_mm=(-1.062, 3.394), vx=0.0019 m/s, Fx=-0.04 N, contact=True
[sac_runtime_controller-7] [INFO] [1786434865.112194726] [rl_hole_search_controller]: HOLDING: dx=-0.0002 m, depth=-0.0001 m, YZ=(-0.4378, 0.5684) m, YZ_ref=(-0.4363, 0.5714) m, center_error_YZ_mm=(0.426, -4.093), vx=0.0770 m/s, Fx=-1.54 N, contact=True
[sac_runtime_controller-7] [INFO] [1786434866.352235334] [rl_hole_search_controller]: HOLDING: dx=-0.0005 m, depth=-0.0004 m, YZ=(-0.4341, 0.5698) m, YZ_ref=(-0.4363, 0.5714) m, center_error_YZ_mm=(4.125, -2.741), vx=-0.0017 m/s, Fx=0.00 N, contact=False
[sac_runtime_controller-7] [INFO] [1786434867.496127306] [rl_hole_search_controller]: HOLDING: dx=-0.0017 m, depth=-0.0017 m, YZ=(-0.4308, 0.5645) m, YZ_ref=(-0.4363, 0.5714) m, center_error_YZ_mm=(7.453, -8.010), vx=-0.0250 m/s, Fx=0.00 N, contact=False
[sac_runtime_controller-7] [INFO] [1786434868.641327818] [rl_hole_search_controller]: APPROACHING: ramping world-X contact force
[sac_runtime_controller-7] [INFO] [1786434868.645989563] [rl_hole_search_controller]: APPROACHING: dx=-0.0004 m, depth=-0.0003 m, YZ=(-0.4351, 0.5687) m, YZ_ref=(-0.4363, 0.5714) m, center_error_YZ_mm=(3.196, -3.864), vx=-0.0501 m/s, Fx=0.00 N, contact=False
[sac_runtime_controller-7] [INFO] [1786434869.857730656] [rl_hole_search_controller]: APPROACHING: dx=0.0004 m, depth=0.0004 m, YZ=(-0.4426, 0.5778) m, YZ_ref=(-0.4363, 0.5714) m, center_error_YZ_mm=(-4.348, 5.243), vx=-0.0042 m/s, Fx=0.57 N, contact=True
[sac_runtime_controller-7] [INFO] [1786434870.116913332] [rl_hole_search_controller]: SEARCHING: contact at X=0.3245; YZ spiral started
[sac_runtime_controller-7] [INFO] [1786434870.698526835] [rl_hole_search_controller]: INSERTING: hole alignment/entry detected at 0.0008 m; centering YZ and inserting to 0.0170 m
[sac_runtime_controller-7] [INFO] [1786434870.700994006] [rl_hole_search_controller]: INSERTING handoff: HOLE_YZ_ref=(-0.4383, 0.5725) m, tool_YZ=(-0.4386, 0.5729) m, center_error_YZ_mm=(-0.388, 0.397), tool_tilt=0.93 deg
[sac_runtime_controller-7] [INFO] [1786434870.981250731] [rl_hole_search_controller]: INSERTING: dx=0.0014 m, depth=0.0014 m, YZ=(-0.4376, 0.5725) m, YZ_ref=(-0.4383, 0.5725) m, center_error_YZ_mm=(0.669, 0.023), vx=-0.0056 m/s, Fx=1.17 N, contact=False
[sac_runtime_controller-7] [INFO] [1786434872.077392180] [rl_hole_search_controller]: INSERTING: dx=0.0033 m, depth=0.0033 m, YZ=(-0.4373, 0.5723) m, YZ_ref=(-0.4383, 0.5725) m, center_error_YZ_mm=(0.955, -0.254), vx=0.0083 m/s, Fx=1.20 N, contact=False
[sac_runtime_controller-7] [INFO] [1786434873.136676224] [rl_hole_search_controller]: INSERTING: dx=0.0051 m, depth=0.0052 m, YZ=(-0.4380, 0.5732) m, YZ_ref=(-0.4383, 0.5725) m, center_error_YZ_mm=(0.281, 0.645), vx=-0.0062 m/s, Fx=1.19 N, contact=False
[sac_runtime_controller-7] [INFO] [1786434874.190886789] [rl_hole_search_controller]: INSERTING: dx=0.0069 m, depth=0.0069 m, YZ=(-0.4383, 0.5735) m, YZ_ref=(-0.4383, 0.5725) m, center_error_YZ_mm=(-0.006, 0.959), vx=0.0036 m/s, Fx=1.20 N, contact=False
[sac_runtime_controller-7] [INFO] [1786434875.245928107] [rl_hole_search_controller]: INSERTING: dx=0.0087 m, depth=0.0087 m, YZ=(-0.4377, 0.5730) m, YZ_ref=(-0.4383, 0.5725) m, center_error_YZ_mm=(0.543, 0.451), vx=0.0106 m/s, Fx=1.18 N, contact=False
[sac_runtime_controller-7] [INFO] [1786434876.296448841] [rl_hole_search_controller]: INSERTING: dx=0.0106 m, depth=0.0107 m, YZ=(-0.4379, 0.5730) m, YZ_ref=(-0.4383, 0.5725) m, center_error_YZ_mm=(0.399, 0.480), vx=0.0001 m/s, Fx=1.20 N, contact=False
[sac_runtime_controller-7] [INFO] [1786434877.406639627] [rl_hole_search_controller]: INSERTING: dx=0.0126 m, depth=0.0127 m, YZ=(-0.4380, 0.5733) m, YZ_ref=(-0.4383, 0.5725) m, center_error_YZ_mm=(0.299, 0.750), vx=-0.0034 m/s, Fx=1.21 N, contact=False
[sac_runtime_controller-7] [INFO] [1786434878.488906904] [rl_hole_search_controller]: INSERTING: dx=0.0145 m, depth=0.0146 m, YZ=(-0.4373, 0.5719) m, YZ_ref=(-0.4383, 0.5725) m, center_error_YZ_mm=(0.998, -0.586), vx=-0.0051 m/s, Fx=1.14 N, contact=False
[sac_runtime_controller-7] [INFO] [1786434879.538436735] [rl_hole_search_controller]: INSERTING: dx=0.0158 m, depth=0.0158 m, YZ=(-0.4376, 0.5724) m, YZ_ref=(-0.4383, 0.5725) m, center_error_YZ_mm=(0.642, -0.086), vx=-0.0123 m/s, Fx=0.94 N, contact=False
[sac_runtime_controller-7] [INFO] [1786434880.575265782] [rl_hole_search_controller]: INSERTING: dx=0.0160 m, depth=0.0161 m, YZ=(-0.4382, 0.5728) m, YZ_ref=(-0.4383, 0.5725) m, center_error_YZ_mm=(0.095, 0.239), vx=-0.0058 m/s, Fx=0.76 N, contact=False
[sac_runtime_controller-7] [INFO] [1786434881.638067780] [rl_hole_search_controller]: INSERTING: dx=0.0162 m, depth=0.0162 m, YZ=(-0.4373, 0.5732) m, YZ_ref=(-0.4383, 0.5725) m, center_error_YZ_mm=(0.923, 0.719), vx=0.0132 m/s, Fx=0.61 N, contact=False
[sac_runtime_controller-7] [INFO] [1786434882.801774219] [rl_hole_search_controller]: INSERTING: dx=0.0154 m, depth=0.0154 m, YZ=(-0.4330, 0.5685) m, YZ_ref=(-0.4383, 0.5725) m, center_error_YZ_mm=(5.275, -4.016), vx=-0.0185 m/s, Fx=1.28 N, contact=False
[sac_runtime_controller-7] [INFO] [1786434883.947402033] [rl_hole_search_controller]: INSERTING: dx=0.0172 m, depth=0.0172 m, YZ=(-0.4395, 0.5751) m, YZ_ref=(-0.4383, 0.5725) m, center_error_YZ_mm=(-1.193, 2.606), vx=0.0472 m/s, Fx=0.18 N, contact=False
[sac_runtime_controller-7] [INFO] [1786434885.091134925] [rl_hole_search_controller]: INSERTING: dx=0.0181 m, depth=0.0181 m, YZ=(-0.4381, 0.5719) m, YZ_ref=(-0.4383, 0.5725) m, center_error_YZ_mm=(0.172, -0.639), vx=-0.0169 m/s, Fx=-0.53 N, contact=False
[sac_runtime_controller-7] [INFO] [1786434885.805612214] [rl_hole_search_controller]: INSERT_HOLDING: target depth confirmed at 0.0175 m; joint velocity=0.100 rad/s; tool velocity=0.005 m/s; captured current joints and starting MIT-equivalent hold
[sac_runtime_controller-7] [INFO] [1786434886.234794274] [rl_hole_search_controller]: INSERT_HOLDING: MIT joint lock, dx=0.0175 m, depth=0.0175 m, YZ=(-0.4383, 0.5725) m, ramp=1.00, q_error_max=0.0010 rad, dq_max=0.0081 rad/s, tau_max=0.01 Nm, hold_force_max=0.10 N, tip_centered_YZ=True, contact=False
[sac_runtime_controller-7] [INFO] [1786434887.399270324] [rl_hole_search_controller]: INSERT_HOLDING: MIT joint lock, dx=0.0175 m, depth=0.0175 m, YZ=(-0.4384, 0.5725) m, ramp=1.00, q_error_max=0.0006 rad, dq_max=0.0000 rad/s, tau_max=0.00 Nm, hold_force_max=0.09 N, tip_centered_YZ=True, contact=False
[sac_runtime_controller-7] [INFO] [1786434888.077346310] [rl_hole_search_controller]: INSERT_HOLDING complete: physical geometry confirmed; depth=0.0175 m, tip_error_YZ_mm=(-0.092, 0.014), entry_error_YZ_mm=(0.009, -0.179), tilt=0.71 deg; Episode is an assembly success
[sac_runtime_controller-7] [INFO] [1786434888.129129874] [rl_hole_search_controller]: RESETTING episode=27, dataset_index=26, offset_yz_mm=(-2.976, -2.463)
[sac_runtime_controller-7] [INFO] [1786434888.131141449] [rl_hole_search_controller]: RESETTING: joint_error=0.1809 rad, joint_velocity=0.0004 rad/s
[sac_runtime_controller-7] [INFO] [1786434888.579453839] [rl_hole_search_controller]: RESETTING: 固定外边界板面及真实深方孔已重建，WORLD_HOLE_XYZ=(0.33220, -0.43965, 0.56986) m, HOLE_YZ_ref=(-0.4396, 0.5699) m
[sac_runtime_controller-7] [INFO] [1786434889.015991872] [rl_hole_search_controller]: RESET complete; starting original HOLDING state
[sac_runtime_controller-7] [INFO] [1786434889.019769826] [rl_hole_search_controller]: HOLDING: center=[ 0.32378932 -0.43633514  0.57140395]
[sac_runtime_controller-7] [INFO] [1786434889.021247707] [rl_hole_search_controller]: HOLDING: dx=0.0000 m, depth=0.0001 m, YZ=(-0.4363, 0.5714) m, YZ_ref=(-0.4363, 0.5714) m, center_error_YZ_mm=(3.312, 1.547), vx=-0.0003 m/s, Fx=-0.09 N, contact=True
[sac_runtime_controller-7] [INFO] [1786434889.023302982] [rl_hole_search_controller]: HOLDING: reset tool tilt=0.01 deg
[sac_runtime_controller-7] [INFO] [1786434890.272320579] [rl_hole_search_controller]: HOLDING: dx=-0.0007 m, depth=-0.0006 m, YZ=(-0.4376, 0.5722) m, YZ_ref=(-0.4363, 0.5714) m, center_error_YZ_mm=(2.066, 2.368), vx=-0.0013 m/s, Fx=0.00 N, contact=False
[sac_runtime_controller-7] [INFO] [1786434891.388174477] [rl_hole_search_controller]: HOLDING: dx=-0.0003 m, depth=-0.0002 m, YZ=(-0.4373, 0.5716) m, YZ_ref=(-0.4363, 0.5714) m, center_error_YZ_mm=(2.300, 1.780), vx=-0.0032 m/s, Fx=0.00 N, contact=False
[sac_runtime_controller-7] [INFO] [1786434892.579062302] [rl_hole_search_controller]: HOLDING: dx=-0.0003 m, depth=-0.0002 m, YZ=(-0.4367, 0.5719) m, YZ_ref=(-0.4363, 0.5714) m, center_error_YZ_mm=(2.904, 2.007), vx=0.0008 m/s, Fx=-0.02 N, contact=True
[sac_runtime_controller-7] [INFO] [1786434893.692204351] [rl_hole_search_controller]: HOLDING: dx=-0.0003 m, depth=-0.0002 m, YZ=(-0.4359, 0.5712) m, YZ_ref=(-0.4363, 0.5714) m, center_error_YZ_mm=(3.728, 1.354), vx=0.0049 m/s, Fx=-0.10 N, contact=True
[sac_runtime_controller-7] [INFO] [1786434894.787230786] [rl_hole_search_controller]: APPROACHING: ramping world-X contact force
[sac_runtime_controller-7] [INFO] [1786434894.792258323] [rl_hole_search_controller]: APPROACHING: dx=-0.0004 m, depth=-0.0003 m, YZ=(-0.4359, 0.5705) m, YZ_ref=(-0.4363, 0.5714) m, center_error_YZ_mm=(3.742, 0.688), vx=-0.0010 m/s, Fx=0.00 N, contact=False
[sac_runtime_controller-7] [INFO] [1786434895.997247042] [rl_hole_search_controller]: APPROACHING: dx=0.0001 m, depth=0.0002 m, YZ=(-0.4377, 0.5731) m, YZ_ref=(-0.4363, 0.5714) m, center_error_YZ_mm=(1.971, 3.235), vx=0.0023 m/s, Fx=0.74 N, contact=True
[sac_runtime_controller-7] [INFO] [1786434896.215279905] [rl_hole_search_controller]: SEARCHING: contact at X=0.3245; YZ spiral started
[sac_runtime_controller-7] [INFO] [1786434897.123852194] [rl_hole_search_controller]: SEARCHING: dx=0.0007 m, depth=0.0008 m, YZ=(-0.4358, 0.5713) m, YZ_ref=(-0.4342, 0.5728) m, center_error_YZ_mm=(3.801, 1.407), vx=0.0007 m/s, Fx=0.21 N, contact=True
[sac_runtime_controller-7] [INFO] [1786434897.989819792] [rl_hole_search_controller]: RESETTING episode=28, dataset_index=27, offset_yz_mm=(-0.697, -0.833)
[sac_runtime_controller-7] [INFO] [1786434897.993539546] [rl_hole_search_controller]: RESETTING: joint_error=0.0244 rad, joint_velocity=0.0505 rad/s
[sac_runtime_controller-7] [INFO] [1786434898.129355332] [rl_hole_search_controller]: RESETTING: 固定外边界板面及真实深方孔已重建，WORLD_HOLE_XYZ=(0.33220, -0.43403, 0.56806) m, HOLE_YZ_ref=(-0.4340, 0.5681) m
[sac_runtime_controller-7] [INFO] [1786434898.858859326] [rl_hole_search_controller]: RESET complete; starting original HOLDING state
[sac_runtime_controller-7] [INFO] [1786434898.861768489] [rl_hole_search_controller]: HOLDING: center=[ 0.32375714 -0.43634922  0.57142549]
[sac_runtime_controller-7] [INFO] [1786434898.862947675] [rl_hole_search_controller]: HOLDING: dx=0.0000 m, depth=0.0001 m, YZ=(-0.4363, 0.5714) m, YZ_ref=(-0.4363, 0.5714) m, center_error_YZ_mm=(-2.320, 3.369), vx=-0.0001 m/s, Fx=-0.06 N, contact=True
[sac_runtime_controller-7] [INFO] [1786434898.866043535] [rl_hole_search_controller]: HOLDING: reset tool tilt=0.00 deg
[sac_runtime_controller-7] [INFO] [1786434900.050942848] [rl_hole_search_controller]: HOLDING: dx=-0.0010 m, depth=-0.0009 m, YZ=(-0.4360, 0.5677) m, YZ_ref=(-0.4363, 0.5714) m, center_error_YZ_mm=(-2.019, -0.357), vx=-0.0155 m/s, Fx=0.00 N, contact=False
[sac_runtime_controller-7] [INFO] [1786434901.157328210] [rl_hole_search_controller]: HOLDING: dx=0.0004 m, depth=0.0005 m, YZ=(-0.4317, 0.5699) m, YZ_ref=(-0.4363, 0.5714) m, center_error_YZ_mm=(2.332, 1.841), vx=0.0065 m/s, Fx=-0.62 N, contact=True
[sac_runtime_controller-7] [INFO] [1786434902.260429874] [rl_hole_search_controller]: HOLDING: dx=-0.0008 m, depth=-0.0007 m, YZ=(-0.4371, 0.5713) m, YZ_ref=(-0.4363, 0.5714) m, center_error_YZ_mm=(-3.074, 3.247), vx=0.0116 m/s, Fx=0.00 N, contact=False
[sac_runtime_controller-7] [INFO] [1786434903.444385566] [rl_hole_search_controller]: HOLDING: dx=0.0002 m, depth=0.0003 m, YZ=(-0.4311, 0.5667) m, YZ_ref=(-0.4363, 0.5714) m, center_error_YZ_mm=(2.914, -1.343), vx=0.0041 m/s, Fx=-0.37 N, contact=True
[sac_runtime_controller-7] [INFO] [1786434904.602396247] [rl_hole_search_controller]: APPROACHING: ramping world-X contact force
[sac_runtime_controller-7] [INFO] [1786434904.609568755] [rl_hole_search_controller]: APPROACHING: dx=-0.0001 m, depth=-0.0000 m, YZ=(-0.4366, 0.5734) m, YZ_ref=(-0.4363, 0.5714) m, center_error_YZ_mm=(-2.583, 5.391), vx=-0.0306 m/s, Fx=0.00 N, contact=True
[sac_runtime_controller-7] [INFO] [1786434905.793560461] [rl_hole_search_controller]: APPROACHING: dx=0.0002 m, depth=0.0003 m, YZ=(-0.4379, 0.5733) m, YZ_ref=(-0.4363, 0.5714) m, center_error_YZ_mm=(-3.873, 5.260), vx=-0.0046 m/s, Fx=0.70 N, contact=True
[sac_runtime_controller-7] [INFO] [1786434906.034527966] [rl_hole_search_controller]: SEARCHING: contact at X=0.3245; YZ spiral started
[sac_runtime_controller-7] [INFO] [1786434906.889447159] [rl_hole_search_controller]: SEARCHING: dx=0.0005 m, depth=0.0005 m, YZ=(-0.4352, 0.5712) m, YZ_ref=(-0.4361, 0.5719) m, center_error_YZ_mm=(-1.178, 3.183), vx=0.0105 m/s, Fx=0.28 N, contact=True
[sac_runtime_controller-7] [INFO] [1786434907.906302337] [rl_hole_search_controller]: RESETTING episode=29, dataset_index=28, offset_yz_mm=(-1.940, -1.895)
[sac_runtime_controller-7] [INFO] [1786434907.910981776] [rl_hole_search_controller]: RESETTING: joint_error=0.0373 rad, joint_velocity=0.0470 rad/s
[sac_runtime_controller-7] [INFO] [1786434908.102678599] [rl_hole_search_controller]: RESETTING: 固定外边界板面及真实深方孔已重建，WORLD_HOLE_XYZ=(0.33220, -0.43684, 0.56788) m, HOLE_YZ_ref=(-0.4368, 0.5679) m
[sac_runtime_controller-7] [INFO] [1786434908.737922379] [rl_hole_search_controller]: RESET complete; starting original HOLDING state
[sac_runtime_controller-7] [INFO] [1786434908.740401247] [rl_hole_search_controller]: HOLDING: center=[ 0.3237577  -0.43634542  0.57143262]
[sac_runtime_controller-7] [INFO] [1786434908.742091825] [rl_hole_search_controller]: HOLDING: dx=0.0000 m, depth=0.0001 m, YZ=(-0.4363, 0.5714) m, YZ_ref=(-0.4363, 0.5714) m, center_error_YZ_mm=(0.496, 3.552), vx=-0.0001 m/s, Fx=-0.06 N, contact=True
[sac_runtime_controller-7] [INFO] [1786434908.745050887] [rl_hole_search_controller]: HOLDING: reset tool tilt=0.00 deg
[sac_runtime_controller-7] [INFO] [1786434909.806238330] [rl_hole_search_controller]: HOLDING: dx=-0.0001 m, depth=-0.0001 m, YZ=(-0.4349, 0.5705) m, YZ_ref=(-0.4363, 0.5714) m, center_error_YZ_mm=(1.893, 2.611), vx=-0.0057 m/s, Fx=0.00 N, contact=True
[sac_runtime_controller-7] [INFO] [1786434910.879671678] [rl_hole_search_controller]: HOLDING: dx=-0.0004 m, depth=-0.0003 m, YZ=(-0.4356, 0.5717) m, YZ_ref=(-0.4363, 0.5714) m, center_error_YZ_mm=(1.219, 3.836), vx=0.0078 m/s, Fx=0.00 N, contact=False
[sac_runtime_controller-7] [INFO] [1786434912.014182294] [rl_hole_search_controller]: HOLDING: dx=-0.0003 m, depth=-0.0002 m, YZ=(-0.4362, 0.5714) m, YZ_ref=(-0.4363, 0.5714) m, center_error_YZ_mm=(0.656, 3.498), vx=-0.0028 m/s, Fx=0.00 N, contact=True
[sac_runtime_controller-7] [INFO] [1786434913.062829991] [rl_hole_search_controller]: HOLDING: dx=-0.0007 m, depth=-0.0007 m, YZ=(-0.4386, 0.5729) m, YZ_ref=(-0.4363, 0.5714) m, center_error_YZ_mm=(-1.775, 5.021), vx=0.0083 m/s, Fx=0.00 N, contact=False
[sac_runtime_controller-7] [INFO] [1786434914.147761478] [rl_hole_search_controller]: APPROACHING: ramping world-X contact force
[sac_runtime_controller-7] [INFO] [1786434914.157660448] [rl_hole_search_controller]: APPROACHING: dx=-0.0005 m, depth=-0.0004 m, YZ=(-0.4354, 0.5697) m, YZ_ref=(-0.4363, 0.5714) m, center_error_YZ_mm=(1.469, 1.797), vx=-0.0035 m/s, Fx=0.01 N, contact=False
[sac_runtime_controller-7] [INFO] [1786434915.301796916] [rl_hole_search_controller]: APPROACHING: dx=0.0009 m, depth=0.0010 m, YZ=(-0.4318, 0.5695) m, YZ_ref=(-0.4363, 0.5714) m, center_error_YZ_mm=(5.029, 1.658), vx=0.0061 m/s, Fx=-0.11 N, contact=True
[sac_runtime_controller-7] [INFO] [1786434915.577915582] [rl_hole_search_controller]: SEARCHING: contact at X=0.3245; YZ spiral started
[sac_runtime_controller-7] [INFO] [1786434916.409319425] [rl_hole_search_controller]: SEARCHING: dx=0.0009 m, depth=0.0010 m, YZ=(-0.4296, 0.5675) m, YZ_ref=(-0.4309, 0.5675) m, center_error_YZ_mm=(7.251, -0.411), vx=-0.0174 m/s, Fx=0.02 N, contact=True
[sac_runtime_controller-7] [INFO] [1786434917.573664546] [rl_hole_search_controller]: SEARCHING: dx=0.0005 m, depth=0.0006 m, YZ=(-0.4352, 0.5669) m, YZ_ref=(-0.4305, 0.5642) m, center_error_YZ_mm=(1.656, -0.965), vx=0.0068 m/s, Fx=0.31 N, contact=True
[sac_runtime_controller-7] [INFO] [1786434918.200896047] [rl_hole_search_controller]: RESETTING episode=30, dataset_index=29, offset_yz_mm=(-0.664, -1.079)
[sac_runtime_controller-7] [INFO] [1786434918.204158104] [rl_hole_search_controller]: RESETTING: joint_error=0.0288 rad, joint_velocity=0.0115 rad/s
[sac_runtime_controller-7] [INFO] [1786434918.384107319] [rl_hole_search_controller]: RESETTING: 固定外边界板面及真实深方孔已重建，WORLD_HOLE_XYZ=(0.33220, -0.43563, 0.56712) m, HOLE_YZ_ref=(-0.4356, 0.5671) m
[sac_runtime_controller-7] [INFO] [1786434919.090935349] [rl_hole_search_controller]: RESET complete; starting original HOLDING state
[sac_runtime_controller-7] [INFO] [1786434919.093763912] [rl_hole_search_controller]: HOLDING: center=[ 0.32375348 -0.4363375   0.57137636]
[sac_runtime_controller-7] [INFO] [1786434919.095165393] [rl_hole_search_controller]: HOLDING: dx=0.0000 m, depth=0.0001 m, YZ=(-0.4363, 0.5714) m, YZ_ref=(-0.4363, 0.5714) m, center_error_YZ_mm=(-0.710, 4.260), vx=-0.0000 m/s, Fx=-0.05 N, contact=True
[sac_runtime_controller-7] [INFO] [1786434919.097968056] [rl_hole_search_controller]: HOLDING: reset tool tilt=0.01 deg
[sac_runtime_controller-7] [INFO] [1786434920.310597336] [rl_hole_search_controller]: HOLDING: dx=-0.0002 m, depth=-0.0002 m, YZ=(-0.4351, 0.5719) m, YZ_ref=(-0.4363, 0.5714) m, center_error_YZ_mm=(0.521, 4.816), vx=0.0038 m/s, Fx=-0.08 N, contact=True
[sac_runtime_controller-7] [INFO] [1786434921.528796397] [rl_hole_search_controller]: HOLDING: dx=-0.0002 m, depth=-0.0001 m, YZ=(-0.4347, 0.5685) m, YZ_ref=(-0.4363, 0.5714) m, center_error_YZ_mm=(0.963, 1.405), vx=-0.0323 m/s, Fx=0.00 N, contact=True
[sac_runtime_controller-7] [INFO] [1786434922.804277347] [rl_hole_search_controller]: HOLDING: dx=0.0000 m, depth=0.0001 m, YZ=(-0.4345, 0.5681) m, YZ_ref=(-0.4363, 0.5714) m, center_error_YZ_mm=(1.130, 0.985), vx=0.0091 m/s, Fx=-0.28 N, contact=True
[sac_runtime_controller-7] [INFO] [1786434924.132354139] [rl_hole_search_controller]: HOLDING: dx=-0.0005 m, depth=-0.0004 m, YZ=(-0.4384, 0.5768) m, YZ_ref=(-0.4363, 0.5714) m, center_error_YZ_mm=(-2.758, 9.693), vx=-0.1225 m/s, Fx=0.00 N, contact=False
[sac_runtime_controller-7] [INFO] [1786434925.316429416] [rl_hole_search_controller]: APPROACHING: ramping world-X contact force
[sac_runtime_controller-7] [INFO] [1786434925.326056887] [rl_hole_search_controller]: APPROACHING: dx=-0.0002 m, depth=-0.0001 m, YZ=(-0.4364, 0.5737) m, YZ_ref=(-0.4363, 0.5714) m, center_error_YZ_mm=(-0.809, 6.590), vx=0.0031 m/s, Fx=-0.06 N, contact=True
[sac_runtime_controller-7] [INFO] [1786434926.453253488] [rl_hole_search_controller]: APPROACHING: dx=0.0007 m, depth=0.0007 m, YZ=(-0.4332, 0.5704) m, YZ_ref=(-0.4363, 0.5714) m, center_error_YZ_mm=(2.404, 3.259), vx=-0.0116 m/s, Fx=0.29 N, contact=True
[sac_runtime_controller-7] [INFO] [1786434926.667083401] [rl_hole_search_controller]: SEARCHING: contact at X=0.3248; YZ spiral started
[sac_runtime_controller-7] [INFO] [1786434927.512393172] [rl_hole_search_controller]: SEARCHING: dx=0.0007 m, depth=0.0007 m, YZ=(-0.4343, 0.5727) m, YZ_ref=(-0.4312, 0.5713) m, center_error_YZ_mm=(1.375, 5.540), vx=0.0123 m/s, Fx=0.04 N, contact=True
[sac_runtime_controller-7] [INFO] [1786434928.725552133] [rl_hole_search_controller]: SEARCHING: dx=0.0009 m, depth=0.0010 m, YZ=(-0.4333, 0.5697) m, YZ_ref=(-0.4320, 0.5724) m, center_error_YZ_mm=(2.300, 2.573), vx=-0.0040 m/s, Fx=0.03 N, contact=True
[sac_runtime_controller-7] [INFO] [1786434929.241685126] [rl_hole_search_controller]: RESETTING episode=31, dataset_index=30, offset_yz_mm=(-2.724, -2.447)
[sac_runtime_controller-7] [INFO] [1786434929.244932082] [rl_hole_search_controller]: RESETTING: joint_error=0.0184 rad, joint_velocity=0.0265 rad/s
[sac_runtime_controller-7] [INFO] [1786434929.351066439] [rl_hole_search_controller]: RESETTING: 固定外边界板面及真实深方孔已重建，WORLD_HOLE_XYZ=(0.33220, -0.43715, 0.57142) m, HOLE_YZ_ref=(-0.4372, 0.5714) m
[sac_runtime_controller-7] [INFO] [1786434930.089388800] [rl_hole_search_controller]: RESET complete; starting original HOLDING state
[sac_runtime_controller-7] [INFO] [1786434930.091800767] [rl_hole_search_controller]: HOLDING: center=[ 0.3237547  -0.43634419  0.57140781]
[sac_runtime_controller-7] [INFO] [1786434930.093132549] [rl_hole_search_controller]: HOLDING: dx=0.0000 m, depth=0.0001 m, YZ=(-0.4363, 0.5714) m, YZ_ref=(-0.4363, 0.5714) m, center_error_YZ_mm=(0.809, -0.016), vx=0.0000 m/s, Fx=-0.06 N, contact=True
[sac_runtime_controller-7] [INFO] [1786434930.096300206] [rl_hole_search_controller]: HOLDING: reset tool tilt=0.00 deg
[sac_runtime_controller-7] [INFO] [1786434931.241321699] [rl_hole_search_controller]: HOLDING: dx=-0.0002 m, depth=-0.0001 m, YZ=(-0.4380, 0.5720) m, YZ_ref=(-0.4363, 0.5714) m, center_error_YZ_mm=(-0.828, 0.556), vx=-0.0243 m/s, Fx=0.00 N, contact=True
[sac_runtime_controller-7] [INFO] [1786434932.532772850] [rl_hole_search_controller]: HOLDING: dx=-0.0000 m, depth=0.0000 m, YZ=(-0.4389, 0.5759) m, YZ_ref=(-0.4363, 0.5714) m, center_error_YZ_mm=(-1.735, 4.522), vx=-0.0165 m/s, Fx=-0.05 N, contact=True
[sac_runtime_controller-7] [INFO] [1786434933.645038210] [rl_hole_search_controller]: HOLDING: dx=-0.0003 m, depth=-0.0002 m, YZ=(-0.4372, 0.5721) m, YZ_ref=(-0.4363, 0.5714) m, center_error_YZ_mm=(-0.064, 0.652), vx=0.0134 m/s, Fx=0.00 N, contact=False
[sac_runtime_controller-7] [INFO] [1786434934.832173603] [rl_hole_search_controller]: HOLDING: dx=-0.0005 m, depth=-0.0005 m, YZ=(-0.4369, 0.5721) m, YZ_ref=(-0.4363, 0.5714) m, center_error_YZ_mm=(0.231, 0.714), vx=0.0026 m/s, Fx=0.00 N, contact=False
[sac_runtime_controller-7] [INFO] [1786434935.964361613] [rl_hole_search_controller]: APPROACHING: ramping world-X contact force
[sac_runtime_controller-7] [INFO] [1786434935.966828879] [rl_hole_search_controller]: APPROACHING: dx=-0.0000 m, depth=0.0000 m, YZ=(-0.4336, 0.5681) m, YZ_ref=(-0.4363, 0.5714) m, center_error_YZ_mm=(3.558, -3.283), vx=-0.0045 m/s, Fx=-0.01 N, contact=True
[sac_runtime_controller-7] [INFO] [1786434937.287191346] [rl_hole_search_controller]: APPROACHING: dx=0.0009 m, depth=0.0009 m, YZ=(-0.4341, 0.5705) m, YZ_ref=(-0.4363, 0.5714) m, center_error_YZ_mm=(3.059, -0.916), vx=0.0014 m/s, Fx=0.03 N, contact=True
[sac_runtime_controller-7] [INFO] [1786434937.566294084] [rl_hole_search_controller]: SEARCHING: contact at X=0.3247; YZ spiral started
[sac_runtime_controller-7] [INFO] [1786434938.478894943] [rl_hole_search_controller]: SEARCHING: dx=0.0012 m, depth=0.0013 m, YZ=(-0.4322, 0.5699) m, YZ_ref=(-0.4326, 0.5728) m, center_error_YZ_mm=(4.918, -1.485), vx=0.0012 m/s, Fx=-0.28 N, contact=True
[sac_runtime_controller-7] [INFO] [1786434939.560620128] [rl_hole_search_controller]: RESETTING episode=32, dataset_index=31, offset_yz_mm=(-1.684, -0.527)
[sac_runtime_controller-7] [INFO] [1786434939.564225578] [rl_hole_search_controller]: RESETTING: joint_error=0.0288 rad, joint_velocity=0.0116 rad/s
[sac_runtime_controller-7] [INFO] [1786434939.743313190] [rl_hole_search_controller]: RESETTING: 固定外边界板面及真实深方孔已重建，WORLD_HOLE_XYZ=(0.33220, -0.43727, 0.57140) m, HOLE_YZ_ref=(-0.4373, 0.5714) m
[sac_runtime_controller-7] [INFO] [1786434940.438439218] [rl_hole_search_controller]: RESET complete; starting original HOLDING state
[sac_runtime_controller-7] [INFO] [1786434940.442962655] [rl_hole_search_controller]: HOLDING: center=[ 0.32375621 -0.43634772  0.57141921]
[sac_runtime_controller-7] [INFO] [1786434940.444846529] [rl_hole_search_controller]: HOLDING: dx=0.0000 m, depth=0.0001 m, YZ=(-0.4363, 0.5714) m, YZ_ref=(-0.4363, 0.5714) m, center_error_YZ_mm=(0.919, 0.019), vx=-0.0000 m/s, Fx=-0.06 N, contact=True
[sac_runtime_controller-7] [INFO] [1786434940.447690689] [rl_hole_search_controller]: HOLDING: reset tool tilt=0.00 deg
[sac_runtime_controller-7] [INFO] [1786434941.635014237] [rl_hole_search_controller]: HOLDING: dx=-0.0005 m, depth=-0.0005 m, YZ=(-0.4375, 0.5701) m, YZ_ref=(-0.4363, 0.5714) m, center_error_YZ_mm=(-0.235, -1.296), vx=-0.0015 m/s, Fx=0.00 N, contact=False
[sac_runtime_controller-7] [INFO] [1786434942.729725139] [rl_hole_search_controller]: HOLDING: dx=-0.0000 m, depth=0.0000 m, YZ=(-0.4362, 0.5710) m, YZ_ref=(-0.4363, 0.5714) m, center_error_YZ_mm=(1.020, -0.376), vx=0.0028 m/s, Fx=-0.07 N, contact=True
[sac_runtime_controller-7] [INFO] [1786434943.848845363] [rl_hole_search_controller]: HOLDING: dx=-0.0003 m, depth=-0.0003 m, YZ=(-0.4381, 0.5722) m, YZ_ref=(-0.4363, 0.5714) m, center_error_YZ_mm=(-0.814, 0.776), vx=0.0014 m/s, Fx=0.00 N, contact=False
[sac_runtime_controller-7] [INFO] [1786434945.011909034] [rl_hole_search_controller]: HOLDING: dx=0.0003 m, depth=0.0003 m, YZ=(-0.4352, 0.5695) m, YZ_ref=(-0.4363, 0.5714) m, center_error_YZ_mm=(2.089, -1.947), vx=-0.0038 m/s, Fx=-0.34 N, contact=True
[sac_runtime_controller-7] [INFO] [1786434946.149108825] [rl_hole_search_controller]: APPROACHING: ramping world-X contact force
[sac_runtime_controller-7] [INFO] [1786434946.154118255] [rl_hole_search_controller]: APPROACHING: dx=-0.0001 m, depth=-0.0000 m, YZ=(-0.4369, 0.5712) m, YZ_ref=(-0.4363, 0.5714) m, center_error_YZ_mm=(0.330, -0.175), vx=-0.0052 m/s, Fx=0.00 N, contact=False
[sac_runtime_controller-7] [INFO] [1786434947.289924629] [rl_hole_search_controller]: APPROACHING: dx=0.0006 m, depth=0.0007 m, YZ=(-0.4363, 0.5729) m, YZ_ref=(-0.4363, 0.5714) m, center_error_YZ_mm=(0.974, 1.542), vx=-0.0109 m/s, Fx=0.33 N, contact=True
[sac_runtime_controller-7] [INFO] [1786434947.519205189] [rl_hole_search_controller]: SEARCHING: contact at X=0.3246; YZ spiral started
[sac_runtime_controller-7] [INFO] [1786434948.455786640] [rl_hole_search_controller]: SEARCHING: dx=0.0007 m, depth=0.0008 m, YZ=(-0.4363, 0.5752) m, YZ_ref=(-0.4364, 0.5745) m, center_error_YZ_mm=(0.953, 3.754), vx=-0.0074 m/s, Fx=0.20 N, contact=True
[sac_runtime_controller-7] [INFO] [1786434948.739024028] [rl_hole_search_controller]: INSERTING: hole alignment/entry detected at 0.0007 m; centering YZ and inserting to 0.0170 m
[sac_runtime_controller-7] [INFO] [1786434948.742261483] [rl_hole_search_controller]: INSERTING handoff: HOLE_YZ_ref=(-0.4373, 0.5714) m, tool_YZ=(-0.4371, 0.5718) m, center_error_YZ_mm=(0.149, 0.382), tool_tilt=0.88 deg
[sac_runtime_controller-7] [INFO] [1786434949.639794454] [rl_hole_search_controller]: INSERTING: dx=0.0031 m, depth=0.0031 m, YZ=(-0.4383, 0.5763) m, YZ_ref=(-0.4373, 0.5714) m, center_error_YZ_mm=(-1.043, 4.859), vx=0.0560 m/s, Fx=1.09 N, contact=False
[sac_runtime_controller-7] [INFO] [1786434950.765984348] [rl_hole_search_controller]: INSERTING: dx=0.0043 m, depth=0.0043 m, YZ=(-0.4364, 0.5707) m, YZ_ref=(-0.4373, 0.5714) m, center_error_YZ_mm=(0.876, -0.684), vx=-0.0206 m/s, Fx=1.19 N, contact=False
[sac_runtime_controller-7] [INFO] [1786434951.899391905] [rl_hole_search_controller]: INSERTING: dx=0.0054 m, depth=0.0055 m, YZ=(-0.4364, 0.5725) m, YZ_ref=(-0.4373, 0.5714) m, center_error_YZ_mm=(0.907, 1.132), vx=0.0089 m/s, Fx=1.20 N, contact=False
[sac_runtime_controller-7] [INFO] [1786434952.969971422] [rl_hole_search_controller]: INSERTING: dx=0.0071 m, depth=0.0072 m, YZ=(-0.4365, 0.5720) m, YZ_ref=(-0.4373, 0.5714) m, center_error_YZ_mm=(0.812, 0.601), vx=0.0050 m/s, Fx=1.20 N, contact=False
[sac_runtime_controller-7] [INFO] [1786434954.050387664] [rl_hole_search_controller]: INSERTING: dx=0.0089 m, depth=0.0089 m, YZ=(-0.4375, 0.5716) m, YZ_ref=(-0.4373, 0.5714) m, center_error_YZ_mm=(-0.247, 0.222), vx=-0.0117 m/s, Fx=1.20 N, contact=False
[sac_runtime_controller-7] [INFO] [1786434955.118622745] [rl_hole_search_controller]: INSERTING: dx=0.0107 m, depth=0.0108 m, YZ=(-0.4358, 0.5722) m, YZ_ref=(-0.4373, 0.5714) m, center_error_YZ_mm=(1.457, 0.788), vx=0.0072 m/s, Fx=1.18 N, contact=False
[sac_runtime_controller-7] [INFO] [1786434956.207744693] [rl_hole_search_controller]: INSERTING: dx=0.0123 m, depth=0.0124 m, YZ=(-0.4362, 0.5716) m, YZ_ref=(-0.4373, 0.5714) m, center_error_YZ_mm=(1.077, 0.181), vx=0.0004 m/s, Fx=1.17 N, contact=False
[sac_runtime_controller-7] [INFO] [1786434957.288677625] [rl_hole_search_controller]: INSERTING: dx=0.0135 m, depth=0.0136 m, YZ=(-0.4358, 0.5713) m, YZ_ref=(-0.4373, 0.5714) m, center_error_YZ_mm=(1.448, -0.148), vx=-0.0090 m/s, Fx=1.19 N, contact=False
[sac_runtime_controller-7] [INFO] [1786434958.426212506] [rl_hole_search_controller]: INSERTING: dx=0.0144 m, depth=0.0145 m, YZ=(-0.4355, 0.5697) m, YZ_ref=(-0.4373, 0.5714) m, center_error_YZ_mm=(1.816, -1.696), vx=-0.0185 m/s, Fx=1.25 N, contact=False
[sac_runtime_controller-7] [INFO] [1786434959.605948938] [rl_hole_search_controller]: INSERTING: dx=0.0163 m, depth=0.0164 m, YZ=(-0.4380, 0.5722) m, YZ_ref=(-0.4373, 0.5714) m, center_error_YZ_mm=(-0.689, 0.841), vx=-0.0059 m/s, Fx=0.61 N, contact=False
[sac_runtime_controller-7] [INFO] [1786434960.741955066] [rl_hole_search_controller]: INSERTING: dx=0.0172 m, depth=0.0173 m, YZ=(-0.4363, 0.5704) m, YZ_ref=(-0.4373, 0.5714) m, center_error_YZ_mm=(0.919, -0.969), vx=0.0024 m/s, Fx=-0.11 N, contact=False
[sac_runtime_controller-7] [INFO] [1786434961.819221311] [rl_hole_search_controller]: INSERTING: dx=0.0171 m, depth=0.0171 m, YZ=(-0.4368, 0.5716) m, YZ_ref=(-0.4373, 0.5714) m, center_error_YZ_mm=(0.512, 0.212), vx=0.0062 m/s, Fx=0.08 N, contact=False
[sac_runtime_controller-7] [INFO] [1786434962.940282586] [rl_hole_search_controller]: INSERTING: dx=0.0168 m, depth=0.0168 m, YZ=(-0.4363, 0.5713) m, YZ_ref=(-0.4373, 0.5714) m, center_error_YZ_mm=(0.925, -0.051), vx=-0.0008 m/s, Fx=0.28 N, contact=False
[sac_runtime_controller-7] [INFO] [1786434964.121356945] [rl_hole_search_controller]: INSERTING: dx=0.0170 m, depth=0.0170 m, YZ=(-0.4376, 0.5717) m, YZ_ref=(-0.4373, 0.5714) m, center_error_YZ_mm=(-0.297, 0.268), vx=-0.0047 m/s, Fx=0.21 N, contact=False
[sac_runtime_controller-7] [INFO] [1786434965.417944472] [rl_hole_search_controller]: INSERTING: dx=0.0169 m, depth=0.0169 m, YZ=(-0.4378, 0.5726) m, YZ_ref=(-0.4373, 0.5714) m, center_error_YZ_mm=(-0.549, 1.207), vx=0.0059 m/s, Fx=0.31 N, contact=False
[sac_runtime_controller-7] [INFO] [1786434966.611662364] [rl_hole_search_controller]: INSERTING: dx=0.0165 m, depth=0.0166 m, YZ=(-0.4359, 0.5702) m, YZ_ref=(-0.4373, 0.5714) m, center_error_YZ_mm=(1.340, -1.183), vx=-0.0003 m/s, Fx=0.32 N, contact=False
[sac_runtime_controller-7] [INFO] [1786434967.694982740] [rl_hole_search_controller]: INSERTING: dx=0.0166 m, depth=0.0166 m, YZ=(-0.4362, 0.5720) m, YZ_ref=(-0.4373, 0.5714) m, center_error_YZ_mm=(1.080, 0.552), vx=0.0203 m/s, Fx=0.36 N, contact=False
[sac_runtime_controller-7] [INFO] [1786434968.817400607] [rl_hole_search_controller]: INSERTING: dx=0.0157 m, depth=0.0158 m, YZ=(-0.4365, 0.5716) m, YZ_ref=(-0.4373, 0.5714) m, center_error_YZ_mm=(0.813, 0.195), vx=-0.0002 m/s, Fx=1.08 N, contact=False
[sac_runtime_controller-7] [INFO] [1786434969.929989584] [rl_hole_search_controller]: INSERTING: dx=0.0157 m, depth=0.0157 m, YZ=(-0.4353, 0.5715) m, YZ_ref=(-0.4373, 0.5714) m, center_error_YZ_mm=(1.935, 0.080), vx=-0.0032 m/s, Fx=1.31 N, contact=False
[sac_runtime_controller-7] [INFO] [1786434971.009777213] [rl_hole_search_controller]: INSERTING: dx=0.0177 m, depth=0.0178 m, YZ=(-0.4377, 0.5725) m, YZ_ref=(-0.4373, 0.5714) m, center_error_YZ_mm=(-0.433, 1.126), vx=-0.0065 m/s, Fx=-0.29 N, contact=False
[sac_runtime_controller-7] [INFO] [1786434972.142639919] [rl_hole_search_controller]: INSERTING: dx=0.0180 m, depth=0.0181 m, YZ=(-0.4372, 0.5709) m, YZ_ref=(-0.4373, 0.5714) m, center_error_YZ_mm=(0.029, -0.497), vx=0.0057 m/s, Fx=-0.45 N, contact=False
[sac_runtime_controller-7] [INFO] [1786434973.208197291] [rl_hole_search_controller]: INSERTING: dx=0.0177 m, depth=0.0178 m, YZ=(-0.4377, 0.5716) m, YZ_ref=(-0.4373, 0.5714) m, center_error_YZ_mm=(-0.409, 0.186), vx=0.0012 m/s, Fx=-0.23 N, contact=False
[sac_runtime_controller-7] [INFO] [1786434974.292721647] [rl_hole_search_controller]: INSERTING: dx=0.0179 m, depth=0.0179 m, YZ=(-0.4362, 0.5711) m, YZ_ref=(-0.4373, 0.5714) m, center_error_YZ_mm=(1.065, -0.255), vx=0.0067 m/s, Fx=-0.52 N, contact=False
[sac_runtime_controller-7] [INFO] [1786434975.446415037] [rl_hole_search_controller]: INSERTING: dx=0.0167 m, depth=0.0168 m, YZ=(-0.4370, 0.5716) m, YZ_ref=(-0.4373, 0.5714) m, center_error_YZ_mm=(0.267, 0.186), vx=-0.0067 m/s, Fx=0.31 N, contact=False
[sac_runtime_controller-7] [INFO] [1786434976.664691725] [rl_hole_search_controller]: INSERTING: dx=0.0169 m, depth=0.0170 m, YZ=(-0.4361, 0.5721) m, YZ_ref=(-0.4373, 0.5714) m, center_error_YZ_mm=(1.204, 0.712), vx=-0.0127 m/s, Fx=0.18 N, contact=False
[sac_runtime_controller-7] [INFO] [1786434977.888360093] [rl_hole_search_controller]: INSERTING: dx=0.0165 m, depth=0.0166 m, YZ=(-0.4383, 0.5713) m, YZ_ref=(-0.4373, 0.5714) m, center_error_YZ_mm=(-0.999, -0.111), vx=0.0022 m/s, Fx=0.49 N, contact=False
[sac_runtime_controller-7] [INFO] [1786434979.067113693] [rl_hole_search_controller]: INSERTING: dx=0.0165 m, depth=0.0166 m, YZ=(-0.4388, 0.5732) m, YZ_ref=(-0.4373, 0.5714) m, center_error_YZ_mm=(-1.551, 1.817), vx=-0.0018 m/s, Fx=0.52 N, contact=False
[sac_runtime_controller-7] [INFO] [1786434980.242654601] [rl_hole_search_controller]: INSERTING: dx=0.0177 m, depth=0.0178 m, YZ=(-0.4356, 0.5702) m, YZ_ref=(-0.4373, 0.5714) m, center_error_YZ_mm=(1.679, -1.160), vx=0.0213 m/s, Fx=-0.45 N, contact=False
[sac_runtime_controller-7] [INFO] [1786434981.133062177] [rl_hole_search_controller]: INSERT_HOLDING: target depth confirmed at 0.0182 m; joint velocity=0.243 rad/s; tool velocity=0.010 m/s; captured current joints and starting MIT-equivalent hold
[sac_runtime_controller-7] [INFO] [1786434981.332123171] [rl_hole_search_controller]: INSERT_HOLDING: MIT joint lock, dx=0.0179 m, depth=0.0179 m, YZ=(-0.4373, 0.5714) m, ramp=0.57, q_error_max=0.0105 rad, dq_max=0.0454 rad/s, tau_max=0.10 Nm, hold_force_max=0.16 N, tip_centered_YZ=True, contact=False
[sac_runtime_controller-7] [INFO] [1786434982.534430801] [rl_hole_search_controller]: INSERT_HOLDING: MIT joint lock, dx=0.0179 m, depth=0.0180 m, YZ=(-0.4372, 0.5714) m, ramp=1.00, q_error_max=0.0008 rad, dq_max=0.0000 rad/s, tau_max=0.00 Nm, hold_force_max=0.18 N, tip_centered_YZ=True, contact=False
[sac_runtime_controller-7] [WARN] [1786434983.463801529] [rl_hole_search_controller]: INSERT_HOLDING failed physical geometry check: depth=0.0180 m, tip_error_YZ_mm=(0.024, -0.024), entry_error_YZ_mm=(-0.320, 0.317), tilt=1.54 deg; Episode will reset
[sac_runtime_controller-7] [INFO] [1786434983.528453948] [rl_hole_search_controller]: RESETTING episode=33, dataset_index=32, offset_yz_mm=(-0.612, -2.489)
[sac_runtime_controller-7] [INFO] [1786434983.533160777] [rl_hole_search_controller]: RESETTING: joint_error=0.1960 rad, joint_velocity=0.0005 rad/s
[sac_runtime_controller-7] [INFO] [1786434983.977841239] [rl_hole_search_controller]: RESETTING: 固定外边界板面及真实深方孔已重建，WORLD_HOLE_XYZ=(0.33220, -0.43703, 0.56955) m, HOLE_YZ_ref=(-0.4370, 0.5695) m
[sac_runtime_controller-7] [INFO] [1786434984.489145476] [rl_hole_search_controller]: RESET complete; starting original HOLDING state
[sac_runtime_controller-7] [INFO] [1786434984.491972433] [rl_hole_search_controller]: HOLDING: center=[ 0.32379404 -0.43632548  0.57141378]
[sac_runtime_controller-7] [INFO] [1786434984.493156615] [rl_hole_search_controller]: HOLDING: dx=0.0000 m, depth=0.0001 m, YZ=(-0.4363, 0.5714) m, YZ_ref=(-0.4363, 0.5714) m, center_error_YZ_mm=(0.702, 1.864), vx=-0.0003 m/s, Fx=-0.09 N, contact=True
[sac_runtime_controller-7] [INFO] [1786434984.495233883] [rl_hole_search_controller]: HOLDING: reset tool tilt=0.01 deg
[sac_runtime_controller-7] [INFO] [1786434985.624317326] [rl_hole_search_controller]: HOLDING: dx=-0.0000 m, depth=0.0001 m, YZ=(-0.4357, 0.5701) m, YZ_ref=(-0.4363, 0.5714) m, center_error_YZ_mm=(1.308, 0.514), vx=0.0082 m/s, Fx=-0.25 N, contact=True
[sac_runtime_controller-7] [INFO] [1786434986.678839169] [rl_hole_search_controller]: HOLDING: dx=0.0002 m, depth=0.0003 m, YZ=(-0.4350, 0.5698) m, YZ_ref=(-0.4363, 0.5714) m, center_error_YZ_mm=(2.033, 0.288), vx=0.0041 m/s, Fx=-0.41 N, contact=True
[sac_runtime_controller-7] [INFO] [1786434987.901692713] [rl_hole_search_controller]: HOLDING: dx=-0.0004 m, depth=-0.0003 m, YZ=(-0.4362, 0.5690) m, YZ_ref=(-0.4363, 0.5714) m, center_error_YZ_mm=(0.849, -0.505), vx=0.0011 m/s, Fx=0.00 N, contact=False
[sac_runtime_controller-7] [INFO] [1786434989.096628341] [rl_hole_search_controller]: HOLDING: dx=0.0009 m, depth=0.0010 m, YZ=(-0.4319, 0.5639) m, YZ_ref=(-0.4363, 0.5714) m, center_error_YZ_mm=(5.135, -5.618), vx=-0.0209 m/s, Fx=-0.96 N, contact=True
[sac_runtime_controller-7] [INFO] [1786434990.222024092] [rl_hole_search_controller]: APPROACHING: ramping world-X contact force
[sac_runtime_controller-7] [INFO] [1786434990.231081854] [rl_hole_search_controller]: APPROACHING: dx=-0.0004 m, depth=-0.0003 m, YZ=(-0.4365, 0.5723) m, YZ_ref=(-0.4363, 0.5714) m, center_error_YZ_mm=(0.573, 2.732), vx=-0.0035 m/s, Fx=0.01 N, contact=False
[sac_runtime_controller-7] [INFO] [1786434991.343303076] [rl_hole_search_controller]: APPROACHING: dx=0.0003 m, depth=0.0004 m, YZ=(-0.4361, 0.5719) m, YZ_ref=(-0.4363, 0.5714) m, center_error_YZ_mm=(0.884, 2.315), vx=-0.0013 m/s, Fx=0.61 N, contact=True
[sac_runtime_controller-7] [INFO] [1786434991.549736902] [rl_hole_search_controller]: SEARCHING: contact at X=0.3243; YZ spiral started
[sac_runtime_controller-7] [INFO] [1786434992.547358651] [rl_hole_search_controller]: SEARCHING: dx=0.0013 m, depth=0.0014 m, YZ=(-0.4317, 0.5706) m, YZ_ref=(-0.4353, 0.5733) m, center_error_YZ_mm=(5.307, 1.074), vx=-0.0176 m/s, Fx=-0.36 N, contact=True
[sac_runtime_controller-7] [INFO] [1786434993.652637614] [rl_hole_search_controller]: SEARCHING: dx=0.0008 m, depth=0.0009 m, YZ=(-0.4342, 0.5708) m, YZ_ref=(-0.4330, 0.5703) m, center_error_YZ_mm=(2.860, 1.240), vx=0.0026 m/s, Fx=0.07 N, contact=True
[sac_runtime_controller-7] [INFO] [1786434994.586138798] [rl_hole_search_controller]: RESETTING episode=34, dataset_index=33, offset_yz_mm=(-0.069, -0.438)
[sac_runtime_controller-7] [INFO] [1786434994.589226851] [rl_hole_search_controller]: RESETTING: joint_error=0.0354 rad, joint_velocity=0.0142 rad/s
[sac_runtime_controller-7] [INFO] [1786434994.789479356] [rl_hole_search_controller]: RESETTING: 固定外边界板面及真实深方孔已重建，WORLD_HOLE_XYZ=(0.33220, -0.43541, 0.57076) m, HOLE_YZ_ref=(-0.4354, 0.5708) m
[sac_runtime_controller-7] [INFO] [1786434995.453901676] [rl_hole_search_controller]: RESET complete; starting original HOLDING state
[sac_runtime_controller-7] [INFO] [1786434995.457085327] [rl_hole_search_controller]: HOLDING: center=[ 0.32375466 -0.4363382   0.57140595]
[sac_runtime_controller-7] [INFO] [1786434995.458438906] [rl_hole_search_controller]: HOLDING: dx=0.0000 m, depth=0.0001 m, YZ=(-0.4363, 0.5714) m, YZ_ref=(-0.4363, 0.5714) m, center_error_YZ_mm=(-0.932, 0.646), vx=-0.0000 m/s, Fx=-0.05 N, contact=True
[sac_runtime_controller-7] [INFO] [1786434995.461592957] [rl_hole_search_controller]: HOLDING: reset tool tilt=0.00 deg
[sac_runtime_controller-7] [INFO] [1786434996.593421120] [rl_hole_search_controller]: HOLDING: dx=-0.0000 m, depth=0.0000 m, YZ=(-0.4365, 0.5716) m, YZ_ref=(-0.4363, 0.5714) m, center_error_YZ_mm=(-1.086, 0.844), vx=-0.0077 m/s, Fx=-0.02 N, contact=True
[sac_runtime_controller-7] [INFO] [1786434997.709166099] [rl_hole_search_controller]: HOLDING: dx=0.0002 m, depth=0.0003 m, YZ=(-0.4343, 0.5700) m, YZ_ref=(-0.4363, 0.5714) m, center_error_YZ_mm=(1.135, -0.807), vx=-0.0059 m/s, Fx=-0.26 N, contact=True
[sac_runtime_controller-7] [INFO] [1786434998.790726477] [rl_hole_search_controller]: HOLDING: dx=-0.0001 m, depth=0.0000 m, YZ=(-0.4336, 0.5688) m, YZ_ref=(-0.4363, 0.5714) m, center_error_YZ_mm=(1.854, -1.970), vx=0.0015 m/s, Fx=-0.03 N, contact=True
[sac_runtime_controller-7] [INFO] [1786434999.903277141] [rl_hole_search_controller]: HOLDING: dx=-0.0004 m, depth=-0.0004 m, YZ=(-0.4377, 0.5720) m, YZ_ref=(-0.4363, 0.5714) m, center_error_YZ_mm=(-2.297, 1.235), vx=0.0003 m/s, Fx=0.00 N, contact=False
[sac_runtime_controller-7] [INFO] [1786435001.093854852] [rl_hole_search_controller]: APPROACHING: ramping world-X contact force
[sac_runtime_controller-7] [INFO] [1786435001.100907642] [rl_hole_search_controller]: APPROACHING: dx=0.0004 m, depth=0.0005 m, YZ=(-0.4335, 0.5761) m, YZ_ref=(-0.4363, 0.5714) m, center_error_YZ_mm=(1.939, 5.322), vx=0.0112 m/s, Fx=-0.71 N, contact=True
[sac_runtime_controller-7] [INFO] [1786435002.197850381] [rl_hole_search_controller]: APPROACHING: dx=0.0000 m, depth=0.0001 m, YZ=(-0.4359, 0.5725) m, YZ_ref=(-0.4363, 0.5714) m, center_error_YZ_mm=(-0.499, 1.778), vx=0.0026 m/s, Fx=0.86 N, contact=True
[sac_runtime_controller-7] [INFO] [1786435002.434040880] [rl_hole_search_controller]: SEARCHING: contact at X=0.3239; YZ spiral started
[sac_runtime_controller-7] [INFO] [1786435003.281263000] [rl_hole_search_controller]: SEARCHING: dx=0.0004 m, depth=0.0005 m, YZ=(-0.4395, 0.5763) m, YZ_ref=(-0.4395, 0.5762) m, center_error_YZ_mm=(-4.141, 5.522), vx=0.0044 m/s, Fx=0.44 N, contact=True
[sac_runtime_controller-7] [INFO] [1786435003.798191988] [rl_hole_search_controller]: RESETTING episode=35, dataset_index=34, offset_yz_mm=(-1.733, 1.516)
[sac_runtime_controller-7] [INFO] [1786435003.800121058] [rl_hole_search_controller]: RESETTING: joint_error=0.0672 rad, joint_velocity=0.0432 rad/s
[sac_runtime_controller-7] [INFO] [1786435004.111214773] [rl_hole_search_controller]: RESETTING: 固定外边界板面及真实深方孔已重建，WORLD_HOLE_XYZ=(0.33220, -0.43861, 0.57306) m, HOLE_YZ_ref=(-0.4386, 0.5731) m
[sac_runtime_controller-7] [INFO] [1786435004.652316567] [rl_hole_search_controller]: RESET complete; starting original HOLDING state
[sac_runtime_controller-7] [INFO] [1786435004.655278020] [rl_hole_search_controller]: HOLDING: center=[ 0.3237607  -0.43637843  0.57146507]
[sac_runtime_controller-7] [INFO] [1786435004.656484301] [rl_hole_search_controller]: HOLDING: dx=0.0000 m, depth=0.0001 m, YZ=(-0.4364, 0.5715) m, YZ_ref=(-0.4364, 0.5715) m, center_error_YZ_mm=(2.235, -1.598), vx=0.0000 m/s, Fx=-0.06 N, contact=True
[sac_runtime_controller-7] [INFO] [1786435004.659858949] [rl_hole_search_controller]: HOLDING: reset tool tilt=0.01 deg
[sac_runtime_controller-7] [INFO] [1786435006.032937036] [rl_hole_search_controller]: HOLDING: dx=-0.0026 m, depth=-0.0026 m, YZ=(-0.4308, 0.5748) m, YZ_ref=(-0.4364, 0.5715) m, center_error_YZ_mm=(7.844, 1.753), vx=0.0333 m/s, Fx=0.00 N, contact=False
[sac_runtime_controller-7] [INFO] [1786435007.191271163] [rl_hole_search_controller]: HOLDING: dx=-0.0001 m, depth=-0.0001 m, YZ=(-0.4361, 0.5709) m, YZ_ref=(-0.4364, 0.5715) m, center_error_YZ_mm=(2.542, -2.119), vx=0.0051 m/s, Fx=-0.10 N, contact=True
[sac_runtime_controller-7] [INFO] [1786435008.320414617] [rl_hole_search_controller]: HOLDING: dx=-0.0004 m, depth=-0.0003 m, YZ=(-0.4382, 0.5719) m, YZ_ref=(-0.4364, 0.5715) m, center_error_YZ_mm=(0.462, -1.148), vx=-0.0004 m/s, Fx=0.00 N, contact=False
[sac_runtime_controller-7] [INFO] [1786435009.372072865] [rl_hole_search_controller]: HOLDING: dx=-0.0000 m, depth=0.0000 m, YZ=(-0.4376, 0.5732) m, YZ_ref=(-0.4364, 0.5715) m, center_error_YZ_mm=(0.989, 0.106), vx=-0.0047 m/s, Fx=-0.03 N, contact=True
[sac_runtime_controller-7] [INFO] [1786435010.529831800] [rl_hole_search_controller]: APPROACHING: ramping world-X contact force
[sac_runtime_controller-7] [INFO] [1786435010.540249535] [rl_hole_search_controller]: APPROACHING: dx=0.0002 m, depth=0.0003 m, YZ=(-0.4345, 0.5726) m, YZ_ref=(-0.4364, 0.5715) m, center_error_YZ_mm=(4.100, -0.469), vx=-0.0065 m/s, Fx=-0.29 N, contact=True
[sac_runtime_controller-7] [INFO] [1786435011.627990349] [rl_hole_search_controller]: APPROACHING: dx=0.0005 m, depth=0.0006 m, YZ=(-0.4347, 0.5708) m, YZ_ref=(-0.4364, 0.5715) m, center_error_YZ_mm=(3.942, -2.270), vx=-0.0019 m/s, Fx=0.40 N, contact=True
[sac_runtime_controller-7] [INFO] [1786435011.843218627] [rl_hole_search_controller]: SEARCHING: contact at X=0.3242; YZ spiral started
[sac_runtime_controller-7] [INFO] [1786435012.736159307] [rl_hole_search_controller]: SEARCHING: dx=0.0011 m, depth=0.0012 m, YZ=(-0.4325, 0.5701) m, YZ_ref=(-0.4358, 0.5730) m, center_error_YZ_mm=(6.095, -2.987), vx=-0.0026 m/s, Fx=-0.21 N, contact=True
[sac_runtime_controller-7] [INFO] [1786435013.119608396] [rl_hole_search_controller]: RESETTING episode=36, dataset_index=35, offset_yz_mm=(1.551, 2.159)
[sac_runtime_controller-7] [INFO] [1786435013.122800146] [rl_hole_search_controller]: RESETTING: joint_error=0.0668 rad, joint_velocity=0.0558 rad/s
[sac_runtime_controller-7] [INFO] [1786435013.393884820] [rl_hole_search_controller]: RESETTING: 固定外边界板面及真实深方孔已重建，WORLD_HOLE_XYZ=(0.33220, -0.43390, 0.57215) m, HOLE_YZ_ref=(-0.4339, 0.5721) m
[sac_runtime_controller-7] [INFO] [1786435014.046322810] [rl_hole_search_controller]: RESET complete; starting original HOLDING state
[sac_runtime_controller-7] [INFO] [1786435014.051868522] [rl_hole_search_controller]: HOLDING: center=[ 0.32375721 -0.43634445  0.57142654]
[sac_runtime_controller-7] [INFO] [1786435014.054109386] [rl_hole_search_controller]: HOLDING: dx=0.0000 m, depth=0.0001 m, YZ=(-0.4363, 0.5714) m, YZ_ref=(-0.4363, 0.5714) m, center_error_YZ_mm=(-2.448, -0.719), vx=-0.0001 m/s, Fx=-0.06 N, contact=True
[sac_runtime_controller-7] [INFO] [1786435014.057901025] [rl_hole_search_controller]: HOLDING: reset tool tilt=0.00 deg
[sac_runtime_controller-7] [INFO] [1786435015.342080297] [rl_hole_search_controller]: HOLDING: dx=-0.0004 m, depth=-0.0004 m, YZ=(-0.4370, 0.5696) m, YZ_ref=(-0.4363, 0.5714) m, center_error_YZ_mm=(-3.100, -2.549), vx=-0.0140 m/s, Fx=0.00 N, contact=False
[sac_runtime_controller-7] [INFO] [1786435016.721463101] [rl_hole_search_controller]: HOLDING: dx=-0.0005 m, depth=-0.0004 m, YZ=(-0.4334, 0.5736) m, YZ_ref=(-0.4363, 0.5714) m, center_error_YZ_mm=(0.499, 1.443), vx=-0.0045 m/s, Fx=0.00 N, contact=False
[sac_runtime_controller-7] [INFO] [1786435017.863329473] [rl_hole_search_controller]: HOLDING: dx=-0.0006 m, depth=-0.0005 m, YZ=(-0.4376, 0.5718) m, YZ_ref=(-0.4363, 0.5714) m, center_error_YZ_mm=(-3.747, -0.338), vx=-0.0002 m/s, Fx=0.00 N, contact=False
[sac_runtime_controller-7] [INFO] [1786435019.026901162] [rl_hole_search_controller]: HOLDING: dx=-0.0000 m, depth=0.0000 m, YZ=(-0.4359, 0.5712) m, YZ_ref=(-0.4363, 0.5714) m, center_error_YZ_mm=(-2.008, -0.911), vx=0.0056 m/s, Fx=-0.13 N, contact=True
[sac_runtime_controller-7] [INFO] [1786435020.120400944] [rl_hole_search_controller]: APPROACHING: ramping world-X contact force
[sac_runtime_controller-7] [INFO] [1786435020.125950555] [rl_hole_search_controller]: APPROACHING: dx=-0.0001 m, depth=-0.0000 m, YZ=(-0.4356, 0.5733) m, YZ_ref=(-0.4363, 0.5714) m, center_error_YZ_mm=(-1.724, 1.178), vx=0.0888 m/s, Fx=-1.77 N, contact=True
[sac_runtime_controller-7] [INFO] [1786435021.258115582] [rl_hole_search_controller]: APPROACHING: dx=0.0001 m, depth=0.0002 m, YZ=(-0.4366, 0.5753) m, YZ_ref=(-0.4363, 0.5714) m, center_error_YZ_mm=(-2.751, 3.189), vx=0.0067 m/s, Fx=0.67 N, contact=True
[sac_runtime_controller-7] [INFO] [1786435021.506099274] [rl_hole_search_controller]: SEARCHING: contact at X=0.3241; YZ spiral started
[sac_runtime_controller-7] [INFO] [1786435022.393484924] [rl_hole_search_controller]: SEARCHING: dx=0.0005 m, depth=0.0006 m, YZ=(-0.4349, 0.5709) m, YZ_ref=(-0.4353, 0.5732) m, center_error_YZ_mm=(-0.960, -1.251), vx=-0.0177 m/s, Fx=0.41 N, contact=True
[sac_runtime_controller-7] [INFO] [1786435023.151371654] [rl_hole_search_controller]: INSERTING: hole alignment/entry detected at 0.0009 m; centering YZ and inserting to 0.0170 m
[sac_runtime_controller-7] [INFO] [1786435023.156295575] [rl_hole_search_controller]: INSERTING handoff: HOLE_YZ_ref=(-0.4339, 0.5721) m, tool_YZ=(-0.4344, 0.5724) m, center_error_YZ_mm=(-0.467, 0.270), tool_tilt=0.89 deg
[sac_runtime_controller-7] [INFO] [1786435023.548642815] [rl_hole_search_controller]: INSERTING: dx=0.0019 m, depth=0.0019 m, YZ=(-0.4346, 0.5733) m, YZ_ref=(-0.4339, 0.5721) m, center_error_YZ_mm=(-0.751, 1.122), vx=0.0069 m/s, Fx=1.19 N, contact=False
[sac_runtime_controller-7] [INFO] [1786435024.664269613] [rl_hole_search_controller]: INSERTING: dx=0.0046 m, depth=0.0047 m, YZ=(-0.4327, 0.5720) m, YZ_ref=(-0.4339, 0.5721) m, center_error_YZ_mm=(1.150, -0.103), vx=-0.0020 m/s, Fx=1.15 N, contact=False
[sac_runtime_controller-7] [INFO] [1786435025.811262271] [rl_hole_search_controller]: INSERTING: dx=0.0066 m, depth=0.0067 m, YZ=(-0.4327, 0.5715) m, YZ_ref=(-0.4339, 0.5721) m, center_error_YZ_mm=(1.237, -0.645), vx=0.0090 m/s, Fx=1.18 N, contact=False
[sac_runtime_controller-7] [INFO] [1786435026.897648582] [rl_hole_search_controller]: INSERTING: dx=0.0081 m, depth=0.0082 m, YZ=(-0.4340, 0.5734) m, YZ_ref=(-0.4339, 0.5721) m, center_error_YZ_mm=(-0.105, 1.285), vx=0.0017 m/s, Fx=1.20 N, contact=False
[sac_runtime_controller-7] [INFO] [1786435028.015435452] [rl_hole_search_controller]: INSERTING: dx=0.0107 m, depth=0.0107 m, YZ=(-0.4326, 0.5718) m, YZ_ref=(-0.4339, 0.5721) m, center_error_YZ_mm=(1.264, -0.310), vx=0.0108 m/s, Fx=1.15 N, contact=False
[sac_runtime_controller-7] [INFO] [1786435029.193262106] [rl_hole_search_controller]: INSERTING: dx=0.0124 m, depth=0.0125 m, YZ=(-0.4332, 0.5725) m, YZ_ref=(-0.4339, 0.5721) m, center_error_YZ_mm=(0.699, 0.378), vx=0.0005 m/s, Fx=1.19 N, contact=False
[sac_runtime_controller-7] [INFO] [1786435030.286077520] [rl_hole_search_controller]: INSERTING: dx=0.0148 m, depth=0.0148 m, YZ=(-0.4330, 0.5722) m, YZ_ref=(-0.4339, 0.5721) m, center_error_YZ_mm=(0.923, 0.090), vx=-0.0021 m/s, Fx=1.20 N, contact=False
[sac_runtime_controller-7] [INFO] [1786435031.499810718] [rl_hole_search_controller]: INSERTING: dx=0.0163 m, depth=0.0163 m, YZ=(-0.4324, 0.5711) m, YZ_ref=(-0.4339, 0.5721) m, center_error_YZ_mm=(1.475, -1.053), vx=-0.0224 m/s, Fx=0.48 N, contact=False
[sac_runtime_controller-7] [INFO] [1786435032.663729100] [rl_hole_search_controller]: INSERTING: dx=0.0166 m, depth=0.0167 m, YZ=(-0.4325, 0.5714) m, YZ_ref=(-0.4339, 0.5721) m, center_error_YZ_mm=(1.372, -0.785), vx=0.0086 m/s, Fx=0.25 N, contact=False
[sac_runtime_controller-7] [INFO] [1786435033.772322760] [rl_hole_search_controller]: INSERTING: dx=0.0168 m, depth=0.0168 m, YZ=(-0.4333, 0.5723) m, YZ_ref=(-0.4339, 0.5721) m, center_error_YZ_mm=(0.581, 0.130), vx=0.0047 m/s, Fx=0.29 N, contact=False
[sac_runtime_controller-7] [INFO] [1786435034.868905286] [rl_hole_search_controller]: INSERTING: dx=0.0168 m, depth=0.0168 m, YZ=(-0.4287, 0.5675) m, YZ_ref=(-0.4339, 0.5721) m, center_error_YZ_mm=(5.206, -4.635), vx=-0.0711 m/s, Fx=0.09 N, contact=False
[sac_runtime_controller-7] [INFO] [1786435035.527143521] [rl_hole_search_controller]: INSERT_HOLDING: target depth confirmed at 0.0174 m; joint velocity=0.258 rad/s; tool velocity=0.006 m/s; captured current joints and starting MIT-equivalent hold
[sac_runtime_controller-7] [INFO] [1786435035.957374718] [rl_hole_search_controller]: INSERT_HOLDING: MIT joint lock, dx=0.0174 m, depth=0.0174 m, YZ=(-0.4339, 0.5722) m, ramp=1.00, q_error_max=0.0004 rad, dq_max=0.0023 rad/s, tau_max=0.00 Nm, hold_force_max=0.08 N, tip_centered_YZ=True, contact=False
[sac_runtime_controller-7] [INFO] [1786435036.999978978] [rl_hole_search_controller]: INSERT_HOLDING: MIT joint lock, dx=0.0174 m, depth=0.0174 m, YZ=(-0.4339, 0.5721) m, ramp=1.00, q_error_max=0.0003 rad, dq_max=0.0000 rad/s, tau_max=0.00 Nm, hold_force_max=0.08 N, tip_centered_YZ=True, contact=False
[sac_runtime_controller-7] [INFO] [1786435037.623877646] [rl_hole_search_controller]: INSERT_HOLDING complete: physical geometry confirmed; depth=0.0174 m, tip_error_YZ_mm=(-0.044, 0.003), entry_error_YZ_mm=(0.028, 0.408), tilt=1.35 deg; Episode is an assembly success
[sac_runtime_controller-7] [INFO] [1786435037.630006644] [rl_hole_search_controller]: RESETTING episode=37, dataset_index=36, offset_yz_mm=(-2.401, 0.548)
[sac_runtime_controller-7] [INFO] [1786435037.631744916] [rl_hole_search_controller]: RESETTING: joint_error=0.1604 rad, joint_velocity=0.0000 rad/s
[sac_runtime_controller-7] [INFO] [1786435038.005009734] [rl_hole_search_controller]: RESETTING: 固定外边界板面及真实深方孔已重建，WORLD_HOLE_XYZ=(0.33220, -0.43918, 0.57234) m, HOLE_YZ_ref=(-0.4392, 0.5723) m
[sac_runtime_controller-7] [INFO] [1786435038.460011789] [rl_hole_search_controller]: RESET complete; starting original HOLDING state
[sac_runtime_controller-7] [INFO] [1786435038.462370750] [rl_hole_search_controller]: HOLDING: center=[ 0.32378684 -0.43636874  0.57139742]
[sac_runtime_controller-7] [INFO] [1786435038.463551730] [rl_hole_search_controller]: HOLDING: dx=0.0000 m, depth=0.0001 m, YZ=(-0.4364, 0.5714) m, YZ_ref=(-0.4364, 0.5714) m, center_error_YZ_mm=(2.809, -0.942), vx=-0.0003 m/s, Fx=-0.09 N, contact=True
[sac_runtime_controller-7] [INFO] [1786435038.465894091] [rl_hole_search_controller]: HOLDING: reset tool tilt=0.01 deg
[sac_runtime_controller-7] [INFO] [1786435039.584213631] [rl_hole_search_controller]: HOLDING: dx=-0.0005 m, depth=-0.0004 m, YZ=(-0.4360, 0.5704) m, YZ_ref=(-0.4364, 0.5714) m, center_error_YZ_mm=(3.171, -1.987), vx=0.0083 m/s, Fx=0.00 N, contact=False
[sac_runtime_controller-7] [INFO] [1786435040.669050996] [rl_hole_search_controller]: HOLDING: dx=-0.0001 m, depth=-0.0000 m, YZ=(-0.4369, 0.5728) m, YZ_ref=(-0.4364, 0.5714) m, center_error_YZ_mm=(2.321, 0.413), vx=0.0035 m/s, Fx=-0.07 N, contact=True
[sac_runtime_controller-7] [INFO] [1786435041.742774917] [rl_hole_search_controller]: HOLDING: dx=-0.0003 m, depth=-0.0002 m, YZ=(-0.4385, 0.5735) m, YZ_ref=(-0.4364, 0.5714) m, center_error_YZ_mm=(0.667, 1.118), vx=0.0105 m/s, Fx=0.00 N, contact=False
[sac_runtime_controller-7] [INFO] [1786435043.008089813] [rl_hole_search_controller]: HOLDING: dx=0.0002 m, depth=0.0003 m, YZ=(-0.4357, 0.5687) m, YZ_ref=(-0.4364, 0.5714) m, center_error_YZ_mm=(3.507, -3.685), vx=0.0107 m/s, Fx=-0.52 N, contact=True
[sac_runtime_controller-7] [INFO] [1786435044.198916012] [rl_hole_search_controller]: APPROACHING: ramping world-X contact force
[sac_runtime_controller-7] [INFO] [1786435044.205556001] [rl_hole_search_controller]: APPROACHING: dx=0.0001 m, depth=0.0002 m, YZ=(-0.4394, 0.5788) m, YZ_ref=(-0.4364, 0.5714) m, center_error_YZ_mm=(-0.251, 6.481), vx=0.0249 m/s, Fx=-0.72 N, contact=True
[sac_runtime_controller-7] [INFO] [1786435045.383665479] [rl_hole_search_controller]: APPROACHING: dx=0.0004 m, depth=0.0005 m, YZ=(-0.4390, 0.5752) m, YZ_ref=(-0.4364, 0.5714) m, center_error_YZ_mm=(0.204, 2.871), vx=0.0003 m/s, Fx=0.53 N, contact=True
[sac_runtime_controller-7] [INFO] [1786435045.633184299] [rl_hole_search_controller]: SEARCHING: contact at X=0.3242; YZ spiral started
[sac_runtime_controller-7] [INFO] [1786435046.641600487] [rl_hole_search_controller]: SEARCHING: dx=0.0012 m, depth=0.0013 m, YZ=(-0.4382, 0.5749) m, YZ_ref=(-0.4417, 0.5791) m, center_error_YZ_mm=(1.021, 2.608), vx=-0.0244 m/s, Fx=-0.30 N, contact=True
[sac_runtime_controller-7] [INFO] [1786435047.808225292] [rl_hole_search_controller]: SEARCHING: dx=0.0004 m, depth=0.0005 m, YZ=(-0.4372, 0.5772) m, YZ_ref=(-0.4402, 0.5764) m, center_error_YZ_mm=(1.976, 4.898), vx=0.0167 m/s, Fx=0.21 N, contact=True
[sac_runtime_controller-7] [INFO] [1786435048.092088420] [rl_hole_search_controller]: INSERTING: hole alignment/entry detected at 0.0003 m; centering YZ and inserting to 0.0170 m
[sac_runtime_controller-7] [INFO] [1786435048.097789524] [rl_hole_search_controller]: INSERTING handoff: HOLE_YZ_ref=(-0.4392, 0.5723) m, tool_YZ=(-0.4392, 0.5723) m, center_error_YZ_mm=(0.015, -0.033), tool_tilt=1.36 deg
[sac_runtime_controller-7] [INFO] [1786435048.971601518] [rl_hole_search_controller]: INSERTING: dx=0.0025 m, depth=0.0026 m, YZ=(-0.4381, 0.5726) m, YZ_ref=(-0.4392, 0.5723) m, center_error_YZ_mm=(1.094, 0.229), vx=0.0109 m/s, Fx=1.17 N, contact=False
[sac_runtime_controller-7] [INFO] [1786435050.063900410] [rl_hole_search_controller]: INSERTING: dx=0.0041 m, depth=0.0042 m, YZ=(-0.4392, 0.5734) m, YZ_ref=(-0.4392, 0.5723) m, center_error_YZ_mm=(-0.062, 1.049), vx=0.0000 m/s, Fx=1.20 N, contact=False
[sac_runtime_controller-7] [INFO] [1786435051.488195255] [rl_hole_search_controller]: INSERTING: dx=0.0079 m, depth=0.0080 m, YZ=(-0.4374, 0.5740) m, YZ_ref=(-0.4392, 0.5723) m, center_error_YZ_mm=(1.797, 1.685), vx=-0.0041 m/s, Fx=1.17 N, contact=False
[sac_runtime_controller-7] [INFO] [1786435052.649683208] [rl_hole_search_controller]: INSERTING: dx=0.0082 m, depth=0.0083 m, YZ=(-0.4387, 0.5728) m, YZ_ref=(-0.4392, 0.5723) m, center_error_YZ_mm=(0.491, 0.432), vx=0.0021 m/s, Fx=1.20 N, contact=False
[sac_runtime_controller-7] [INFO] [1786435053.899981924] [rl_hole_search_controller]: INSERTING: dx=0.0092 m, depth=0.0093 m, YZ=(-0.4399, 0.5745) m, YZ_ref=(-0.4392, 0.5723) m, center_error_YZ_mm=(-0.704, 2.204), vx=0.0024 m/s, Fx=1.19 N, contact=False
[sac_runtime_controller-7] [INFO] [1786435055.009450295] [rl_hole_search_controller]: INSERTING: dx=0.0107 m, depth=0.0108 m, YZ=(-0.4390, 0.5734) m, YZ_ref=(-0.4392, 0.5723) m, center_error_YZ_mm=(0.170, 1.045), vx=-0.0041 m/s, Fx=1.20 N, contact=False
[sac_runtime_controller-7] [INFO] [1786435056.184024528] [rl_hole_search_controller]: INSERTING: dx=0.0126 m, depth=0.0127 m, YZ=(-0.4385, 0.5728) m, YZ_ref=(-0.4392, 0.5723) m, center_error_YZ_mm=(0.680, 0.488), vx=0.0012 m/s, Fx=1.18 N, contact=False
[sac_runtime_controller-7] [INFO] [1786435057.389353803] [rl_hole_search_controller]: INSERTING: dx=0.0156 m, depth=0.0157 m, YZ=(-0.4383, 0.5724) m, YZ_ref=(-0.4392, 0.5723) m, center_error_YZ_mm=(0.876, 0.107), vx=0.0079 m/s, Fx=0.94 N, contact=False
[sac_runtime_controller-7] [INFO] [1786435058.486313194] [rl_hole_search_controller]: INSERTING: dx=0.0169 m, depth=0.0169 m, YZ=(-0.4390, 0.5729) m, YZ_ref=(-0.4392, 0.5723) m, center_error_YZ_mm=(0.175, 0.554), vx=0.0162 m/s, Fx=0.13 N, contact=False
[sac_runtime_controller-7] [INFO] [1786435059.576179179] [rl_hole_search_controller]: INSERTING: dx=0.0165 m, depth=0.0166 m, YZ=(-0.4382, 0.5723) m, YZ_ref=(-0.4392, 0.5723) m, center_error_YZ_mm=(1.010, -0.038), vx=0.0174 m/s, Fx=0.43 N, contact=False
[sac_runtime_controller-7] [INFO] [1786435060.752621754] [rl_hole_search_controller]: INSERTING: dx=0.0169 m, depth=0.0170 m, YZ=(-0.4379, 0.5714) m, YZ_ref=(-0.4392, 0.5723) m, center_error_YZ_mm=(1.317, -0.894), vx=0.0008 m/s, Fx=0.15 N, contact=False
[sac_runtime_controller-7] [INFO] [1786435062.011714080] [rl_hole_search_controller]: INSERTING: dx=0.0155 m, depth=0.0156 m, YZ=(-0.4388, 0.5729) m, YZ_ref=(-0.4392, 0.5723) m, center_error_YZ_mm=(0.335, 0.590), vx=0.0086 m/s, Fx=1.01 N, contact=False
[sac_runtime_controller-7] [INFO] [1786435063.154228268] [rl_hole_search_controller]: INSERTING: dx=0.0164 m, depth=0.0165 m, YZ=(-0.4393, 0.5726) m, YZ_ref=(-0.4392, 0.5723) m, center_error_YZ_mm=(-0.121, 0.259), vx=-0.0017 m/s, Fx=0.45 N, contact=False
[sac_runtime_controller-7] [INFO] [1786435064.253823165] [rl_hole_search_controller]: INSERTING: dx=0.0170 m, depth=0.0171 m, YZ=(-0.4389, 0.5724) m, YZ_ref=(-0.4392, 0.5723) m, center_error_YZ_mm=(0.274, 0.045), vx=0.0052 m/s, Fx=0.11 N, contact=False
[sac_runtime_controller-7] [INFO] [1786435064.297232318] [rl_hole_search_controller]: INSERT_HOLDING: target depth confirmed at 0.0170 m; joint velocity=0.080 rad/s; tool velocity=0.006 m/s; captured current joints and starting MIT-equivalent hold
[sac_runtime_controller-7] [INFO] [1786435065.347809130] [rl_hole_search_controller]: INSERT_HOLDING: MIT joint lock, dx=0.0169 m, depth=0.0170 m, YZ=(-0.4392, 0.5724) m, ramp=1.00, q_error_max=0.0005 rad, dq_max=0.0001 rad/s, tau_max=0.00 Nm, hold_force_max=0.04 N, tip_centered_YZ=True, contact=False
[sac_runtime_controller-7] [INFO] [1786435066.425222753] [rl_hole_search_controller]: INSERT_HOLDING: MIT joint lock, dx=0.0169 m, depth=0.0170 m, YZ=(-0.4392, 0.5724) m, ramp=1.00, q_error_max=0.0005 rad, dq_max=0.0000 rad/s, tau_max=0.00 Nm, hold_force_max=0.04 N, tip_centered_YZ=True, contact=False
[sac_runtime_controller-7] [INFO] [1786435066.459193367] [rl_hole_search_controller]: INSERT_HOLDING complete: physical geometry confirmed; depth=0.0170 m, tip_error_YZ_mm=(0.014, 0.046), entry_error_YZ_mm=(0.390, -0.058), tilt=1.32 deg; Episode is an assembly success
[sac_runtime_controller-7] [INFO] [1786435066.505206373] [rl_hole_search_controller]: RESETTING episode=38, dataset_index=37, offset_yz_mm=(-1.011, -2.206)
[sac_runtime_controller-7] [INFO] [1786435066.507804328] [rl_hole_search_controller]: RESETTING: joint_error=0.1704 rad, joint_velocity=0.0002 rad/s
[sac_runtime_controller-7] [INFO] [1786435066.924763432] [rl_hole_search_controller]: RESETTING: 固定外边界板面及真实深方孔已重建，WORLD_HOLE_XYZ=(0.33220, -0.43787, 0.56997) m, HOLE_YZ_ref=(-0.4379, 0.5700) m
[sac_runtime_controller-7] [INFO] [1786435067.317592347] [rl_hole_search_controller]: RESET complete; starting original HOLDING state
[sac_runtime_controller-7] [INFO] [1786435067.320579296] [rl_hole_search_controller]: HOLDING: center=[ 0.3237894  -0.43635534  0.57139989]
[sac_runtime_controller-7] [INFO] [1786435067.323310548] [rl_hole_search_controller]: HOLDING: reset tool tilt=0.01 deg
[sac_runtime_controller-7] [INFO] [1786435067.494601389] [rl_hole_search_controller]: HOLDING: dx=-0.0005 m, depth=-0.0005 m, YZ=(-0.4389, 0.5737) m, YZ_ref=(-0.4364, 0.5714) m, center_error_YZ_mm=(-1.054, 3.721), vx=0.0077 m/s, Fx=0.00 N, contact=False
[sac_runtime_controller-7] [INFO] [1786435068.617330474] [rl_hole_search_controller]: HOLDING: dx=0.0000 m, depth=0.0001 m, YZ=(-0.4333, 0.5689) m, YZ_ref=(-0.4364, 0.5714) m, center_error_YZ_mm=(4.599, -1.078), vx=0.0144 m/s, Fx=-0.40 N, contact=True
[sac_runtime_controller-7] [INFO] [1786435069.730756389] [rl_hole_search_controller]: HOLDING: dx=-0.0006 m, depth=-0.0005 m, YZ=(-0.4376, 0.5713) m, YZ_ref=(-0.4364, 0.5714) m, center_error_YZ_mm=(0.280, 1.334), vx=0.0026 m/s, Fx=0.00 N, contact=False
[sac_runtime_controller-7] [INFO] [1786435070.866628289] [rl_hole_search_controller]: HOLDING: dx=-0.0004 m, depth=-0.0003 m, YZ=(-0.4374, 0.5723) m, YZ_ref=(-0.4364, 0.5714) m, center_error_YZ_mm=(0.425, 2.371), vx=0.0044 m/s, Fx=0.00 N, contact=False
[sac_runtime_controller-7] [INFO] [1786435071.915989863] [rl_hole_search_controller]: HOLDING: dx=-0.0005 m, depth=-0.0005 m, YZ=(-0.4383, 0.5719) m, YZ_ref=(-0.4364, 0.5714) m, center_error_YZ_mm=(-0.439, 1.939), vx=0.0008 m/s, Fx=0.00 N, contact=False
[sac_runtime_controller-7] [INFO] [1786435072.820330833] [rl_hole_search_controller]: APPROACHING: ramping world-X contact force
[sac_runtime_controller-7] [INFO] [1786435073.045914609] [rl_hole_search_controller]: APPROACHING: dx=-0.0003 m, depth=-0.0002 m, YZ=(-0.4379, 0.5720) m, YZ_ref=(-0.4364, 0.5714) m, center_error_YZ_mm=(-0.015, 2.037), vx=0.0037 m/s, Fx=0.10 N, contact=True
[sac_runtime_controller-7] [INFO] [1786435074.269945981] [rl_hole_search_controller]: APPROACHING: dx=0.0004 m, depth=0.0005 m, YZ=(-0.4355, 0.5724) m, YZ_ref=(-0.4364, 0.5714) m, center_error_YZ_mm=(2.318, 2.427), vx=-0.0019 m/s, Fx=0.50 N, contact=True
[sac_runtime_controller-7] [INFO] [1786435074.415600441] [rl_hole_search_controller]: SEARCHING: contact at X=0.3246; YZ spiral started
[sac_runtime_controller-7] [INFO] [1786435075.576837574] [rl_hole_search_controller]: SEARCHING: dx=0.0004 m, depth=0.0005 m, YZ=(-0.4371, 0.5755) m, YZ_ref=(-0.4354, 0.5700) m, center_error_YZ_mm=(0.719, 5.540), vx=0.0013 m/s, Fx=0.48 N, contact=True
[sac_runtime_controller-7] [INFO] [1786435076.747552011] [rl_hole_search_controller]: RESETTING episode=39, dataset_index=38, offset_yz_mm=(0.326, 0.806)
[sac_runtime_controller-7] [INFO] [1786435076.750513460] [rl_hole_search_controller]: RESETTING: joint_error=0.0110 rad, joint_velocity=0.0228 rad/s
[sac_runtime_controller-7] [INFO] [1786435076.791929535] [rl_hole_search_controller]: RESETTING: 固定外边界板面及真实深方孔已重建，WORLD_HOLE_XYZ=(0.33220, -0.43405, 0.57293) m, HOLE_YZ_ref=(-0.4340, 0.5729) m
[sac_runtime_controller-7] [INFO] [1786435077.734057343] [rl_hole_search_controller]: RESET complete; starting original HOLDING state
[sac_runtime_controller-7] [INFO] [1786435077.739505548] [rl_hole_search_controller]: HOLDING: center=[ 0.32375439 -0.43635196  0.57140635]
[sac_runtime_controller-7] [INFO] [1786435077.741500013] [rl_hole_search_controller]: HOLDING: dx=0.0000 m, depth=0.0001 m, YZ=(-0.4364, 0.5714) m, YZ_ref=(-0.4364, 0.5714) m, center_error_YZ_mm=(-2.306, -1.525), vx=0.0000 m/s, Fx=-0.05 N, contact=True
[sac_runtime_controller-7] [INFO] [1786435077.745077350] [rl_hole_search_controller]: HOLDING: reset tool tilt=0.00 deg
[sac_runtime_controller-7] [INFO] [1786435078.922191318] [rl_hole_search_controller]: HOLDING: dx=-0.0002 m, depth=-0.0002 m, YZ=(-0.4341, 0.5687) m, YZ_ref=(-0.4364, 0.5714) m, center_error_YZ_mm=(-0.019, -4.237), vx=0.0064 m/s, Fx=-0.13 N, contact=True
[sac_runtime_controller-7] [INFO] [1786435080.210977789] [rl_hole_search_controller]: HOLDING: dx=-0.0006 m, depth=-0.0005 m, YZ=(-0.4353, 0.5729) m, YZ_ref=(-0.4364, 0.5714) m, center_error_YZ_mm=(-1.281, 0.008), vx=0.0001 m/s, Fx=0.00 N, contact=False
[sac_runtime_controller-7] [INFO] [1786435081.327763850] [rl_hole_search_controller]: HOLDING: dx=-0.0003 m, depth=-0.0003 m, YZ=(-0.4379, 0.5737) m, YZ_ref=(-0.4364, 0.5714) m, center_error_YZ_mm=(-3.899, 0.750), vx=0.0328 m/s, Fx=0.00 N, contact=False
[sac_runtime_controller-7] [INFO] [1786435082.480915143] [rl_hole_search_controller]: HOLDING: dx=-0.0000 m, depth=0.0001 m, YZ=(-0.4364, 0.5721) m, YZ_ref=(-0.4364, 0.5714) m, center_error_YZ_mm=(-2.379, -0.827), vx=-0.0034 m/s, Fx=-0.05 N, contact=True
[sac_runtime_controller-7] [INFO] [1786435083.676709653] [rl_hole_search_controller]: APPROACHING: ramping world-X contact force
[sac_runtime_controller-7] [INFO] [1786435083.688995136] [rl_hole_search_controller]: APPROACHING: dx=-0.0004 m, depth=-0.0003 m, YZ=(-0.4366, 0.5703) m, YZ_ref=(-0.4364, 0.5714) m, center_error_YZ_mm=(-2.585, -2.665), vx=-0.0007 m/s, Fx=0.01 N, contact=False
[sac_runtime_controller-7] [INFO] [1786435084.836404870] [rl_hole_search_controller]: APPROACHING: dx=0.0005 m, depth=0.0006 m, YZ=(-0.4340, 0.5699) m, YZ_ref=(-0.4364, 0.5714) m, center_error_YZ_mm=(0.066, -3.055), vx=-0.0003 m/s, Fx=0.45 N, contact=True
[sac_runtime_controller-7] [INFO] [1786435085.109968434] [rl_hole_search_controller]: SEARCHING: contact at X=0.3242; YZ spiral started
[sac_runtime_controller-7] [INFO] [1786435085.983396082] [rl_hole_search_controller]: SEARCHING: dx=0.0004 m, depth=0.0005 m, YZ=(-0.4341, 0.5694) m, YZ_ref=(-0.4325, 0.5689) m, center_error_YZ_mm=(-0.089, -3.525), vx=-0.0028 m/s, Fx=0.52 N, contact=True
[sac_runtime_controller-7] [INFO] [1786435087.130241464] [rl_hole_search_controller]: INSERTING: hole alignment/entry detected at 0.0006 m; centering YZ and inserting to 0.0170 m
[sac_runtime_controller-7] [INFO] [1786435087.132643722] [rl_hole_search_controller]: INSERTING handoff: HOLE_YZ_ref=(-0.4340, 0.5729) m, tool_YZ=(-0.4341, 0.5725) m, center_error_YZ_mm=(-0.022, -0.461), tool_tilt=0.47 deg
[sac_runtime_controller-7] [INFO] [1786435087.196154595] [rl_hole_search_controller]: INSERTING: dx=0.0008 m, depth=0.0009 m, YZ=(-0.4327, 0.5712) m, YZ_ref=(-0.4340, 0.5729) m, center_error_YZ_mm=(1.391, -1.776), vx=0.0245 m/s, Fx=1.16 N, contact=False
[sac_runtime_controller-7] [INFO] [1786435088.345813197] [rl_hole_search_controller]: INSERTING: dx=0.0030 m, depth=0.0031 m, YZ=(-0.4337, 0.5723) m, YZ_ref=(-0.4340, 0.5729) m, center_error_YZ_mm=(0.392, -0.642), vx=-0.0156 m/s, Fx=1.21 N, contact=False
[sac_runtime_controller-7] [INFO] [1786435089.415657089] [rl_hole_search_controller]: INSERTING: dx=0.0048 m, depth=0.0048 m, YZ=(-0.4338, 0.5732) m, YZ_ref=(-0.4340, 0.5729) m, center_error_YZ_mm=(0.253, 0.265), vx=0.0100 m/s, Fx=1.18 N, contact=False
[sac_runtime_controller-7] [INFO] [1786435090.538241418] [rl_hole_search_controller]: INSERTING: dx=0.0078 m, depth=0.0079 m, YZ=(-0.4325, 0.5724) m, YZ_ref=(-0.4340, 0.5729) m, center_error_YZ_mm=(1.508, -0.500), vx=0.0062 m/s, Fx=1.16 N, contact=False
[sac_runtime_controller-7] [INFO] [1786435091.595179887] [rl_hole_search_controller]: INSERTING: dx=0.0092 m, depth=0.0092 m, YZ=(-0.4343, 0.5745) m, YZ_ref=(-0.4340, 0.5729) m, center_error_YZ_mm=(-0.252, 1.525), vx=0.0076 m/s, Fx=1.20 N, contact=False
[sac_runtime_controller-7] [INFO] [1786435092.697475623] [rl_hole_search_controller]: INSERTING: dx=0.0110 m, depth=0.0110 m, YZ=(-0.4331, 0.5729) m, YZ_ref=(-0.4340, 0.5729) m, center_error_YZ_mm=(0.918, -0.024), vx=0.0038 m/s, Fx=1.21 N, contact=False
[sac_runtime_controller-7] [INFO] [1786435094.032891666] [rl_hole_search_controller]: INSERTING: dx=0.0149 m, depth=0.0150 m, YZ=(-0.4363, 0.5740) m, YZ_ref=(-0.4340, 0.5729) m, center_error_YZ_mm=(-2.290, 1.028), vx=0.0846 m/s, Fx=0.61 N, contact=False
[sac_runtime_controller-7] [INFO] [1786435095.251076565] [rl_hole_search_controller]: INSERTING: dx=0.0163 m, depth=0.0164 m, YZ=(-0.4333, 0.5728) m, YZ_ref=(-0.4340, 0.5729) m, center_error_YZ_mm=(0.793, -0.102), vx=-0.0028 m/s, Fx=0.57 N, contact=False
[sac_runtime_controller-7] [INFO] [1786435096.395055364] [rl_hole_search_controller]: INSERTING: dx=0.0162 m, depth=0.0163 m, YZ=(-0.4342, 0.5734) m, YZ_ref=(-0.4340, 0.5729) m, center_error_YZ_mm=(-0.139, 0.491), vx=-0.0013 m/s, Fx=0.61 N, contact=False
[sac_runtime_controller-7] [INFO] [1786435097.482924042] [rl_hole_search_controller]: INSERTING: dx=0.0168 m, depth=0.0168 m, YZ=(-0.4324, 0.5718) m, YZ_ref=(-0.4340, 0.5729) m, center_error_YZ_mm=(1.597, -1.110), vx=-0.0121 m/s, Fx=0.23 N, contact=False
[sac_runtime_controller-7] [INFO] [1786435098.629443242] [rl_hole_search_controller]: INSERTING: dx=0.0165 m, depth=0.0165 m, YZ=(-0.4326, 0.5720) m, YZ_ref=(-0.4340, 0.5729) m, center_error_YZ_mm=(1.407, -0.971), vx=-0.0038 m/s, Fx=0.48 N, contact=False
[sac_runtime_controller-7] [INFO] [1786435099.734261362] [rl_hole_search_controller]: INSERTING: dx=0.0166 m, depth=0.0167 m, YZ=(-0.4331, 0.5731) m, YZ_ref=(-0.4340, 0.5729) m, center_error_YZ_mm=(0.911, 0.134), vx=0.0035 m/s, Fx=0.27 N, contact=False
[sac_runtime_controller-7] [INFO] [1786435100.946406822] [rl_hole_search_controller]: INSERTING: dx=0.0168 m, depth=0.0169 m, YZ=(-0.4355, 0.5748) m, YZ_ref=(-0.4340, 0.5729) m, center_error_YZ_mm=(-1.420, 1.868), vx=-0.0103 m/s, Fx=0.32 N, contact=False
[sac_runtime_controller-7] [INFO] [1786435102.159617727] [rl_hole_search_controller]: INSERTING: dx=0.0178 m, depth=0.0178 m, YZ=(-0.4350, 0.5739) m, YZ_ref=(-0.4340, 0.5729) m, center_error_YZ_mm=(-0.959, 0.940), vx=-0.0013 m/s, Fx=-0.25 N, contact=False
[sac_runtime_controller-7] [INFO] [1786435103.056252226] [rl_hole_search_controller]: INSERT_HOLDING: target depth confirmed at 0.0177 m; joint velocity=0.070 rad/s; tool velocity=0.006 m/s; captured current joints and starting MIT-equivalent hold
[sac_runtime_controller-7] [INFO] [1786435103.273870989] [rl_hole_search_controller]: INSERT_HOLDING: MIT joint lock, dx=0.0176 m, depth=0.0177 m, YZ=(-0.4340, 0.5728) m, ramp=0.67, q_error_max=0.0034 rad, dq_max=0.0171 rad/s, tau_max=0.04 Nm, hold_force_max=0.11 N, tip_centered_YZ=True, contact=False
[sac_runtime_controller-7] [INFO] [1786435104.426100235] [rl_hole_search_controller]: INSERT_HOLDING: MIT joint lock, dx=0.0176 m, depth=0.0176 m, YZ=(-0.4341, 0.5729) m, ramp=1.00, q_error_max=0.0005 rad, dq_max=0.0000 rad/s, tau_max=0.00 Nm, hold_force_max=0.11 N, tip_centered_YZ=True, contact=False
[sac_runtime_controller-7] [INFO] [1786435105.295076890] [rl_hole_search_controller]: INSERT_HOLDING complete: physical geometry confirmed; depth=0.0176 m, tip_error_YZ_mm=(-0.015, -0.044), entry_error_YZ_mm=(0.320, -0.295), tilt=1.36 deg; Episode is an assembly success
[sac_runtime_controller-7] [INFO] [1786435105.348247327] [rl_hole_search_controller]: RESETTING episode=40, dataset_index=39, offset_yz_mm=(-1.188, 0.934)
[sac_runtime_controller-7] [INFO] [1786435105.350593084] [rl_hole_search_controller]: RESETTING: joint_error=0.1578 rad, joint_velocity=0.0003 rad/s
[sac_runtime_controller-7] [INFO] [1786435105.723407526] [rl_hole_search_controller]: RESETTING: 固定外边界板面及真实深方孔已重建，WORLD_HOLE_XYZ=(0.33220, -0.43819, 0.57314) m, HOLE_YZ_ref=(-0.4382, 0.5731) m
[sac_runtime_controller-7] [INFO] [1786435106.140389163] [rl_hole_search_controller]: RESET complete; starting original HOLDING state
[sac_runtime_controller-7] [INFO] [1786435106.143004216] [rl_hole_search_controller]: HOLDING: center=[ 0.32378455 -0.43636809  0.57138572]
[sac_runtime_controller-7] [INFO] [1786435106.144579087] [rl_hole_search_controller]: HOLDING: dx=0.0000 m, depth=0.0001 m, YZ=(-0.4364, 0.5714) m, YZ_ref=(-0.4364, 0.5714) m, center_error_YZ_mm=(1.821, -1.757), vx=-0.0003 m/s, Fx=-0.08 N, contact=True
[sac_runtime_controller-7] [INFO] [1786435106.146516552] [rl_hole_search_controller]: HOLDING: reset tool tilt=0.01 deg
[sac_runtime_controller-7] [INFO] [1786435107.222553414] [rl_hole_search_controller]: HOLDING: dx=-0.0001 m, depth=-0.0000 m, YZ=(-0.4372, 0.5729) m, YZ_ref=(-0.4364, 0.5714) m, center_error_YZ_mm=(0.996, -0.290), vx=0.0024 m/s, Fx=-0.05 N, contact=True
[sac_runtime_controller-7] [INFO] [1786435108.386103959] [rl_hole_search_controller]: HOLDING: dx=-0.0001 m, depth=0.0000 m, YZ=(-0.4348, 0.5697) m, YZ_ref=(-0.4364, 0.5714) m, center_error_YZ_mm=(3.430, -3.401), vx=-0.0015 m/s, Fx=-0.03 N, contact=True
[sac_runtime_controller-7] [INFO] [1786435109.511954662] [rl_hole_search_controller]: HOLDING: dx=0.0001 m, depth=0.0002 m, YZ=(-0.4339, 0.5690) m, YZ_ref=(-0.4364, 0.5714) m, center_error_YZ_mm=(4.277, -4.172), vx=-0.0156 m/s, Fx=-0.17 N, contact=True
[sac_runtime_controller-7] [INFO] [1786435110.686280453] [rl_hole_search_controller]: HOLDING: dx=-0.0004 m, depth=-0.0003 m, YZ=(-0.4362, 0.5714) m, YZ_ref=(-0.4364, 0.5714) m, center_error_YZ_mm=(2.029, -1.763), vx=-0.0062 m/s, Fx=0.00 N, contact=False
[sac_runtime_controller-7] [INFO] [1786435111.889197794] [rl_hole_search_controller]: APPROACHING: ramping world-X contact force
[sac_runtime_controller-7] [INFO] [1786435111.895929171] [rl_hole_search_controller]: APPROACHING: dx=-0.0004 m, depth=-0.0003 m, YZ=(-0.4386, 0.5741) m, YZ_ref=(-0.4364, 0.5714) m, center_error_YZ_mm=(-0.445, 0.978), vx=0.0006 m/s, Fx=0.01 N, contact=False
[sac_runtime_controller-7] [INFO] [1786435113.251094293] [rl_hole_search_controller]: APPROACHING: dx=0.0004 m, depth=0.0005 m, YZ=(-0.4357, 0.5741) m, YZ_ref=(-0.4364, 0.5714) m, center_error_YZ_mm=(2.508, 0.983), vx=-0.0062 m/s, Fx=0.53 N, contact=True
[sac_runtime_controller-7] [INFO] [1786435113.577173424] [rl_hole_search_controller]: SEARCHING: contact at X=0.3247; YZ spiral started
[sac_runtime_controller-7] [INFO] [1786435114.493906834] [rl_hole_search_controller]: SEARCHING: dx=0.0008 m, depth=0.0009 m, YZ=(-0.4310, 0.5732) m, YZ_ref=(-0.4319, 0.5700) m, center_error_YZ_mm=(7.195, 0.088), vx=-0.0627 m/s, Fx=0.09 N, contact=True
[sac_runtime_controller-7] [INFO] [1786435115.265655287] [rl_hole_search_controller]: RESETTING episode=41, dataset_index=40, offset_yz_mm=(-2.397, -0.468)
[sac_runtime_controller-7] [INFO] [1786435115.268243339] [rl_hole_search_controller]: RESETTING: joint_error=0.0391 rad, joint_velocity=0.0687 rad/s
[sac_runtime_controller-7] [INFO] [1786435115.499245701] [rl_hole_search_controller]: RESETTING: 固定外边界板面及真实深方孔已重建，WORLD_HOLE_XYZ=(0.33220, -0.43677, 0.56682) m, HOLE_YZ_ref=(-0.4368, 0.5668) m
[sac_runtime_controller-7] [INFO] [1786435116.112412150] [rl_hole_search_controller]: RESET complete; starting original HOLDING state
[sac_runtime_controller-7] [INFO] [1786435116.115859587] [rl_hole_search_controller]: HOLDING: center=[ 0.3237539  -0.43633781  0.57139257]
[sac_runtime_controller-7] [INFO] [1786435116.119421021] [rl_hole_search_controller]: HOLDING: dx=0.0000 m, depth=0.0001 m, YZ=(-0.4363, 0.5714) m, YZ_ref=(-0.4363, 0.5714) m, center_error_YZ_mm=(0.432, 4.573), vx=-0.0001 m/s, Fx=-0.05 N, contact=True
[sac_runtime_controller-7] [INFO] [1786435116.124865021] [rl_hole_search_controller]: HOLDING: reset tool tilt=0.01 deg
[sac_runtime_controller-7] [INFO] [1786435117.217053157] [rl_hole_search_controller]: HOLDING: dx=-0.0004 m, depth=-0.0003 m, YZ=(-0.4360, 0.5718) m, YZ_ref=(-0.4363, 0.5714) m, center_error_YZ_mm=(0.802, 4.991), vx=0.0121 m/s, Fx=0.00 N, contact=False
[sac_runtime_controller-7] [INFO] [1786435118.312126314] [rl_hole_search_controller]: HOLDING: dx=0.0001 m, depth=0.0002 m, YZ=(-0.4347, 0.5706) m, YZ_ref=(-0.4363, 0.5714) m, center_error_YZ_mm=(2.024, 3.770), vx=0.0033 m/s, Fx=-0.25 N, contact=True
[sac_runtime_controller-7] [INFO] [1786435119.509211866] [rl_hole_search_controller]: HOLDING: dx=-0.0005 m, depth=-0.0005 m, YZ=(-0.4346, 0.5653) m, YZ_ref=(-0.4363, 0.5714) m, center_error_YZ_mm=(2.172, -1.562), vx=-0.0182 m/s, Fx=0.00 N, contact=False
[sac_runtime_controller-7] [INFO] [1786435120.646851786] [rl_hole_search_controller]: HOLDING: dx=-0.0001 m, depth=-0.0000 m, YZ=(-0.4362, 0.5704) m, YZ_ref=(-0.4363, 0.5714) m, center_error_YZ_mm=(0.554, 3.594), vx=-0.0088 m/s, Fx=0.00 N, contact=True
[sac_runtime_controller-7] [INFO] [1786435121.764900840] [rl_hole_search_controller]: APPROACHING: ramping world-X contact force
[sac_runtime_controller-7] [INFO] [1786435121.768683170] [rl_hole_search_controller]: APPROACHING: dx=-0.0001 m, depth=-0.0001 m, YZ=(-0.4361, 0.5704) m, YZ_ref=(-0.4363, 0.5714) m, center_error_YZ_mm=(0.702, 3.596), vx=0.0066 m/s, Fx=-0.13 N, contact=True
[sac_runtime_controller-7] [INFO] [1786435122.868864929] [rl_hole_search_controller]: APPROACHING: dx=0.0006 m, depth=0.0006 m, YZ=(-0.4358, 0.5719) m, YZ_ref=(-0.4363, 0.5714) m, center_error_YZ_mm=(0.931, 5.116), vx=0.0005 m/s, Fx=0.34 N, contact=True
[sac_runtime_controller-7] [INFO] [1786435123.084455040] [rl_hole_search_controller]: SEARCHING: contact at X=0.3242; YZ spiral started
[sac_runtime_controller-7] [INFO] [1786435123.938903421] [rl_hole_search_controller]: SEARCHING: dx=0.0011 m, depth=0.0012 m, YZ=(-0.4348, 0.5719) m, YZ_ref=(-0.4380, 0.5749) m, center_error_YZ_mm=(1.973, 5.096), vx=-0.0069 m/s, Fx=-0.16 N, contact=True
[sac_runtime_controller-7] [INFO] [1786435124.535674261] [rl_hole_search_controller]: RESETTING episode=42, dataset_index=41, offset_yz_mm=(-1.794, -1.774)
[sac_runtime_controller-7] [INFO] [1786435124.540009780] [rl_hole_search_controller]: RESETTING: joint_error=0.0423 rad, joint_velocity=0.1130 rad/s
[sac_runtime_controller-7] [INFO] [1786435124.768971836] [rl_hole_search_controller]: RESETTING: 固定外边界板面及真实深方孔已重建，WORLD_HOLE_XYZ=(0.33220, -0.43742, 0.56603) m, HOLE_YZ_ref=(-0.4374, 0.5660) m
[sac_runtime_controller-7] [INFO] [1786435125.412500600] [rl_hole_search_controller]: RESET complete; starting original HOLDING state
[sac_runtime_controller-7] [INFO] [1786435125.415634142] [rl_hole_search_controller]: HOLDING: center=[ 0.32375628 -0.43635892  0.57142076]
[sac_runtime_controller-7] [INFO] [1786435125.416884018] [rl_hole_search_controller]: HOLDING: dx=0.0000 m, depth=0.0001 m, YZ=(-0.4364, 0.5714) m, YZ_ref=(-0.4364, 0.5714) m, center_error_YZ_mm=(1.061, 5.395), vx=-0.0000 m/s, Fx=-0.06 N, contact=True
[sac_runtime_controller-7] [INFO] [1786435125.418791483] [rl_hole_search_controller]: HOLDING: reset tool tilt=0.01 deg
[sac_runtime_controller-7] [INFO] [1786435126.508070760] [rl_hole_search_controller]: HOLDING: dx=0.0005 m, depth=0.0005 m, YZ=(-0.4337, 0.5698) m, YZ_ref=(-0.4364, 0.5714) m, center_error_YZ_mm=(3.691, 3.815), vx=0.0051 m/s, Fx=-0.65 N, contact=True
[sac_runtime_controller-7] [INFO] [1786435127.593778980] [rl_hole_search_controller]: HOLDING: dx=-0.0003 m, depth=-0.0003 m, YZ=(-0.4353, 0.5705) m, YZ_ref=(-0.4364, 0.5714) m, center_error_YZ_mm=(2.133, 4.459), vx=-0.0088 m/s, Fx=0.00 N, contact=False
[sac_runtime_controller-7] [INFO] [1786435128.666300320] [rl_hole_search_controller]: HOLDING: dx=0.0000 m, depth=0.0001 m, YZ=(-0.4324, 0.5690) m, YZ_ref=(-0.4364, 0.5714) m, center_error_YZ_mm=(5.055, 2.996), vx=0.0149 m/s, Fx=-0.37 N, contact=True
[sac_runtime_controller-7] [INFO] [1786435129.820732410] [rl_hole_search_controller]: HOLDING: dx=0.0001 m, depth=0.0001 m, YZ=(-0.4362, 0.5831) m, YZ_ref=(-0.4364, 0.5714) m, center_error_YZ_mm=(1.263, 17.046), vx=-0.0089 m/s, Fx=-0.14 N, contact=True
[sac_runtime_controller-7] [INFO] [1786435130.871253812] [rl_hole_search_controller]: APPROACHING: ramping world-X contact force
[sac_runtime_controller-7] [INFO] [1786435130.884851158] [rl_hole_search_controller]: APPROACHING: dx=-0.0006 m, depth=-0.0006 m, YZ=(-0.4330, 0.5696) m, YZ_ref=(-0.4364, 0.5714) m, center_error_YZ_mm=(4.435, 3.569), vx=0.0049 m/s, Fx=0.01 N, contact=False
[sac_runtime_controller-7] [INFO] [1786435131.994653430] [rl_hole_search_controller]: APPROACHING: dx=0.0005 m, depth=0.0006 m, YZ=(-0.4347, 0.5759) m, YZ_ref=(-0.4364, 0.5714) m, center_error_YZ_mm=(2.703, 9.908), vx=-0.0046 m/s, Fx=0.45 N, contact=True
[sac_runtime_controller-7] [INFO] [1786435132.202000553] [rl_hole_search_controller]: SEARCHING: contact at X=0.3243; YZ spiral started
[sac_runtime_controller-7] [INFO] [1786435133.084247753] [rl_hole_search_controller]: SEARCHING: dx=0.0006 m, depth=0.0006 m, YZ=(-0.4379, 0.5763) m, YZ_ref=(-0.4361, 0.5758) m, center_error_YZ_mm=(-0.518, 10.257), vx=-0.0057 m/s, Fx=0.35 N, contact=True
[sac_runtime_controller-7] [INFO] [1786435133.956666921] [rl_hole_search_controller]: RESETTING episode=43, dataset_index=42, offset_yz_mm=(0.556, -2.862)
[sac_runtime_controller-7] [INFO] [1786435133.961256235] [rl_hole_search_controller]: RESETTING: joint_error=0.0138 rad, joint_velocity=0.0189 rad/s
[sac_runtime_controller-7] [INFO] [1786435134.049064490] [rl_hole_search_controller]: RESETTING: 固定外边界板面及真实深方孔已重建，WORLD_HOLE_XYZ=(0.33220, -0.43727, 0.57137) m, HOLE_YZ_ref=(-0.4373, 0.5714) m
[sac_runtime_controller-7] [INFO] [1786435134.797119871] [rl_hole_search_controller]: RESET complete; starting original HOLDING state
[sac_runtime_controller-7] [INFO] [1786435134.799928518] [rl_hole_search_controller]: HOLDING: center=[ 0.32375882 -0.43636431  0.57144264]
[sac_runtime_controller-7] [INFO] [1786435134.801150295] [rl_hole_search_controller]: HOLDING: dx=0.0000 m, depth=0.0001 m, YZ=(-0.4364, 0.5714) m, YZ_ref=(-0.4364, 0.5714) m, center_error_YZ_mm=(0.907, 0.077), vx=0.0000 m/s, Fx=-0.06 N, contact=True
[sac_runtime_controller-7] [INFO] [1786435134.805259018] [rl_hole_search_controller]: HOLDING: reset tool tilt=0.00 deg
[sac_runtime_controller-7] [INFO] [1786435135.864715946] [rl_hole_search_controller]: HOLDING: dx=-0.0001 m, depth=-0.0001 m, YZ=(-0.4372, 0.5721) m, YZ_ref=(-0.4364, 0.5714) m, center_error_YZ_mm=(0.106, 0.720), vx=-0.0110 m/s, Fx=0.00 N, contact=True
[sac_runtime_controller-7] [INFO] [1786435136.939633560] [rl_hole_search_controller]: HOLDING: dx=-0.0005 m, depth=-0.0005 m, YZ=(-0.4383, 0.5721) m, YZ_ref=(-0.4364, 0.5714) m, center_error_YZ_mm=(-1.051, 0.743), vx=0.0019 m/s, Fx=0.00 N, contact=False
[sac_runtime_controller-7] [INFO] [1786435137.999949225] [rl_hole_search_controller]: HOLDING: dx=-0.0000 m, depth=0.0000 m, YZ=(-0.4360, 0.5710) m, YZ_ref=(-0.4364, 0.5714) m, center_error_YZ_mm=(1.251, -0.401), vx=-0.0018 m/s, Fx=-0.04 N, contact=True
[sac_runtime_controller-7] [INFO] [1786435139.092802353] [rl_hole_search_controller]: HOLDING: dx=0.0000 m, depth=0.0001 m, YZ=(-0.4336, 0.5690) m, YZ_ref=(-0.4364, 0.5714) m, center_error_YZ_mm=(3.708, -2.359), vx=0.0054 m/s, Fx=-0.18 N, contact=True
[sac_runtime_controller-7] [INFO] [1786435140.174241872] [rl_hole_search_controller]: APPROACHING: ramping world-X contact force
[sac_runtime_controller-7] [INFO] [1786435140.175566147] [rl_hole_search_controller]: APPROACHING: dx=-0.0005 m, depth=-0.0005 m, YZ=(-0.4370, 0.5715) m, YZ_ref=(-0.4364, 0.5714) m, center_error_YZ_mm=(0.295, 0.107), vx=-0.0012 m/s, Fx=0.00 N, contact=False
[sac_runtime_controller-7] [INFO] [1786435141.260913469] [rl_hole_search_controller]: APPROACHING: dx=0.0006 m, depth=0.0006 m, YZ=(-0.4343, 0.5718) m, YZ_ref=(-0.4364, 0.5714) m, center_error_YZ_mm=(2.937, 0.401), vx=0.0069 m/s, Fx=0.24 N, contact=True
[sac_runtime_controller-7] [INFO] [1786435141.474466137] [rl_hole_search_controller]: SEARCHING: contact at X=0.3237; YZ spiral started
[sac_runtime_controller-7] [INFO] [1786435142.327179829] [rl_hole_search_controller]: SEARCHING: dx=0.0003 m, depth=0.0004 m, YZ=(-0.4391, 0.5762) m, YZ_ref=(-0.4384, 0.5769) m, center_error_YZ_mm=(-1.817, 4.785), vx=-0.0014 m/s, Fx=0.62 N, contact=True
[sac_runtime_controller-7] [INFO] [1786435143.398670367] [rl_hole_search_controller]: SEARCHING: dx=0.0010 m, depth=0.0010 m, YZ=(-0.4365, 0.5742) m, YZ_ref=(-0.4371, 0.5764) m, center_error_YZ_mm=(0.755, 2.880), vx=-0.0018 m/s, Fx=-0.02 N, contact=True
[sac_runtime_controller-7] [INFO] [1786435144.591300987] [rl_hole_search_controller]: SEARCHING: dx=-0.0001 m, depth=-0.0001 m, YZ=(-0.4306, 0.5675) m, YZ_ref=(-0.4352, 0.5744) m, center_error_YZ_mm=(6.677, -3.910), vx=-0.0215 m/s, Fx=1.00 N, contact=True
[sac_runtime_controller-7] [INFO] [1786435144.972137673] [rl_hole_search_controller]: RESETTING episode=44, dataset_index=43, offset_yz_mm=(1.958, 0.656)
[sac_runtime_controller-7] [INFO] [1786435144.974340831] [rl_hole_search_controller]: RESETTING: joint_error=0.0353 rad, joint_velocity=0.0258 rad/s
[sac_runtime_controller-7] [INFO] [1786435145.150152798] [rl_hole_search_controller]: RESETTING: 固定外边界板面及真实深方孔已重建，WORLD_HOLE_XYZ=(0.33220, -0.43425, 0.57369) m, HOLE_YZ_ref=(-0.4343, 0.5737) m
[sac_runtime_controller-7] [INFO] [1786435145.807388535] [rl_hole_search_controller]: RESET complete; starting original HOLDING state
[sac_runtime_controller-7] [INFO] [1786435145.811295061] [rl_hole_search_controller]: HOLDING: center=[ 0.32375551 -0.43634507  0.57141957]
[sac_runtime_controller-7] [INFO] [1786435145.812455639] [rl_hole_search_controller]: HOLDING: dx=0.0000 m, depth=0.0001 m, YZ=(-0.4363, 0.5714) m, YZ_ref=(-0.4363, 0.5714) m, center_error_YZ_mm=(-2.092, -2.269), vx=0.0000 m/s, Fx=-0.06 N, contact=True
[sac_runtime_controller-7] [INFO] [1786435145.814598398] [rl_hole_search_controller]: HOLDING: reset tool tilt=0.00 deg
[sac_runtime_controller-7] [INFO] [1786435146.885451474] [rl_hole_search_controller]: HOLDING: dx=0.0001 m, depth=0.0002 m, YZ=(-0.4351, 0.5701) m, YZ_ref=(-0.4363, 0.5714) m, center_error_YZ_mm=(-0.886, -3.596), vx=-0.0009 m/s, Fx=-0.16 N, contact=True
[sac_runtime_controller-7] [INFO] [1786435147.971407840] [rl_hole_search_controller]: HOLDING: dx=-0.0002 m, depth=-0.0001 m, YZ=(-0.4368, 0.5711) m, YZ_ref=(-0.4363, 0.5714) m, center_error_YZ_mm=(-2.522, -2.553), vx=0.0023 m/s, Fx=-0.05 N, contact=True
[sac_runtime_controller-7] [INFO] [1786435149.011769649] [rl_hole_search_controller]: HOLDING: dx=-0.0001 m, depth=-0.0000 m, YZ=(-0.4359, 0.5700) m, YZ_ref=(-0.4363, 0.5714) m, center_error_YZ_mm=(-1.647, -3.695), vx=-0.0054 m/s, Fx=0.00 N, contact=True
[sac_runtime_controller-7] [INFO] [1786435150.102269481] [rl_hole_search_controller]: HOLDING: dx=-0.0005 m, depth=-0.0004 m, YZ=(-0.4384, 0.5732) m, YZ_ref=(-0.4363, 0.5714) m, center_error_YZ_mm=(-4.112, -0.491), vx=-0.0023 m/s, Fx=0.00 N, contact=False
[sac_runtime_controller-7] [INFO] [1786435151.166179996] [rl_hole_search_controller]: APPROACHING: ramping world-X contact force
[sac_runtime_controller-7] [INFO] [1786435151.171244300] [rl_hole_search_controller]: APPROACHING: dx=-0.0001 m, depth=-0.0001 m, YZ=(-0.4376, 0.5724) m, YZ_ref=(-0.4363, 0.5714) m, center_error_YZ_mm=(-3.383, -1.240), vx=-0.0047 m/s, Fx=0.00 N, contact=True
[sac_runtime_controller-7] [INFO] [1786435152.253951833] [rl_hole_search_controller]: APPROACHING: dx=0.0003 m, depth=0.0004 m, YZ=(-0.4373, 0.5733) m, YZ_ref=(-0.4363, 0.5714) m, center_error_YZ_mm=(-3.010, -0.362), vx=0.0082 m/s, Fx=0.43 N, contact=True
[sac_runtime_controller-7] [INFO] [1786435152.484045438] [rl_hole_search_controller]: SEARCHING: contact at X=0.3241; YZ spiral started
[sac_runtime_controller-7] [INFO] [1786435153.325968749] [rl_hole_search_controller]: SEARCHING: dx=0.0011 m, depth=0.0012 m, YZ=(-0.4368, 0.5738) m, YZ_ref=(-0.4399, 0.5761) m, center_error_YZ_mm=(-2.574, 0.144), vx=-0.0077 m/s, Fx=-0.16 N, contact=True
[sac_runtime_controller-7] [INFO] [1786435154.388909416] [rl_hole_search_controller]: RESETTING episode=45, dataset_index=44, offset_yz_mm=(1.780, -2.233)
[sac_runtime_controller-7] [INFO] [1786435154.391164273] [rl_hole_search_controller]: RESETTING: joint_error=0.0300 rad, joint_velocity=0.0131 rad/s
[sac_runtime_controller-7] [INFO] [1786435154.578025396] [rl_hole_search_controller]: RESETTING: 固定外边界板面及真实深方孔已重建，WORLD_HOLE_XYZ=(0.33220, -0.43424, 0.56987) m, HOLE_YZ_ref=(-0.4342, 0.5699) m
[sac_runtime_controller-7] [INFO] [1786435155.266826808] [rl_hole_search_controller]: RESET complete; starting original HOLDING state
[sac_runtime_controller-7] [INFO] [1786435155.269465857] [rl_hole_search_controller]: HOLDING: center=[ 0.32375776 -0.43634882  0.57143315]
[sac_runtime_controller-7] [INFO] [1786435155.271124726] [rl_hole_search_controller]: HOLDING: dx=0.0000 m, depth=0.0001 m, YZ=(-0.4363, 0.5714) m, YZ_ref=(-0.4363, 0.5714) m, center_error_YZ_mm=(-2.114, 1.560), vx=-0.0000 m/s, Fx=-0.06 N, contact=True
[sac_runtime_controller-7] [INFO] [1786435155.274762856] [rl_hole_search_controller]: HOLDING: reset tool tilt=0.00 deg
[sac_runtime_controller-7] [INFO] [1786435156.309345627] [rl_hole_search_controller]: HOLDING: dx=-0.0004 m, depth=-0.0003 m, YZ=(-0.4370, 0.5711) m, YZ_ref=(-0.4363, 0.5714) m, center_error_YZ_mm=(-2.776, 1.213), vx=0.0027 m/s, Fx=0.00 N, contact=False
[sac_runtime_controller-7] [INFO] [1786435157.385503678] [rl_hole_search_controller]: HOLDING: dx=-0.0007 m, depth=-0.0007 m, YZ=(-0.4382, 0.5714) m, YZ_ref=(-0.4363, 0.5714) m, center_error_YZ_mm=(-3.934, 1.511), vx=0.0109 m/s, Fx=0.00 N, contact=False
[sac_runtime_controller-7] [INFO] [1786435158.453277267] [rl_hole_search_controller]: HOLDING: dx=-0.0002 m, depth=-0.0001 m, YZ=(-0.4370, 0.5712) m, YZ_ref=(-0.4363, 0.5714) m, center_error_YZ_mm=(-2.766, 1.312), vx=-0.0020 m/s, Fx=0.00 N, contact=True
[sac_runtime_controller-7] [INFO] [1786435159.628407166] [rl_hole_search_controller]: HOLDING: dx=-0.0002 m, depth=-0.0001 m, YZ=(-0.4371, 0.5721) m, YZ_ref=(-0.4363, 0.5714) m, center_error_YZ_mm=(-2.850, 2.254), vx=0.0059 m/s, Fx=-0.12 N, contact=True
[sac_runtime_controller-7] [INFO] [1786435160.707407293] [rl_hole_search_controller]: APPROACHING: ramping world-X contact force
[sac_runtime_controller-7] [INFO] [1786435160.708789066] [rl_hole_search_controller]: APPROACHING: dx=0.0000 m, depth=0.0001 m, YZ=(-0.4340, 0.5689) m, YZ_ref=(-0.4363, 0.5714) m, center_error_YZ_mm=(0.265, -0.932), vx=0.0020 m/s, Fx=-0.10 N, contact=True
[sac_runtime_controller-7] [INFO] [1786435161.761141684] [rl_hole_search_controller]: APPROACHING: dx=0.0008 m, depth=0.0009 m, YZ=(-0.4343, 0.5734) m, YZ_ref=(-0.4363, 0.5714) m, center_error_YZ_mm=(-0.054, 3.515), vx=0.0007 m/s, Fx=0.11 N, contact=True
[sac_runtime_controller-7] [INFO] [1786435161.997229531] [rl_hole_search_controller]: SEARCHING: contact at X=0.3245; YZ spiral started
[sac_runtime_controller-7] [INFO] [1786435162.386623517] [rl_hole_search_controller]: INSERTING: hole alignment/entry detected at 0.0005 m; centering YZ and inserting to 0.0170 m
[sac_runtime_controller-7] [INFO] [1786435162.392070411] [rl_hole_search_controller]: INSERTING handoff: HOLE_YZ_ref=(-0.4342, 0.5699) m, tool_YZ=(-0.4346, 0.5702) m, center_error_YZ_mm=(-0.403, 0.323), tool_tilt=1.02 deg
[sac_runtime_controller-7] [INFO] [1786435162.930935613] [rl_hole_search_controller]: INSERTING: dx=0.0018 m, depth=0.0018 m, YZ=(-0.4349, 0.5705) m, YZ_ref=(-0.4342, 0.5699) m, center_error_YZ_mm=(-0.648, 0.635), vx=-0.0054 m/s, Fx=1.20 N, contact=False
[sac_runtime_controller-7] [INFO] [1786435164.035795776] [rl_hole_search_controller]: INSERTING: dx=0.0039 m, depth=0.0039 m, YZ=(-0.4335, 0.5702) m, YZ_ref=(-0.4342, 0.5699) m, center_error_YZ_mm=(0.738, 0.334), vx=0.0182 m/s, Fx=1.17 N, contact=False
[sac_runtime_controller-7] [INFO] [1786435165.132579068] [rl_hole_search_controller]: INSERTING: dx=0.0066 m, depth=0.0066 m, YZ=(-0.4325, 0.5698) m, YZ_ref=(-0.4342, 0.5699) m, center_error_YZ_mm=(1.778, -0.084), vx=0.0080 m/s, Fx=1.18 N, contact=False
[sac_runtime_controller-7] [INFO] [1786435166.184218809] [rl_hole_search_controller]: INSERTING: dx=0.0084 m, depth=0.0084 m, YZ=(-0.4329, 0.5700) m, YZ_ref=(-0.4342, 0.5699) m, center_error_YZ_mm=(1.356, 0.172), vx=0.0060 m/s, Fx=1.17 N, contact=False
[sac_runtime_controller-7] [INFO] [1786435167.248264189] [rl_hole_search_controller]: INSERTING: dx=0.0096 m, depth=0.0097 m, YZ=(-0.4329, 0.5708) m, YZ_ref=(-0.4342, 0.5699) m, center_error_YZ_mm=(1.367, 0.926), vx=0.0055 m/s, Fx=1.20 N, contact=False
[sac_runtime_controller-7] [INFO] [1786435168.313159531] [rl_hole_search_controller]: INSERTING: dx=0.0108 m, depth=0.0109 m, YZ=(-0.4340, 0.5704) m, YZ_ref=(-0.4342, 0.5699) m, center_error_YZ_mm=(0.252, 0.542), vx=-0.0038 m/s, Fx=1.20 N, contact=False
[sac_runtime_controller-7] [INFO] [1786435169.477155326] [rl_hole_search_controller]: INSERTING: dx=0.0111 m, depth=0.0111 m, YZ=(-0.4321, 0.5666) m, YZ_ref=(-0.4342, 0.5699) m, center_error_YZ_mm=(2.163, -3.241), vx=-0.0272 m/s, Fx=1.31 N, contact=False
[sac_runtime_controller-7] [INFO] [1786435170.637456166] [rl_hole_search_controller]: INSERTING: dx=0.0142 m, depth=0.0143 m, YZ=(-0.4330, 0.5705) m, YZ_ref=(-0.4342, 0.5699) m, center_error_YZ_mm=(1.251, 0.613), vx=0.0089 m/s, Fx=1.13 N, contact=False
[sac_runtime_controller-7] [INFO] [1786435171.876432451] [rl_hole_search_controller]: INSERTING: dx=0.0155 m, depth=0.0156 m, YZ=(-0.4336, 0.5699) m, YZ_ref=(-0.4342, 0.5699) m, center_error_YZ_mm=(0.586, 0.012), vx=0.0184 m/s, Fx=1.03 N, contact=False
[sac_runtime_controller-7] [INFO] [1786435172.932154379] [rl_hole_search_controller]: INSERTING: dx=0.0162 m, depth=0.0163 m, YZ=(-0.4338, 0.5706) m, YZ_ref=(-0.4342, 0.5699) m, center_error_YZ_mm=(0.479, 0.706), vx=0.0165 m/s, Fx=0.55 N, contact=False
[sac_runtime_controller-7] [INFO] [1786435174.061844942] [rl_hole_search_controller]: INSERTING: dx=0.0165 m, depth=0.0166 m, YZ=(-0.4336, 0.5697) m, YZ_ref=(-0.4342, 0.5699) m, center_error_YZ_mm=(0.601, -0.137), vx=-0.0032 m/s, Fx=0.39 N, contact=False
[sac_runtime_controller-7] [INFO] [1786435175.249727042] [rl_hole_search_controller]: INSERTING: dx=0.0170 m, depth=0.0171 m, YZ=(-0.4358, 0.5719) m, YZ_ref=(-0.4342, 0.5699) m, center_error_YZ_mm=(-1.518, 2.058), vx=0.0556 m/s, Fx=0.23 N, contact=False
[sac_runtime_controller-7] [INFO] [1786435176.362993275] [rl_hole_search_controller]: INSERTING: dx=0.0174 m, depth=0.0174 m, YZ=(-0.4325, 0.5687) m, YZ_ref=(-0.4342, 0.5699) m, center_error_YZ_mm=(1.759, -1.173), vx=-0.0068 m/s, Fx=-0.16 N, contact=False
[sac_runtime_controller-7] [INFO] [1786435177.404079800] [rl_hole_search_controller]: INSERTING: dx=0.0166 m, depth=0.0167 m, YZ=(-0.4349, 0.5709) m, YZ_ref=(-0.4342, 0.5699) m, center_error_YZ_mm=(-0.629, 1.024), vx=-0.0057 m/s, Fx=0.48 N, contact=False
[sac_runtime_controller-7] [INFO] [1786435178.507821276] [rl_hole_search_controller]: INSERTING: dx=0.0187 m, depth=0.0188 m, YZ=(-0.4355, 0.5732) m, YZ_ref=(-0.4342, 0.5699) m, center_error_YZ_mm=(-1.294, 3.344), vx=0.0286 m/s, Fx=-1.73 N, contact=False
[sac_runtime_controller-7] [INFO] [1786435179.706153673] [rl_hole_search_controller]: INSERTING: dx=0.0171 m, depth=0.0172 m, YZ=(-0.4337, 0.5703) m, YZ_ref=(-0.4342, 0.5699) m, center_error_YZ_mm=(0.532, 0.438), vx=-0.0591 m/s, Fx=0.10 N, contact=False
[sac_runtime_controller-7] [INFO] [1786435180.845780397] [rl_hole_search_controller]: INSERTING: dx=0.0166 m, depth=0.0167 m, YZ=(-0.4339, 0.5692) m, YZ_ref=(-0.4342, 0.5699) m, center_error_YZ_mm=(0.312, -0.633), vx=-0.0138 m/s, Fx=0.38 N, contact=False
[sac_runtime_controller-7] [INFO] [1786435182.005881695] [rl_hole_search_controller]: INSERTING: dx=0.0167 m, depth=0.0167 m, YZ=(-0.4341, 0.5700) m, YZ_ref=(-0.4342, 0.5699) m, center_error_YZ_mm=(0.124, 0.175), vx=-0.0082 m/s, Fx=0.35 N, contact=False
[sac_runtime_controller-7] [INFO] [1786435183.182403141] [rl_hole_search_controller]: INSERTING: dx=0.0173 m, depth=0.0173 m, YZ=(-0.4347, 0.5693) m, YZ_ref=(-0.4342, 0.5699) m, center_error_YZ_mm=(-0.461, -0.588), vx=-0.0043 m/s, Fx=-0.04 N, contact=False
[sac_runtime_controller-7] [INFO] [1786435184.417041318] [rl_hole_search_controller]: INSERTING: dx=0.0175 m, depth=0.0175 m, YZ=(-0.4333, 0.5687) m, YZ_ref=(-0.4342, 0.5699) m, center_error_YZ_mm=(0.889, -1.136), vx=0.0020 m/s, Fx=-0.22 N, contact=False
[sac_runtime_controller-7] [INFO] [1786435185.540071669] [rl_hole_search_controller]: INSERTING: dx=0.0171 m, depth=0.0172 m, YZ=(-0.4331, 0.5708) m, YZ_ref=(-0.4342, 0.5699) m, center_error_YZ_mm=(1.100, 0.949), vx=-0.0228 m/s, Fx=-0.05 N, contact=False
[sac_runtime_controller-7] [INFO] [1786435186.827274554] [rl_hole_search_controller]: INSERTING: dx=0.0169 m, depth=0.0170 m, YZ=(-0.4345, 0.5705) m, YZ_ref=(-0.4342, 0.5699) m, center_error_YZ_mm=(-0.262, 0.667), vx=-0.0024 m/s, Fx=0.23 N, contact=False
[sac_runtime_controller-7] [INFO] [1786435188.112062457] [rl_hole_search_controller]: INSERTING: dx=0.0165 m, depth=0.0165 m, YZ=(-0.4339, 0.5654) m, YZ_ref=(-0.4342, 0.5699) m, center_error_YZ_mm=(0.322, -4.445), vx=0.0621 m/s, Fx=0.48 N, contact=False
[sac_runtime_controller-7] [INFO] [1786435189.305121644] [rl_hole_search_controller]: INSERTING: dx=0.0175 m, depth=0.0176 m, YZ=(-0.4352, 0.5721) m, YZ_ref=(-0.4342, 0.5699) m, center_error_YZ_mm=(-0.936, 2.220), vx=0.0294 m/s, Fx=-0.25 N, contact=False
[sac_runtime_controller-7] [INFO] [1786435190.554705385] [rl_hole_search_controller]: INSERTING: dx=0.0182 m, depth=0.0182 m, YZ=(-0.4363, 0.5669) m, YZ_ref=(-0.4342, 0.5699) m, center_error_YZ_mm=(-2.093, -2.942), vx=-0.1166 m/s, Fx=-0.82 N, contact=False
[sac_runtime_controller-7] [INFO] [1786435191.851938952] [rl_hole_search_controller]: INSERTING: dx=0.0187 m, depth=0.0188 m, YZ=(-0.4340, 0.5685) m, YZ_ref=(-0.4342, 0.5699) m, center_error_YZ_mm=(0.206, -1.393), vx=-0.0136 m/s, Fx=-1.02 N, contact=False
[sac_runtime_controller-7] [INFO] [1786435193.004226271] [rl_hole_search_controller]: INSERTING: dx=0.0189 m, depth=0.0190 m, YZ=(-0.4357, 0.5714) m, YZ_ref=(-0.4342, 0.5699) m, center_error_YZ_mm=(-1.441, 1.518), vx=-0.0129 m/s, Fx=-1.03 N, contact=False
[sac_runtime_controller-7] [INFO] [1786435194.170262888] [rl_hole_search_controller]: INSERTING: dx=0.0176 m, depth=0.0177 m, YZ=(-0.4344, 0.5695) m, YZ_ref=(-0.4342, 0.5699) m, center_error_YZ_mm=(-0.165, -0.350), vx=0.0098 m/s, Fx=-0.19 N, contact=False
[sac_runtime_controller-7] [INFO] [1786435195.386463384] [rl_hole_search_controller]: INSERTING: dx=0.0179 m, depth=0.0179 m, YZ=(-0.4344, 0.5708) m, YZ_ref=(-0.4342, 0.5699) m, center_error_YZ_mm=(-0.163, 0.954), vx=-0.0062 m/s, Fx=-0.51 N, contact=False
[sac_runtime_controller-7] [INFO] [1786435196.466235672] [rl_hole_search_controller]: INSERTING: dx=0.0178 m, depth=0.0179 m, YZ=(-0.4328, 0.5695) m, YZ_ref=(-0.4342, 0.5699) m, center_error_YZ_mm=(1.434, -0.401), vx=-0.0015 m/s, Fx=-0.39 N, contact=False
[sac_runtime_controller-7] [INFO] [1786435197.652728910] [rl_hole_search_controller]: INSERTING: dx=0.0176 m, depth=0.0177 m, YZ=(-0.4353, 0.5698) m, YZ_ref=(-0.4342, 0.5699) m, center_error_YZ_mm=(-1.037, -0.057), vx=-0.0042 m/s, Fx=-0.24 N, contact=False
[sac_runtime_controller-7] [INFO] [1786435198.769944306] [rl_hole_search_controller]: INSERTING: dx=0.0182 m, depth=0.0182 m, YZ=(-0.4333, 0.5681) m, YZ_ref=(-0.4342, 0.5699) m, center_error_YZ_mm=(0.940, -1.781), vx=-0.0147 m/s, Fx=-0.53 N, contact=False
[sac_runtime_controller-7] [INFO] [1786435199.923447055] [rl_hole_search_controller]: INSERTING: dx=0.0183 m, depth=0.0183 m, YZ=(-0.4344, 0.5704) m, YZ_ref=(-0.4342, 0.5699) m, center_error_YZ_mm=(-0.182, 0.498), vx=-0.0187 m/s, Fx=-0.57 N, contact=False
[sac_runtime_controller-7] [INFO] [1786435201.042401271] [rl_hole_search_controller]: INSERTING: dx=0.0175 m, depth=0.0176 m, YZ=(-0.4353, 0.5711) m, YZ_ref=(-0.4342, 0.5699) m, center_error_YZ_mm=(-1.025, 1.185), vx=-0.0077 m/s, Fx=-0.10 N, contact=False
[sac_runtime_controller-7] [INFO] [1786435202.181681254] [rl_hole_search_controller]: INSERTING: dx=0.0180 m, depth=0.0180 m, YZ=(-0.4355, 0.5701) m, YZ_ref=(-0.4342, 0.5699) m, center_error_YZ_mm=(-1.248, 0.211), vx=0.0293 m/s, Fx=-0.63 N, contact=False
[sac_runtime_controller-7] [INFO] [1786435203.091469119] [rl_hole_search_controller]: INSERT_HOLDING: target depth confirmed at 0.0179 m; joint velocity=0.051 rad/s; tool velocity=0.004 m/s; captured current joints and starting MIT-equivalent hold
[sac_runtime_controller-7] [INFO] [1786435203.329366546] [rl_hole_search_controller]: INSERT_HOLDING: MIT joint lock, dx=0.0178 m, depth=0.0179 m, YZ=(-0.4342, 0.5698) m, ramp=0.65, q_error_max=0.0050 rad, dq_max=0.0254 rad/s, tau_max=0.05 Nm, hold_force_max=0.14 N, tip_centered_YZ=True, contact=False
[sac_runtime_controller-7] [INFO] [1786435204.430062260] [rl_hole_search_controller]: INSERT_HOLDING: MIT joint lock, dx=0.0178 m, depth=0.0178 m, YZ=(-0.4343, 0.5699) m, ramp=1.00, q_error_max=0.0004 rad, dq_max=0.0000 rad/s, tau_max=0.00 Nm, hold_force_max=0.15 N, tip_centered_YZ=True, contact=False
[sac_runtime_controller-7] [INFO] [1786435205.354657393] [rl_hole_search_controller]: INSERT_HOLDING complete: physical geometry confirmed; depth=0.0178 m, tip_error_YZ_mm=(-0.055, -0.023), entry_error_YZ_mm=(0.050, -0.157), tilt=0.55 deg; Episode is an assembly success
[sac_runtime_controller-7] [INFO] [1786435205.369680191] [rl_hole_search_controller]: RESETTING episode=46, dataset_index=45, offset_yz_mm=(-1.919, -2.939)
[sac_runtime_controller-7] [INFO] [1786435205.371308558] [rl_hole_search_controller]: RESETTING: joint_error=0.1803 rad, joint_velocity=0.0000 rad/s
[sac_runtime_controller-7] [INFO] [1786435205.818032781] [rl_hole_search_controller]: RESETTING: 固定外边界板面及真实深方孔已重建，WORLD_HOLE_XYZ=(0.33220, -0.43875, 0.56961) m, HOLE_YZ_ref=(-0.4388, 0.5696) m
[sac_runtime_controller-7] [INFO] [1786435206.264128013] [rl_hole_search_controller]: RESET complete; starting original HOLDING state
[sac_runtime_controller-7] [INFO] [1786435206.266175773] [rl_hole_search_controller]: HOLDING: center=[ 0.32378794 -0.43634345  0.57137074]
[sac_runtime_controller-7] [INFO] [1786435206.267372648] [rl_hole_search_controller]: HOLDING: dx=0.0000 m, depth=0.0001 m, YZ=(-0.4363, 0.5714) m, YZ_ref=(-0.4363, 0.5714) m, center_error_YZ_mm=(2.411, 1.759), vx=-0.0003 m/s, Fx=-0.09 N, contact=True
[sac_runtime_controller-7] [INFO] [1786435206.270161192] [rl_hole_search_controller]: HOLDING: reset tool tilt=0.00 deg
[sac_runtime_controller-7] [INFO] [1786435207.398694687] [rl_hole_search_controller]: HOLDING: dx=-0.0007 m, depth=-0.0006 m, YZ=(-0.4397, 0.5738) m, YZ_ref=(-0.4363, 0.5714) m, center_error_YZ_mm=(-0.905, 4.200), vx=-0.0071 m/s, Fx=0.00 N, contact=False
[sac_runtime_controller-7] [INFO] [1786435208.536178584] [rl_hole_search_controller]: HOLDING: dx=0.0002 m, depth=0.0003 m, YZ=(-0.4350, 0.5690) m, YZ_ref=(-0.4363, 0.5714) m, center_error_YZ_mm=(3.801, -0.572), vx=-0.0127 m/s, Fx=-0.30 N, contact=True
[sac_runtime_controller-7] [INFO] [1786435209.682918769] [rl_hole_search_controller]: HOLDING: dx=-0.0005 m, depth=-0.0004 m, YZ=(-0.4381, 0.5716) m, YZ_ref=(-0.4363, 0.5714) m, center_error_YZ_mm=(0.690, 1.957), vx=-0.0004 m/s, Fx=0.00 N, contact=False
[sac_runtime_controller-7] [INFO] [1786435210.805243823] [rl_hole_search_controller]: HOLDING: dx=-0.0004 m, depth=-0.0004 m, YZ=(-0.4390, 0.5738) m, YZ_ref=(-0.4363, 0.5714) m, center_error_YZ_mm=(-0.231, 4.214), vx=-0.0059 m/s, Fx=0.00 N, contact=False
[sac_runtime_controller-7] [INFO] [1786435211.946390572] [rl_hole_search_controller]: APPROACHING: ramping world-X contact force
[sac_runtime_controller-7] [INFO] [1786435211.951121576] [rl_hole_search_controller]: APPROACHING: dx=-0.0000 m, depth=0.0001 m, YZ=(-0.4350, 0.5697) m, YZ_ref=(-0.4363, 0.5714) m, center_error_YZ_mm=(3.764, 0.072), vx=-0.0041 m/s, Fx=-0.05 N, contact=True
[sac_runtime_controller-7] [INFO] [1786435213.020351755] [rl_hole_search_controller]: APPROACHING: dx=0.0004 m, depth=0.0005 m, YZ=(-0.4376, 0.5724) m, YZ_ref=(-0.4363, 0.5714) m, center_error_YZ_mm=(1.187, 2.756), vx=0.0043 m/s, Fx=0.43 N, contact=True
[sac_runtime_controller-7] [INFO] [1786435213.262126963] [rl_hole_search_controller]: SEARCHING: contact at X=0.3242; YZ spiral started
[sac_runtime_controller-7] [INFO] [1786435213.818282709] [rl_hole_search_controller]: INSERTING: hole alignment/entry detected at 0.0009 m; centering YZ and inserting to 0.0170 m
[sac_runtime_controller-7] [INFO] [1786435213.821133852] [rl_hole_search_controller]: INSERTING handoff: HOLE_YZ_ref=(-0.4388, 0.5696) m, tool_YZ=(-0.4384, 0.5700) m, center_error_YZ_mm=(0.403, 0.400), tool_tilt=1.42 deg
[sac_runtime_controller-7] [INFO] [1786435214.148367327] [rl_hole_search_controller]: INSERTING: dx=0.0016 m, depth=0.0017 m, YZ=(-0.4365, 0.5716) m, YZ_ref=(-0.4388, 0.5696) m, center_error_YZ_mm=(2.298, 1.949), vx=-0.0137 m/s, Fx=1.18 N, contact=False
[sac_runtime_controller-7] [INFO] [1786435215.300031197] [rl_hole_search_controller]: INSERTING: dx=0.0027 m, depth=0.0028 m, YZ=(-0.4370, 0.5691) m, YZ_ref=(-0.4388, 0.5696) m, center_error_YZ_mm=(1.790, -0.526), vx=0.0013 m/s, Fx=1.16 N, contact=False
[sac_runtime_controller-7] [INFO] [1786435216.398056532] [rl_hole_search_controller]: INSERTING: dx=0.0038 m, depth=0.0039 m, YZ=(-0.4375, 0.5696) m, YZ_ref=(-0.4388, 0.5696) m, center_error_YZ_mm=(1.219, -0.012), vx=0.0026 m/s, Fx=1.17 N, contact=False
[sac_runtime_controller-7] [INFO] [1786435217.483319806] [rl_hole_search_controller]: INSERTING: dx=0.0054 m, depth=0.0055 m, YZ=(-0.4388, 0.5704) m, YZ_ref=(-0.4388, 0.5696) m, center_error_YZ_mm=(-0.023, 0.803), vx=-0.0045 m/s, Fx=1.20 N, contact=False
[sac_runtime_controller-7] [INFO] [1786435218.613704142] [rl_hole_search_controller]: INSERTING: dx=0.0074 m, depth=0.0074 m, YZ=(-0.4375, 0.5700) m, YZ_ref=(-0.4388, 0.5696) m, center_error_YZ_mm=(1.238, 0.434), vx=-0.0041 m/s, Fx=1.20 N, contact=False
[sac_runtime_controller-7] [INFO] [1786435219.756682600] [rl_hole_search_controller]: INSERTING: dx=0.0087 m, depth=0.0088 m, YZ=(-0.4389, 0.5706) m, YZ_ref=(-0.4388, 0.5696) m, center_error_YZ_mm=(-0.120, 1.006), vx=-0.0014 m/s, Fx=1.20 N, contact=False
[sac_runtime_controller-7] [INFO] [1786435220.839837854] [rl_hole_search_controller]: INSERTING: dx=0.0108 m, depth=0.0108 m, YZ=(-0.4386, 0.5699) m, YZ_ref=(-0.4388, 0.5696) m, center_error_YZ_mm=(0.190, 0.286), vx=-0.0037 m/s, Fx=1.20 N, contact=False
[sac_runtime_controller-7] [INFO] [1786435221.952367390] [rl_hole_search_controller]: INSERTING: dx=0.0128 m, depth=0.0129 m, YZ=(-0.4391, 0.5708) m, YZ_ref=(-0.4388, 0.5696) m, center_error_YZ_mm=(-0.384, 1.173), vx=0.0024 m/s, Fx=1.21 N, contact=False
[sac_runtime_controller-7] [INFO] [1786435223.044935611] [rl_hole_search_controller]: INSERTING: dx=0.0147 m, depth=0.0148 m, YZ=(-0.4378, 0.5695) m, YZ_ref=(-0.4388, 0.5696) m, center_error_YZ_mm=(0.949, -0.078), vx=-0.0069 m/s, Fx=1.17 N, contact=False
[sac_runtime_controller-7] [INFO] [1786435224.136132138] [rl_hole_search_controller]: INSERTING: dx=0.0159 m, depth=0.0160 m, YZ=(-0.4383, 0.5694) m, YZ_ref=(-0.4388, 0.5696) m, center_error_YZ_mm=(0.477, -0.221), vx=-0.0068 m/s, Fx=0.76 N, contact=False
[sac_runtime_controller-7] [INFO] [1786435225.217209953] [rl_hole_search_controller]: INSERTING: dx=0.0163 m, depth=0.0164 m, YZ=(-0.4379, 0.5695) m, YZ_ref=(-0.4388, 0.5696) m, center_error_YZ_mm=(0.866, -0.117), vx=-0.0041 m/s, Fx=0.50 N, contact=False
[sac_runtime_controller-7] [INFO] [1786435226.300558200] [rl_hole_search_controller]: INSERTING: dx=0.0166 m, depth=0.0167 m, YZ=(-0.4389, 0.5702) m, YZ_ref=(-0.4388, 0.5696) m, center_error_YZ_mm=(-0.115, 0.603), vx=-0.0058 m/s, Fx=0.38 N, contact=False
[sac_runtime_controller-7] [INFO] [1786435227.426855049] [rl_hole_search_controller]: INSERTING: dx=0.0168 m, depth=0.0169 m, YZ=(-0.4389, 0.5699) m, YZ_ref=(-0.4388, 0.5696) m, center_error_YZ_mm=(-0.121, 0.307), vx=0.0002 m/s, Fx=0.25 N, contact=False
[sac_runtime_controller-7] [INFO] [1786435228.575154824] [rl_hole_search_controller]: INSERTING: dx=0.0166 m, depth=0.0167 m, YZ=(-0.4392, 0.5697) m, YZ_ref=(-0.4388, 0.5696) m, center_error_YZ_mm=(-0.409, 0.107), vx=0.0024 m/s, Fx=0.31 N, contact=False
[sac_runtime_controller-7] [INFO] [1786435229.075096677] [rl_hole_search_controller]: INSERT_HOLDING: target depth confirmed at 0.0172 m; joint velocity=0.046 rad/s; tool velocity=0.007 m/s; captured current joints and starting MIT-equivalent hold
[sac_runtime_controller-7] [INFO] [1786435229.677970112] [rl_hole_search_controller]: INSERT_HOLDING: MIT joint lock, dx=0.0170 m, depth=0.0171 m, YZ=(-0.4387, 0.5696) m, ramp=1.00, q_error_max=0.0006 rad, dq_max=0.0035 rad/s, tau_max=0.01 Nm, hold_force_max=0.07 N, tip_centered_YZ=True, contact=False
[sac_runtime_controller-7] [INFO] [1786435230.742958855] [rl_hole_search_controller]: INSERT_HOLDING: MIT joint lock, dx=0.0170 m, depth=0.0171 m, YZ=(-0.4387, 0.5696) m, ramp=1.00, q_error_max=0.0006 rad, dq_max=0.0000 rad/s, tau_max=0.00 Nm, hold_force_max=0.07 N, tip_centered_YZ=True, contact=False
[sac_runtime_controller-7] [INFO] [1786435231.217180717] [rl_hole_search_controller]: INSERT_HOLDING complete: physical geometry confirmed; depth=0.0171 m, tip_error_YZ_mm=(0.073, -0.003), entry_error_YZ_mm=(0.334, -0.071), tilt=0.90 deg; Episode is an assembly success
[sac_runtime_controller-7] [INFO] [1786435231.243497076] [rl_hole_search_controller]: RESETTING episode=47, dataset_index=46, offset_yz_mm=(1.975, -1.214)
[sac_runtime_controller-7] [INFO] [1786435231.246054724] [rl_hole_search_controller]: RESETTING: joint_error=0.1736 rad, joint_velocity=0.0003 rad/s
[sac_runtime_controller-7] [INFO] [1786435231.689426314] [rl_hole_search_controller]: RESETTING: 固定外边界板面及真实深方孔已重建，WORLD_HOLE_XYZ=(0.33220, -0.43487, 0.57125) m, HOLE_YZ_ref=(-0.4349, 0.5712) m
[sac_runtime_controller-7] [INFO] [1786435232.068441426] [rl_hole_search_controller]: RESET complete; starting original HOLDING state
[sac_runtime_controller-7] [INFO] [1786435232.073827815] [rl_hole_search_controller]: HOLDING: center=[ 0.3237877  -0.43633882  0.57138797]
[sac_runtime_controller-7] [INFO] [1786435232.075672277] [rl_hole_search_controller]: HOLDING: dx=0.0000 m, depth=0.0001 m, YZ=(-0.4363, 0.5714) m, YZ_ref=(-0.4363, 0.5714) m, center_error_YZ_mm=(-1.471, 0.141), vx=-0.0003 m/s, Fx=-0.09 N, contact=True
[sac_runtime_controller-7] [INFO] [1786435232.078062228] [rl_hole_search_controller]: HOLDING: reset tool tilt=0.00 deg
[sac_runtime_controller-7] [INFO] [1786435233.164214792] [rl_hole_search_controller]: HOLDING: dx=-0.0005 m, depth=-0.0004 m, YZ=(-0.4374, 0.5720) m, YZ_ref=(-0.4363, 0.5714) m, center_error_YZ_mm=(-2.535, 0.803), vx=0.0060 m/s, Fx=0.00 N, contact=False
[sac_runtime_controller-7] [INFO] [1786435234.299925916] [rl_hole_search_controller]: HOLDING: dx=-0.0000 m, depth=0.0001 m, YZ=(-0.4362, 0.5709) m, YZ_ref=(-0.4363, 0.5714) m, center_error_YZ_mm=(-1.290, -0.332), vx=0.0017 m/s, Fx=-0.12 N, contact=True
[sac_runtime_controller-7] [INFO] [1786435235.378609293] [rl_hole_search_controller]: HOLDING: dx=-0.0002 m, depth=-0.0001 m, YZ=(-0.4354, 0.5689) m, YZ_ref=(-0.4363, 0.5714) m, center_error_YZ_mm=(-0.509, -2.335), vx=-0.0031 m/s, Fx=0.00 N, contact=True
[sac_runtime_controller-7] [INFO] [1786435236.449910304] [rl_hole_search_controller]: HOLDING: dx=-0.0002 m, depth=-0.0001 m, YZ=(-0.4371, 0.5724) m, YZ_ref=(-0.4363, 0.5714) m, center_error_YZ_mm=(-2.195, 1.125), vx=-0.0014 m/s, Fx=0.00 N, contact=True
[sac_runtime_controller-7] [INFO] [1786435237.545264199] [rl_hole_search_controller]: APPROACHING: ramping world-X contact force
[sac_runtime_controller-7] [INFO] [1786435237.549261116] [rl_hole_search_controller]: APPROACHING: dx=0.0001 m, depth=0.0002 m, YZ=(-0.4348, 0.5698) m, YZ_ref=(-0.4363, 0.5714) m, center_error_YZ_mm=(0.076, -1.463), vx=-0.0073 m/s, Fx=-0.21 N, contact=True
[sac_runtime_controller-7] [INFO] [1786435238.611949566] [rl_hole_search_controller]: APPROACHING: dx=0.0004 m, depth=0.0005 m, YZ=(-0.4356, 0.5713) m, YZ_ref=(-0.4363, 0.5714) m, center_error_YZ_mm=(-0.741, 0.098), vx=0.0014 m/s, Fx=0.45 N, contact=True
[sac_runtime_controller-7] [INFO] [1786435239.492743757] [rl_hole_search_controller]: SEARCHING: contact at X=0.3247; YZ spiral started
[sac_runtime_controller-7] [INFO] [1786435239.697233729] [rl_hole_search_controller]: SEARCHING: dx=0.0008 m, depth=0.0008 m, YZ=(-0.4349, 0.5705) m, YZ_ref=(-0.4353, 0.5713) m, center_error_YZ_mm=(-0.001, -0.795), vx=0.0038 m/s, Fx=0.07 N, contact=True
[sac_runtime_controller-7] [INFO] [1786435240.635313820] [rl_hole_search_controller]: INSERTING: hole alignment/entry detected at 0.0009 m; centering YZ and inserting to 0.0170 m
[sac_runtime_controller-7] [INFO] [1786435240.637075684] [rl_hole_search_controller]: INSERTING handoff: HOLE_YZ_ref=(-0.4349, 0.5712) m, tool_YZ=(-0.4351, 0.5714) m, center_error_YZ_mm=(-0.274, 0.160), tool_tilt=0.27 deg
[sac_runtime_controller-7] [INFO] [1786435240.757530491] [rl_hole_search_controller]: INSERTING: dx=0.0014 m, depth=0.0015 m, YZ=(-0.4347, 0.5715) m, YZ_ref=(-0.4349, 0.5712) m, center_error_YZ_mm=(0.171, 0.232), vx=0.0050 m/s, Fx=1.16 N, contact=False
[sac_runtime_controller-7] [INFO] [1786435241.828777709] [rl_hole_search_controller]: INSERTING: dx=0.0039 m, depth=0.0040 m, YZ=(-0.4342, 0.5720) m, YZ_ref=(-0.4349, 0.5712) m, center_error_YZ_mm=(0.648, 0.733), vx=0.0044 m/s, Fx=1.18 N, contact=False
[sac_runtime_controller-7] [INFO] [1786435242.928298220] [rl_hole_search_controller]: INSERTING: dx=0.0053 m, depth=0.0054 m, YZ=(-0.4333, 0.5711) m, YZ_ref=(-0.4349, 0.5712) m, center_error_YZ_mm=(1.530, -0.111), vx=0.0023 m/s, Fx=1.19 N, contact=False
[sac_runtime_controller-7] [INFO] [1786435243.986962859] [rl_hole_search_controller]: INSERTING: dx=0.0064 m, depth=0.0065 m, YZ=(-0.4342, 0.5717) m, YZ_ref=(-0.4349, 0.5712) m, center_error_YZ_mm=(0.691, 0.484), vx=0.0039 m/s, Fx=1.15 N, contact=False
[sac_runtime_controller-7] [INFO] [1786435245.063146415] [rl_hole_search_controller]: INSERTING: dx=0.0079 m, depth=0.0080 m, YZ=(-0.4353, 0.5719) m, YZ_ref=(-0.4349, 0.5712) m, center_error_YZ_mm=(-0.423, 0.684), vx=0.0077 m/s, Fx=1.20 N, contact=False
[sac_runtime_controller-7] [INFO] [1786435246.162396572] [rl_hole_search_controller]: INSERTING: dx=0.0099 m, depth=0.0100 m, YZ=(-0.4341, 0.5717) m, YZ_ref=(-0.4349, 0.5712) m, center_error_YZ_mm=(0.801, 0.481), vx=0.0064 m/s, Fx=1.18 N, contact=False
[sac_runtime_controller-7] [INFO] [1786435247.246200631] [rl_hole_search_controller]: INSERTING: dx=0.0115 m, depth=0.0116 m, YZ=(-0.4347, 0.5711) m, YZ_ref=(-0.4349, 0.5712) m, center_error_YZ_mm=(0.149, -0.116), vx=-0.0014 m/s, Fx=1.20 N, contact=False
[sac_runtime_controller-7] [INFO] [1786435248.317929523] [rl_hole_search_controller]: INSERTING: dx=0.0138 m, depth=0.0139 m, YZ=(-0.4339, 0.5718) m, YZ_ref=(-0.4349, 0.5712) m, center_error_YZ_mm=(0.962, 0.580), vx=0.0148 m/s, Fx=1.17 N, contact=False
[sac_runtime_controller-7] [INFO] [1786435249.410356864] [rl_hole_search_controller]: INSERTING: dx=0.0155 m, depth=0.0156 m, YZ=(-0.4334, 0.5718) m, YZ_ref=(-0.4349, 0.5712) m, center_error_YZ_mm=(1.484, 0.603), vx=0.0177 m/s, Fx=0.88 N, contact=False
[sac_runtime_controller-7] [INFO] [1786435250.491004330] [rl_hole_search_controller]: INSERTING: dx=0.0159 m, depth=0.0160 m, YZ=(-0.4355, 0.5716) m, YZ_ref=(-0.4349, 0.5712) m, center_error_YZ_mm=(-0.621, 0.331), vx=0.0017 m/s, Fx=0.72 N, contact=False
[sac_runtime_controller-7] [INFO] [1786435251.600445078] [rl_hole_search_controller]: INSERTING: dx=0.0160 m, depth=0.0161 m, YZ=(-0.4355, 0.5730) m, YZ_ref=(-0.4349, 0.5712) m, center_error_YZ_mm=(-0.653, 1.734), vx=0.0426 m/s, Fx=0.78 N, contact=False
[sac_runtime_controller-7] [INFO] [1786435252.662225301] [rl_hole_search_controller]: INSERTING: dx=0.0169 m, depth=0.0170 m, YZ=(-0.4342, 0.5707) m, YZ_ref=(-0.4349, 0.5712) m, center_error_YZ_mm=(0.657, -0.542), vx=0.0052 m/s, Fx=0.14 N, contact=False
[sac_runtime_controller-7] [INFO] [1786435253.764186567] [rl_hole_search_controller]: INSERTING: dx=0.0167 m, depth=0.0168 m, YZ=(-0.4359, 0.5722) m, YZ_ref=(-0.4349, 0.5712) m, center_error_YZ_mm=(-0.987, 0.985), vx=0.0095 m/s, Fx=0.37 N, contact=False
[sac_runtime_controller-7] [INFO] [1786435254.296226439] [rl_hole_search_controller]: INSERT_HOLDING: target depth confirmed at 0.0171 m; joint velocity=0.199 rad/s; tool velocity=0.013 m/s; captured current joints and starting MIT-equivalent hold
[sac_runtime_controller-7] [INFO] [1786435254.825690661] [rl_hole_search_controller]: INSERT_HOLDING: MIT joint lock, dx=0.0170 m, depth=0.0171 m, YZ=(-0.4349, 0.5713) m, ramp=1.00, q_error_max=0.0004 rad, dq_max=0.0043 rad/s, tau_max=0.01 Nm, hold_force_max=0.03 N, tip_centered_YZ=True, contact=False
[sac_runtime_controller-7] [INFO] [1786435255.880585174] [rl_hole_search_controller]: INSERT_HOLDING: MIT joint lock, dx=0.0170 m, depth=0.0171 m, YZ=(-0.4349, 0.5713) m, ramp=1.00, q_error_max=0.0004 rad, dq_max=0.0000 rad/s, tau_max=0.00 Nm, hold_force_max=0.03 N, tip_centered_YZ=True, contact=False
[sac_runtime_controller-7] [INFO] [1786435256.438911076] [rl_hole_search_controller]: INSERT_HOLDING complete: physical geometry confirmed; depth=0.0171 m, tip_error_YZ_mm=(-0.006, 0.031), entry_error_YZ_mm=(-0.353, 0.272), tilt=1.42 deg; Episode is an assembly success
[sac_runtime_controller-7] [INFO] [1786435256.454214355] [rl_hole_search_controller]: RESETTING episode=48, dataset_index=47, offset_yz_mm=(1.746, 2.888)
[sac_runtime_controller-7] [INFO] [1786435256.456229313] [rl_hole_search_controller]: RESETTING: joint_error=0.1726 rad, joint_velocity=0.0001 rad/s
[sac_runtime_controller-7] [INFO] [1786435256.884295042] [rl_hole_search_controller]: RESETTING: 固定外边界板面及真实深方孔已重建，WORLD_HOLE_XYZ=(0.33220, -0.43477, 0.57499) m, HOLE_YZ_ref=(-0.4348, 0.5750) m
[sac_runtime_controller-7] [INFO] [1786435257.300300119] [rl_hole_search_controller]: RESET complete; starting original HOLDING state
[sac_runtime_controller-7] [INFO] [1786435257.303928643] [rl_hole_search_controller]: HOLDING: center=[ 0.32378822 -0.43633223  0.5714042 ]
[sac_runtime_controller-7] [INFO] [1786435257.305755404] [rl_hole_search_controller]: HOLDING: dx=0.0000 m, depth=0.0001 m, YZ=(-0.4363, 0.5714) m, YZ_ref=(-0.4363, 0.5714) m, center_error_YZ_mm=(-1.565, -3.586), vx=-0.0003 m/s, Fx=-0.09 N, contact=True
[sac_runtime_controller-7] [INFO] [1786435257.310017015] [rl_hole_search_controller]: HOLDING: reset tool tilt=0.01 deg
[sac_runtime_controller-7] [INFO] [1786435258.415220028] [rl_hole_search_controller]: HOLDING: dx=-0.0001 m, depth=0.0000 m, YZ=(-0.4357, 0.5715) m, YZ_ref=(-0.4363, 0.5714) m, center_error_YZ_mm=(-0.924, -3.531), vx=-0.0115 m/s, Fx=-0.01 N, contact=True
[sac_runtime_controller-7] [INFO] [1786435259.486266239] [rl_hole_search_controller]: HOLDING: dx=-0.0000 m, depth=0.0001 m, YZ=(-0.4355, 0.5702) m, YZ_ref=(-0.4363, 0.5714) m, center_error_YZ_mm=(-0.770, -4.781), vx=-0.0003 m/s, Fx=-0.08 N, contact=True
[sac_runtime_controller-7] [INFO] [1786435260.546092066] [rl_hole_search_controller]: HOLDING: dx=-0.0005 m, depth=-0.0004 m, YZ=(-0.4376, 0.5720) m, YZ_ref=(-0.4363, 0.5714) m, center_error_YZ_mm=(-2.875, -3.021), vx=0.0062 m/s, Fx=0.00 N, contact=False
[sac_runtime_controller-7] [INFO] [1786435261.614116905] [rl_hole_search_controller]: HOLDING: dx=-0.0000 m, depth=0.0001 m, YZ=(-0.4347, 0.5696) m, YZ_ref=(-0.4363, 0.5714) m, center_error_YZ_mm=(0.069, -5.364), vx=-0.0049 m/s, Fx=-0.07 N, contact=True
[sac_runtime_controller-7] [INFO] [1786435262.674247389] [rl_hole_search_controller]: APPROACHING: ramping world-X contact force
[sac_runtime_controller-7] [INFO] [1786435262.677946111] [rl_hole_search_controller]: APPROACHING: dx=-0.0005 m, depth=-0.0004 m, YZ=(-0.4376, 0.5718) m, YZ_ref=(-0.4363, 0.5714) m, center_error_YZ_mm=(-2.831, -3.239), vx=0.0034 m/s, Fx=0.00 N, contact=False
[sac_runtime_controller-7] [INFO] [1786435263.729940351] [rl_hole_search_controller]: APPROACHING: dx=0.0003 m, depth=0.0004 m, YZ=(-0.4368, 0.5729) m, YZ_ref=(-0.4363, 0.5714) m, center_error_YZ_mm=(-2.079, -2.114), vx=0.0038 m/s, Fx=0.51 N, contact=True
[sac_runtime_controller-7] [INFO] [1786435263.943779347] [rl_hole_search_controller]: SEARCHING: contact at X=0.3245; YZ spiral started
[sac_runtime_controller-7] [INFO] [1786435264.814650087] [rl_hole_search_controller]: SEARCHING: dx=0.0006 m, depth=0.0007 m, YZ=(-0.4369, 0.5724) m, YZ_ref=(-0.4361, 0.5706) m, center_error_YZ_mm=(-2.101, -2.619), vx=-0.0038 m/s, Fx=0.33 N, contact=True
[sac_runtime_controller-7] [INFO] [1786435265.879529520] [rl_hole_search_controller]: SEARCHING: dx=0.0004 m, depth=0.0005 m, YZ=(-0.4377, 0.5728) m, YZ_ref=(-0.4342, 0.5688) m, center_error_YZ_mm=(-2.947, -2.201), vx=0.0047 m/s, Fx=0.43 N, contact=True
[sac_runtime_controller-7] [INFO] [1786435266.984803783] [rl_hole_search_controller]: SEARCHING: dx=0.0004 m, depth=0.0005 m, YZ=(-0.4345, 0.5679) m, YZ_ref=(-0.4328, 0.5687) m, center_error_YZ_mm=(0.229, -7.055), vx=0.0074 m/s, Fx=0.37 N, contact=True
[sac_runtime_controller-7] [INFO] [1786435267.468697258] [rl_hole_search_controller]: RESETTING episode=49, dataset_index=48, offset_yz_mm=(-2.296, -1.766)
[sac_runtime_controller-7] [INFO] [1786435267.470158627] [rl_hole_search_controller]: RESETTING: joint_error=0.0223 rad, joint_velocity=0.0251 rad/s
[sac_runtime_controller-7] [INFO] [1786435267.591974153] [rl_hole_search_controller]: RESETTING: 固定外边界板面及真实深方孔已重建，WORLD_HOLE_XYZ=(0.33220, -0.43634, 0.56681) m, HOLE_YZ_ref=(-0.4363, 0.5668) m
[sac_runtime_controller-7] [INFO] [1786435268.290770081] [rl_hole_search_controller]: RESET complete; starting original HOLDING state
[sac_runtime_controller-7] [INFO] [1786435268.294318006] [rl_hole_search_controller]: HOLDING: center=[ 0.32375294 -0.43633556  0.57137695]
[sac_runtime_controller-7] [INFO] [1786435268.296864252] [rl_hole_search_controller]: HOLDING: dx=0.0000 m, depth=0.0001 m, YZ=(-0.4363, 0.5714) m, YZ_ref=(-0.4363, 0.5714) m, center_error_YZ_mm=(0.005, 4.572), vx=-0.0000 m/s, Fx=-0.05 N, contact=True
[sac_runtime_controller-7] [INFO] [1786435268.299883389] [rl_hole_search_controller]: HOLDING: reset tool tilt=0.00 deg
[sac_runtime_controller-7] [INFO] [1786435269.356135246] [rl_hole_search_controller]: HOLDING: dx=-0.0000 m, depth=0.0000 m, YZ=(-0.4370, 0.5720) m, YZ_ref=(-0.4363, 0.5714) m, center_error_YZ_mm=(-0.609, 5.212), vx=0.0013 m/s, Fx=-0.03 N, contact=True
[sac_runtime_controller-7] [INFO] [1786435270.437041563] [rl_hole_search_controller]: HOLDING: dx=-0.0002 m, depth=-0.0002 m, YZ=(-0.4372, 0.5723) m, YZ_ref=(-0.4363, 0.5714) m, center_error_YZ_mm=(-0.847, 5.536), vx=0.0014 m/s, Fx=-0.03 N, contact=True
[sac_runtime_controller-7] [INFO] [1786435271.512910369] [rl_hole_search_controller]: HOLDING: dx=-0.0005 m, depth=-0.0005 m, YZ=(-0.4389, 0.5730) m, YZ_ref=(-0.4363, 0.5714) m, center_error_YZ_mm=(-2.539, 6.147), vx=-0.0035 m/s, Fx=0.00 N, contact=False
[sac_runtime_controller-7] [INFO] [1786435272.589565639] [rl_hole_search_controller]: HOLDING: dx=0.0004 m, depth=0.0004 m, YZ=(-0.4341, 0.5692) m, YZ_ref=(-0.4363, 0.5714) m, center_error_YZ_mm=(2.198, 2.418), vx=0.0018 m/s, Fx=-0.47 N, contact=True
[sac_runtime_controller-7] [INFO] [1786435273.702326426] [rl_hole_search_controller]: APPROACHING: ramping world-X contact force
[sac_runtime_controller-7] [INFO] [1786435273.709457775] [rl_hole_search_controller]: APPROACHING: dx=-0.0000 m, depth=0.0000 m, YZ=(-0.4352, 0.5698) m, YZ_ref=(-0.4363, 0.5714) m, center_error_YZ_mm=(1.124, 3.004), vx=0.0016 m/s, Fx=-0.06 N, contact=True
[sac_runtime_controller-7] [INFO] [1786435274.865980313] [rl_hole_search_controller]: APPROACHING: dx=0.0004 m, depth=0.0005 m, YZ=(-0.4362, 0.5718) m, YZ_ref=(-0.4363, 0.5714) m, center_error_YZ_mm=(0.185, 4.984), vx=-0.0005 m/s, Fx=0.50 N, contact=True
[sac_runtime_controller-7] [INFO] [1786435275.087829699] [rl_hole_search_controller]: SEARCHING: contact at X=0.3247; YZ spiral started
[sac_runtime_controller-7] [INFO] [1786435275.981879696] [rl_hole_search_controller]: SEARCHING: dx=0.0008 m, depth=0.0009 m, YZ=(-0.4345, 0.5700) m, YZ_ref=(-0.4338, 0.5691) m, center_error_YZ_mm=(1.821, 3.225), vx=-0.0060 m/s, Fx=0.10 N, contact=True
[sac_runtime_controller-7] [INFO] [1786435277.073162481] [rl_hole_search_controller]: SEARCHING: dx=0.0010 m, depth=0.0011 m, YZ=(-0.4338, 0.5671) m, YZ_ref=(-0.4338, 0.5703) m, center_error_YZ_mm=(2.570, 0.324), vx=0.0046 m/s, Fx=-0.17 N, contact=True
[sac_runtime_controller-7] [INFO] [1786435278.148833979] [rl_hole_search_controller]: SEARCHING: dx=0.0004 m, depth=0.0004 m, YZ=(-0.4378, 0.5733) m, YZ_ref=(-0.4364, 0.5717) m, center_error_YZ_mm=(-1.430, 6.536), vx=0.0065 m/s, Fx=0.46 N, contact=True
[sac_runtime_controller-7] [INFO] [1786435279.003748067] [rl_hole_search_controller]: RESETTING episode=50, dataset_index=49, offset_yz_mm=(2.614, -0.358)
[sac_runtime_controller-7] [INFO] [1786435279.008008176] [rl_hole_search_controller]: RESETTING: joint_error=0.0235 rad, joint_velocity=0.0521 rad/s
[sac_runtime_controller-7] [INFO] [1786435279.138935084] [rl_hole_search_controller]: RESETTING: 固定外边界板面及真实深方孔已重建，WORLD_HOLE_XYZ=(0.33220, -0.43295, 0.56965) m, HOLE_YZ_ref=(-0.4330, 0.5697) m
[sac_runtime_controller-7] [INFO] [1786435279.834180962] [rl_hole_search_controller]: RESET complete; starting original HOLDING state
[sac_runtime_controller-7] [INFO] [1786435279.837319495] [rl_hole_search_controller]: HOLDING: center=[ 0.32375809 -0.43636159  0.57142961]
[sac_runtime_controller-7] [INFO] [1786435279.838951061] [rl_hole_search_controller]: HOLDING: dx=0.0000 m, depth=0.0001 m, YZ=(-0.4364, 0.5714) m, YZ_ref=(-0.4364, 0.5714) m, center_error_YZ_mm=(-3.407, 1.777), vx=-0.0000 m/s, Fx=-0.06 N, contact=True
[sac_runtime_controller-7] [INFO] [1786435279.841697602] [rl_hole_search_controller]: HOLDING: reset tool tilt=0.01 deg
[sac_runtime_controller-7] [INFO] [1786435280.880784837] [rl_hole_search_controller]: HOLDING: dx=-0.0005 m, depth=-0.0005 m, YZ=(-0.4390, 0.5734) m, YZ_ref=(-0.4364, 0.5714) m, center_error_YZ_mm=(-6.010, 3.759), vx=0.0108 m/s, Fx=0.00 N, contact=False
[sac_runtime_controller-7] [INFO] [1786435281.930526528] [rl_hole_search_controller]: HOLDING: dx=0.0001 m, depth=0.0002 m, YZ=(-0.4356, 0.5705) m, YZ_ref=(-0.4364, 0.5714) m, center_error_YZ_mm=(-2.602, 0.860), vx=0.0016 m/s, Fx=-0.21 N, contact=True
[sac_runtime_controller-7] [INFO] [1786435283.007730714] [rl_hole_search_controller]: HOLDING: dx=-0.0003 m, depth=-0.0003 m, YZ=(-0.4373, 0.5715) m, YZ_ref=(-0.4364, 0.5714) m, center_error_YZ_mm=(-4.321, 1.889), vx=0.0023 m/s, Fx=0.00 N, contact=False
[sac_runtime_controller-7] [INFO] [1786435284.067758250] [rl_hole_search_controller]: HOLDING: dx=0.0000 m, depth=0.0001 m, YZ=(-0.4343, 0.5693) m, YZ_ref=(-0.4364, 0.5714) m, center_error_YZ_mm=(-1.333, -0.304), vx=0.0030 m/s, Fx=-0.15 N, contact=True
[sac_runtime_controller-7] [INFO] [1786435285.135750997] [rl_hole_search_controller]: APPROACHING: ramping world-X contact force
[sac_runtime_controller-7] [INFO] [1786435285.137572558] [rl_hole_search_controller]: APPROACHING: dx=-0.0005 m, depth=-0.0005 m, YZ=(-0.4352, 0.5695) m, YZ_ref=(-0.4364, 0.5714) m, center_error_YZ_mm=(-2.244, -0.159), vx=-0.0030 m/s, Fx=0.00 N, contact=False
[sac_runtime_controller-7] [INFO] [1786435286.208355829] [rl_hole_search_controller]: APPROACHING: dx=0.0003 m, depth=0.0004 m, YZ=(-0.4354, 0.5713) m, YZ_ref=(-0.4364, 0.5714) m, center_error_YZ_mm=(-2.486, 1.612), vx=0.0080 m/s, Fx=0.48 N, contact=True
[sac_runtime_controller-7] [INFO] [1786435286.423141528] [rl_hole_search_controller]: SEARCHING: contact at X=0.3243; YZ spiral started
[sac_runtime_controller-7] [INFO] [1786435287.308399355] [rl_hole_search_controller]: SEARCHING: dx=0.0006 m, depth=0.0006 m, YZ=(-0.4391, 0.5775) m, YZ_ref=(-0.4375, 0.5744) m, center_error_YZ_mm=(-6.173, 7.873), vx=0.0144 m/s, Fx=0.07 N, contact=True
[sac_runtime_controller-7] [INFO] [1786435287.668363737] [rl_hole_search_controller]: RESETTING episode=51, dataset_index=50, offset_yz_mm=(2.494, 2.808)
[sac_runtime_controller-7] [INFO] [1786435287.670363594] [rl_hole_search_controller]: RESETTING: joint_error=0.0117 rad, joint_velocity=0.0498 rad/s
[sac_runtime_controller-7] [INFO] [1786435287.713020279] [rl_hole_search_controller]: RESETTING: 固定外边界板面及真实深方孔已重建，WORLD_HOLE_XYZ=(0.33220, -0.43356, 0.57579) m, HOLE_YZ_ref=(-0.4336, 0.5758) m
[sac_runtime_controller-7] [INFO] [1786435288.503964413] [rl_hole_search_controller]: RESET complete; starting original HOLDING state
[sac_runtime_controller-7] [INFO] [1786435288.506802052] [rl_hole_search_controller]: HOLDING: center=[ 0.32375909 -0.43636351  0.57144455]
[sac_runtime_controller-7] [INFO] [1786435288.509765189] [rl_hole_search_controller]: HOLDING: dx=0.0000 m, depth=0.0001 m, YZ=(-0.4364, 0.5714) m, YZ_ref=(-0.4364, 0.5714) m, center_error_YZ_mm=(-2.804, -4.348), vx=-0.0000 m/s, Fx=-0.06 N, contact=True
[sac_runtime_controller-7] [INFO] [1786435288.512599028] [rl_hole_search_controller]: HOLDING: reset tool tilt=0.00 deg
[sac_runtime_controller-7] [INFO] [1786435289.588176142] [rl_hole_search_controller]: HOLDING: dx=-0.0000 m, depth=0.0000 m, YZ=(-0.4352, 0.5693) m, YZ_ref=(-0.4364, 0.5714) m, center_error_YZ_mm=(-1.606, -6.523), vx=-0.0027 m/s, Fx=-0.02 N, contact=True
[sac_runtime_controller-7] [INFO] [1786435290.660226014] [rl_hole_search_controller]: HOLDING: dx=-0.0005 m, depth=-0.0004 m, YZ=(-0.4375, 0.5725) m, YZ_ref=(-0.4364, 0.5714) m, center_error_YZ_mm=(-3.905, -3.301), vx=-0.0022 m/s, Fx=0.00 N, contact=False
[sac_runtime_controller-7] [INFO] [1786435291.720123831] [rl_hole_search_controller]: HOLDING: dx=-0.0003 m, depth=-0.0003 m, YZ=(-0.4373, 0.5721) m, YZ_ref=(-0.4364, 0.5714) m, center_error_YZ_mm=(-3.704, -3.663), vx=0.0100 m/s, Fx=0.00 N, contact=False
[sac_runtime_controller-7] [INFO] [1786435292.884755577] [rl_hole_search_controller]: HOLDING: dx=-0.0008 m, depth=-0.0008 m, YZ=(-0.4376, 0.5701) m, YZ_ref=(-0.4364, 0.5714) m, center_error_YZ_mm=(-4.056, -5.741), vx=0.0047 m/s, Fx=0.00 N, contact=False
[sac_runtime_controller-7] [INFO] [1786435293.946698914] [rl_hole_search_controller]: APPROACHING: ramping world-X contact force
[sac_runtime_controller-7] [INFO] [1786435293.952797082] [rl_hole_search_controller]: APPROACHING: dx=-0.0007 m, depth=-0.0007 m, YZ=(-0.4399, 0.5722) m, YZ_ref=(-0.4364, 0.5714) m, center_error_YZ_mm=(-6.381, -3.544), vx=-0.0240 m/s, Fx=0.01 N, contact=False
[sac_runtime_controller-7] [INFO] [1786435294.991087012] [rl_hole_search_controller]: APPROACHING: dx=0.0009 m, depth=0.0009 m, YZ=(-0.4344, 0.5701) m, YZ_ref=(-0.4364, 0.5714) m, center_error_YZ_mm=(-0.819, -5.657), vx=-0.0016 m/s, Fx=0.06 N, contact=True
[sac_runtime_controller-7] [INFO] [1786435295.266444175] [rl_hole_search_controller]: SEARCHING: contact at X=0.3244; YZ spiral started
[sac_runtime_controller-7] [INFO] [1786435296.098912825] [rl_hole_search_controller]: SEARCHING: dx=0.0010 m, depth=0.0011 m, YZ=(-0.4355, 0.5716) m, YZ_ref=(-0.4334, 0.5724) m, center_error_YZ_mm=(-1.921, -4.148), vx=-0.0063 m/s, Fx=-0.05 N, contact=True
[sac_runtime_controller-7] [INFO] [1786435296.882377821] [rl_hole_search_controller]: RESETTING episode=52, dataset_index=51, offset_yz_mm=(2.993, -1.176)
[sac_runtime_controller-7] [INFO] [1786435296.885518253] [rl_hole_search_controller]: RESETTING: joint_error=0.0174 rad, joint_velocity=0.0709 rad/s
[sac_runtime_controller-7] [INFO] [1786435297.055275889] [rl_hole_search_controller]: RESETTING: 固定外边界板面及真实深方孔已重建，WORLD_HOLE_XYZ=(0.33220, -0.42976, 0.56696) m, HOLE_YZ_ref=(-0.4298, 0.5670) m
[sac_runtime_controller-7] [INFO] [1786435297.761896334] [rl_hole_search_controller]: RESET complete; starting original HOLDING state
[sac_runtime_controller-7] [INFO] [1786435297.764274282] [rl_hole_search_controller]: HOLDING: center=[ 0.32375784 -0.43635435  0.57143529]
[sac_runtime_controller-7] [INFO] [1786435297.765928147] [rl_hole_search_controller]: HOLDING: dx=0.0000 m, depth=0.0001 m, YZ=(-0.4364, 0.5714) m, YZ_ref=(-0.4364, 0.5714) m, center_error_YZ_mm=(-6.599, 4.473), vx=-0.0001 m/s, Fx=-0.06 N, contact=True
[sac_runtime_controller-7] [INFO] [1786435297.768586189] [rl_hole_search_controller]: HOLDING: reset tool tilt=0.00 deg
[sac_runtime_controller-7] [INFO] [1786435298.848973149] [rl_hole_search_controller]: HOLDING: dx=0.0001 m, depth=0.0002 m, YZ=(-0.4357, 0.5725) m, YZ_ref=(-0.4364, 0.5714) m, center_error_YZ_mm=(-5.924, 5.500), vx=0.0049 m/s, Fx=-0.29 N, contact=True
[sac_runtime_controller-7] [INFO] [1786435299.936899928] [rl_hole_search_controller]: HOLDING: dx=-0.0004 m, depth=-0.0003 m, YZ=(-0.4362, 0.5699) m, YZ_ref=(-0.4364, 0.5714) m, center_error_YZ_mm=(-6.428, 2.950), vx=-0.0020 m/s, Fx=0.00 N, contact=False
[sac_runtime_controller-7] [INFO] [1786435301.000255522] [rl_hole_search_controller]: HOLDING: dx=0.0001 m, depth=0.0001 m, YZ=(-0.4348, 0.5703) m, YZ_ref=(-0.4364, 0.5714) m, center_error_YZ_mm=(-5.073, 3.383), vx=0.0006 m/s, Fx=-0.13 N, contact=True
[sac_runtime_controller-7] [INFO] [1786435302.091030606] [rl_hole_search_controller]: HOLDING: dx=-0.0002 m, depth=-0.0002 m, YZ=(-0.4377, 0.5744) m, YZ_ref=(-0.4364, 0.5714) m, center_error_YZ_mm=(-7.910, 7.418), vx=0.0100 m/s, Fx=-0.20 N, contact=True
[sac_runtime_controller-7] [INFO] [1786435303.162655090] [rl_hole_search_controller]: APPROACHING: ramping world-X contact force
[sac_runtime_controller-7] [INFO] [1786435303.168913954] [rl_hole_search_controller]: APPROACHING: dx=0.0000 m, depth=0.0001 m, YZ=(-0.4347, 0.5698) m, YZ_ref=(-0.4364, 0.5714) m, center_error_YZ_mm=(-4.897, 2.817), vx=-0.0028 m/s, Fx=-0.07 N, contact=True
[sac_runtime_controller-7] [INFO] [1786435304.238379265] [rl_hole_search_controller]: APPROACHING: dx=0.0001 m, depth=0.0001 m, YZ=(-0.4361, 0.5724) m, YZ_ref=(-0.4364, 0.5714) m, center_error_YZ_mm=(-6.364, 5.430), vx=-0.0004 m/s, Fx=0.89 N, contact=True
[sac_runtime_controller-7] [INFO] [1786435304.482506669] [rl_hole_search_controller]: SEARCHING: contact at X=0.3240; YZ spiral started
[sac_runtime_controller-7] [INFO] [1786435305.307115679] [rl_hole_search_controller]: SEARCHING: dx=0.0006 m, depth=0.0006 m, YZ=(-0.4398, 0.5771) m, YZ_ref=(-0.4385, 0.5757) m, center_error_YZ_mm=(-10.019, 10.096), vx=0.0008 m/s, Fx=0.36 N, contact=True
[sac_runtime_controller-7] [INFO] [1786435305.699155270] [rl_hole_search_controller]: RESETTING episode=53, dataset_index=52, offset_yz_mm=(-2.390, 0.033)
[sac_runtime_controller-7] [INFO] [1786435305.701866511] [rl_hole_search_controller]: RESETTING: joint_error=0.0777 rad, joint_velocity=0.0321 rad/s
[sac_runtime_controller-7] [INFO] [1786435306.008743348] [rl_hole_search_controller]: RESETTING: 固定外边界板面及真实深方孔已重建，WORLD_HOLE_XYZ=(0.33220, -0.43951, 0.57221) m, HOLE_YZ_ref=(-0.4395, 0.5722) m
[sac_runtime_controller-7] [INFO] [1786435306.528272763] [rl_hole_search_controller]: RESET complete; starting original HOLDING state
[sac_runtime_controller-7] [INFO] [1786435306.530699110] [rl_hole_search_controller]: HOLDING: center=[ 0.32375944 -0.43637531  0.57145247]
[sac_runtime_controller-7] [INFO] [1786435306.532401873] [rl_hole_search_controller]: HOLDING: dx=0.0000 m, depth=0.0001 m, YZ=(-0.4364, 0.5715) m, YZ_ref=(-0.4364, 0.5715) m, center_error_YZ_mm=(3.134, -0.761), vx=0.0001 m/s, Fx=-0.06 N, contact=True
[sac_runtime_controller-7] [INFO] [1786435306.535050016] [rl_hole_search_controller]: HOLDING: reset tool tilt=0.01 deg
[sac_runtime_controller-7] [INFO] [1786435307.616278820] [rl_hole_search_controller]: HOLDING: dx=0.0001 m, depth=0.0001 m, YZ=(-0.4351, 0.5707) m, YZ_ref=(-0.4364, 0.5715) m, center_error_YZ_mm=(4.405, -1.509), vx=0.0012 m/s, Fx=-0.14 N, contact=True
[sac_runtime_controller-7] [INFO] [1786435308.695183757] [rl_hole_search_controller]: HOLDING: dx=-0.0001 m, depth=-0.0000 m, YZ=(-0.4354, 0.5706) m, YZ_ref=(-0.4364, 0.5715) m, center_error_YZ_mm=(4.083, -1.655), vx=-0.0043 m/s, Fx=0.00 N, contact=True
[sac_runtime_controller-7] [INFO] [1786435309.768957889] [rl_hole_search_controller]: HOLDING: dx=-0.0003 m, depth=-0.0003 m, YZ=(-0.4372, 0.5731) m, YZ_ref=(-0.4364, 0.5715) m, center_error_YZ_mm=(2.296, 0.863), vx=0.0121 m/s, Fx=0.00 N, contact=False
[sac_runtime_controller-7] [INFO] [1786435310.877089455] [rl_hole_search_controller]: HOLDING: dx=0.0005 m, depth=0.0005 m, YZ=(-0.4364, 0.5698) m, YZ_ref=(-0.4364, 0.5715) m, center_error_YZ_mm=(3.153, -2.379), vx=-0.1140 m/s, Fx=-0.54 N, contact=True
[sac_runtime_controller-7] [INFO] [1786435311.984700016] [rl_hole_search_controller]: APPROACHING: ramping world-X contact force
[sac_runtime_controller-7] [INFO] [1786435311.988627631] [rl_hole_search_controller]: APPROACHING: dx=-0.0004 m, depth=-0.0004 m, YZ=(-0.4372, 0.5724) m, YZ_ref=(-0.4364, 0.5715) m, center_error_YZ_mm=(2.337, 0.150), vx=0.0070 m/s, Fx=0.01 N, contact=False
[sac_runtime_controller-7] [INFO] [1786435313.081059004] [rl_hole_search_controller]: APPROACHING: dx=0.0003 m, depth=0.0004 m, YZ=(-0.4343, 0.5697) m, YZ_ref=(-0.4364, 0.5715) m, center_error_YZ_mm=(5.212, -2.515), vx=-0.0140 m/s, Fx=0.63 N, contact=True
[sac_runtime_controller-7] [INFO] [1786435313.294204152] [rl_hole_search_controller]: SEARCHING: contact at X=0.3244; YZ spiral started
[sac_runtime_controller-7] [INFO] [1786435314.226110509] [rl_hole_search_controller]: SEARCHING: dx=0.0010 m, depth=0.0010 m, YZ=(-0.4351, 0.5767) m, YZ_ref=(-0.4350, 0.5725) m, center_error_YZ_mm=(4.457, 4.490), vx=0.0057 m/s, Fx=-0.14 N, contact=True
[sac_runtime_controller-7] [INFO] [1786435315.355543238] [rl_hole_search_controller]: SEARCHING: dx=0.0008 m, depth=0.0009 m, YZ=(-0.4354, 0.5721) m, YZ_ref=(-0.4346, 0.5716) m, center_error_YZ_mm=(4.131, -0.120), vx=-0.0030 m/s, Fx=0.14 N, contact=True
[sac_runtime_controller-7] [INFO] [1786435316.480252953] [rl_hole_search_controller]: SEARCHING: dx=0.0007 m, depth=0.0008 m, YZ=(-0.4324, 0.5704) m, YZ_ref=(-0.4348, 0.5707) m, center_error_YZ_mm=(7.069, -1.827), vx=0.0117 m/s, Fx=0.00 N, contact=True
[sac_runtime_controller-7] [INFO] [1786435317.674863321] [rl_hole_search_controller]: SEARCHING: dx=0.0006 m, depth=0.0006 m, YZ=(-0.4344, 0.5687) m, YZ_ref=(-0.4356, 0.5701) m, center_error_YZ_mm=(5.117, -3.534), vx=-0.0043 m/s, Fx=0.38 N, contact=True
[sac_runtime_controller-7] [INFO] [1786435318.814862464] [rl_hole_search_controller]: SEARCHING: dx=0.0008 m, depth=0.0008 m, YZ=(-0.4360, 0.5710) m, YZ_ref=(-0.4372, 0.5691) m, center_error_YZ_mm=(3.553, -1.181), vx=0.0086 m/s, Fx=-0.00 N, contact=True
[sac_runtime_controller-7] [INFO] [1786435319.642585631] [rl_hole_search_controller]: RESETTING episode=54, dataset_index=53, offset_yz_mm=(2.476, -2.308)
[sac_runtime_controller-7] [INFO] [1786435319.644905281] [rl_hole_search_controller]: RESETTING: joint_error=0.0210 rad, joint_velocity=0.0709 rad/s
[sac_runtime_controller-7] [INFO] [1786435319.836652479] [rl_hole_search_controller]: RESETTING: 固定外边界板面及真实深方孔已重建，WORLD_HOLE_XYZ=(0.33220, -0.43242, 0.56361) m, HOLE_YZ_ref=(-0.4324, 0.5636) m
[sac_runtime_controller-7] [INFO] [1786435320.543032195] [rl_hole_search_controller]: RESET complete; starting original HOLDING state
[sac_runtime_controller-7] [INFO] [1786435320.546173526] [rl_hole_search_controller]: HOLDING: center=[ 0.323755   -0.4363402   0.57139173]
[sac_runtime_controller-7] [INFO] [1786435320.548066784] [rl_hole_search_controller]: HOLDING: dx=0.0000 m, depth=0.0001 m, YZ=(-0.4363, 0.5714) m, YZ_ref=(-0.4363, 0.5714) m, center_error_YZ_mm=(-3.920, 7.780), vx=-0.0001 m/s, Fx=-0.05 N, contact=True
[sac_runtime_controller-7] [INFO] [1786435320.550942621] [rl_hole_search_controller]: HOLDING: reset tool tilt=0.00 deg
[sac_runtime_controller-7] [INFO] [1786435321.639104954] [rl_hole_search_controller]: HOLDING: dx=-0.0004 m, depth=-0.0004 m, YZ=(-0.4375, 0.5709) m, YZ_ref=(-0.4363, 0.5714) m, center_error_YZ_mm=(-5.067, 7.317), vx=-0.0100 m/s, Fx=0.00 N, contact=False
[sac_runtime_controller-7] [INFO] [1786435322.728796437] [rl_hole_search_controller]: HOLDING: dx=-0.0003 m, depth=-0.0002 m, YZ=(-0.4363, 0.5713) m, YZ_ref=(-0.4363, 0.5714) m, center_error_YZ_mm=(-3.840, 7.722), vx=0.0016 m/s, Fx=0.00 N, contact=False
[sac_runtime_controller-7] [INFO] [1786435323.808398326] [rl_hole_search_controller]: HOLDING: dx=-0.0001 m, depth=-0.0000 m, YZ=(-0.4317, 0.5655) m, YZ_ref=(-0.4363, 0.5714) m, center_error_YZ_mm=(0.701, 1.872), vx=-0.0004 m/s, Fx=0.00 N, contact=True
[sac_runtime_controller-7] [INFO] [1786435324.923171725] [rl_hole_search_controller]: HOLDING: dx=-0.0004 m, depth=-0.0004 m, YZ=(-0.4337, 0.5685) m, YZ_ref=(-0.4363, 0.5714) m, center_error_YZ_mm=(-1.326, 4.901), vx=-0.0112 m/s, Fx=0.00 N, contact=False
[sac_runtime_controller-7] [INFO] [1786435325.997017007] [rl_hole_search_controller]: APPROACHING: ramping world-X contact force
[sac_runtime_controller-7] [INFO] [1786435326.000144538] [rl_hole_search_controller]: APPROACHING: dx=-0.0009 m, depth=-0.0009 m, YZ=(-0.4399, 0.5739) m, YZ_ref=(-0.4363, 0.5714) m, center_error_YZ_mm=(-7.464, 10.297), vx=-0.0013 m/s, Fx=0.00 N, contact=False
[sac_runtime_controller-7] [INFO] [1786435327.042186803] [rl_hole_search_controller]: APPROACHING: dx=0.0009 m, depth=0.0009 m, YZ=(-0.4322, 0.5697) m, YZ_ref=(-0.4363, 0.5714) m, center_error_YZ_mm=(0.230, 6.079), vx=-0.0097 m/s, Fx=0.09 N, contact=True
[sac_runtime_controller-7] [INFO] [1786435327.256964674] [rl_hole_search_controller]: SEARCHING: contact at X=0.3247; YZ spiral started
[sac_runtime_controller-7] [INFO] [1786435328.127123209] [rl_hole_search_controller]: SEARCHING: dx=0.0010 m, depth=0.0011 m, YZ=(-0.4317, 0.5677) m, YZ_ref=(-0.4336, 0.5726) m, center_error_YZ_mm=(0.686, 4.132), vx=-0.0005 m/s, Fx=-0.10 N, contact=True
[sac_runtime_controller-7] [INFO] [1786435328.427028899] [rl_hole_search_controller]: RESETTING episode=55, dataset_index=54, offset_yz_mm=(-2.693, -0.212)
[sac_runtime_controller-7] [INFO] [1786435328.428650564] [rl_hole_search_controller]: RESETTING: joint_error=0.0587 rad, joint_velocity=0.0232 rad/s
[sac_runtime_controller-7] [INFO] [1786435328.697051849] [rl_hole_search_controller]: RESETTING: 固定外边界板面及真实深方孔已重建，WORLD_HOLE_XYZ=(0.33220, -0.43865, 0.57064) m, HOLE_YZ_ref=(-0.4386, 0.5706) m
[sac_runtime_controller-7] [INFO] [1786435329.263224068] [rl_hole_search_controller]: RESET complete; starting original HOLDING state
[sac_runtime_controller-7] [INFO] [1786435329.267469774] [rl_hole_search_controller]: HOLDING: center=[ 0.32375463 -0.436337    0.57139215]
[sac_runtime_controller-7] [INFO] [1786435329.268930742] [rl_hole_search_controller]: HOLDING: dx=0.0000 m, depth=0.0001 m, YZ=(-0.4363, 0.5714) m, YZ_ref=(-0.4363, 0.5714) m, center_error_YZ_mm=(2.312, 0.751), vx=-0.0000 m/s, Fx=-0.05 N, contact=True
[sac_runtime_controller-7] [INFO] [1786435329.271753480] [rl_hole_search_controller]: HOLDING: reset tool tilt=0.00 deg
[sac_runtime_controller-7] [INFO] [1786435330.341491588] [rl_hole_search_controller]: HOLDING: dx=-0.0004 m, depth=-0.0004 m, YZ=(-0.4350, 0.5693) m, YZ_ref=(-0.4363, 0.5714) m, center_error_YZ_mm=(3.660, -1.381), vx=-0.0041 m/s, Fx=0.00 N, contact=False
[sac_runtime_controller-7] [INFO] [1786435331.403765142] [rl_hole_search_controller]: HOLDING: dx=-0.0000 m, depth=0.0000 m, YZ=(-0.4391, 0.5752) m, YZ_ref=(-0.4363, 0.5714) m, center_error_YZ_mm=(-0.486, 4.588), vx=0.0046 m/s, Fx=-0.10 N, contact=True
[sac_runtime_controller-7] [INFO] [1786435332.461635679] [rl_hole_search_controller]: HOLDING: dx=0.0001 m, depth=0.0002 m, YZ=(-0.4346, 0.5719) m, YZ_ref=(-0.4363, 0.5714) m, center_error_YZ_mm=(4.010, 1.239), vx=-0.0002 m/s, Fx=-0.20 N, contact=True
[sac_runtime_controller-7] [INFO] [1786435333.513274438] [rl_hole_search_controller]: HOLDING: dx=-0.0006 m, depth=-0.0005 m, YZ=(-0.4387, 0.5736) m, YZ_ref=(-0.4363, 0.5714) m, center_error_YZ_mm=(-0.018, 2.943), vx=0.0050 m/s, Fx=0.00 N, contact=False
[sac_runtime_controller-7] [INFO] [1786435334.672177710] [rl_hole_search_controller]: APPROACHING: ramping world-X contact force
[sac_runtime_controller-7] [INFO] [1786435334.678034581] [rl_hole_search_controller]: APPROACHING: dx=0.0001 m, depth=0.0001 m, YZ=(-0.4365, 0.5723) m, YZ_ref=(-0.4363, 0.5714) m, center_error_YZ_mm=(2.114, 1.623), vx=0.0068 m/s, Fx=-0.24 N, contact=True
[sac_runtime_controller-7] [INFO] [1786435335.784054105] [rl_hole_search_controller]: APPROACHING: dx=0.0008 m, depth=0.0009 m, YZ=(-0.4354, 0.5709) m, YZ_ref=(-0.4363, 0.5714) m, center_error_YZ_mm=(3.239, 0.245), vx=0.0019 m/s, Fx=0.10 N, contact=True
[sac_runtime_controller-7] [INFO] [1786435336.004101434] [rl_hole_search_controller]: SEARCHING: contact at X=0.3244; YZ spiral started
[sac_runtime_controller-7] [INFO] [1786435336.863845592] [rl_hole_search_controller]: SEARCHING: dx=0.0004 m, depth=0.0005 m, YZ=(-0.4387, 0.5746) m, YZ_ref=(-0.4382, 0.5738) m, center_error_YZ_mm=(-0.035, 3.974), vx=0.0046 m/s, Fx=0.41 N, contact=True
[sac_runtime_controller-7] [INFO] [1786435337.302937763] [rl_hole_search_controller]: INSERTING: hole alignment/entry detected at 0.0009 m; centering YZ and inserting to 0.0170 m
[sac_runtime_controller-7] [INFO] [1786435337.305955396] [rl_hole_search_controller]: INSERTING handoff: HOLE_YZ_ref=(-0.4386, 0.5706) m, tool_YZ=(-0.4391, 0.5708) m, center_error_YZ_mm=(-0.418, 0.190), tool_tilt=1.48 deg
[sac_runtime_controller-7] [INFO] [1786435337.976521435] [rl_hole_search_controller]: INSERTING: dx=0.0021 m, depth=0.0022 m, YZ=(-0.4380, 0.5709) m, YZ_ref=(-0.4386, 0.5706) m, center_error_YZ_mm=(0.666, 0.221), vx=-0.0040 m/s, Fx=1.18 N, contact=False
[sac_runtime_controller-7] [INFO] [1786435339.043668069] [rl_hole_search_controller]: INSERTING: dx=0.0034 m, depth=0.0034 m, YZ=(-0.4384, 0.5712) m, YZ_ref=(-0.4386, 0.5706) m, center_error_YZ_mm=(0.247, 0.578), vx=0.0065 m/s, Fx=1.19 N, contact=False
[sac_runtime_controller-7] [INFO] [1786435340.120932864] [rl_hole_search_controller]: INSERTING: dx=0.0057 m, depth=0.0057 m, YZ=(-0.4374, 0.5709) m, YZ_ref=(-0.4386, 0.5706) m, center_error_YZ_mm=(1.245, 0.288), vx=0.0052 m/s, Fx=1.19 N, contact=False
[sac_runtime_controller-7] [INFO] [1786435341.188183265] [rl_hole_search_controller]: INSERTING: dx=0.0073 m, depth=0.0074 m, YZ=(-0.4379, 0.5713) m, YZ_ref=(-0.4386, 0.5706) m, center_error_YZ_mm=(0.792, 0.661), vx=0.0026 m/s, Fx=1.19 N, contact=False
[sac_runtime_controller-7] [INFO] [1786435342.272645268] [rl_hole_search_controller]: INSERTING: dx=0.0089 m, depth=0.0090 m, YZ=(-0.4375, 0.5702) m, YZ_ref=(-0.4386, 0.5706) m, center_error_YZ_mm=(1.141, -0.452), vx=0.0049 m/s, Fx=1.18 N, contact=False
[sac_runtime_controller-7] [INFO] [1786435343.375627144] [rl_hole_search_controller]: INSERTING: dx=0.0107 m, depth=0.0108 m, YZ=(-0.4372, 0.5705) m, YZ_ref=(-0.4386, 0.5706) m, center_error_YZ_mm=(1.477, -0.130), vx=-0.0044 m/s, Fx=1.16 N, contact=False
[sac_runtime_controller-7] [INFO] [1786435344.486237733] [rl_hole_search_controller]: INSERTING: dx=0.0125 m, depth=0.0126 m, YZ=(-0.4374, 0.5702) m, YZ_ref=(-0.4386, 0.5706) m, center_error_YZ_mm=(1.209, -0.469), vx=0.0071 m/s, Fx=1.16 N, contact=False
[sac_runtime_controller-7] [INFO] [1786435345.559063348] [rl_hole_search_controller]: INSERTING: dx=0.0145 m, depth=0.0146 m, YZ=(-0.4376, 0.5711) m, YZ_ref=(-0.4386, 0.5706) m, center_error_YZ_mm=(1.017, 0.423), vx=0.0121 m/s, Fx=1.18 N, contact=False
[sac_runtime_controller-7] [INFO] [1786435346.726068547] [rl_hole_search_controller]: INSERTING: dx=0.0161 m, depth=0.0162 m, YZ=(-0.4383, 0.5713) m, YZ_ref=(-0.4386, 0.5706) m, center_error_YZ_mm=(0.326, 0.620), vx=-0.0045 m/s, Fx=0.68 N, contact=False
[sac_runtime_controller-7] [INFO] [1786435347.916758503] [rl_hole_search_controller]: INSERTING: dx=0.0163 m, depth=0.0164 m, YZ=(-0.4389, 0.5708) m, YZ_ref=(-0.4386, 0.5706) m, center_error_YZ_mm=(-0.205, 0.155), vx=-0.0099 m/s, Fx=0.54 N, contact=False
[sac_runtime_controller-7] [INFO] [1786435349.143454034] [rl_hole_search_controller]: INSERTING: dx=0.0167 m, depth=0.0168 m, YZ=(-0.4430, 0.5753) m, YZ_ref=(-0.4386, 0.5706) m, center_error_YZ_mm=(-4.367, 4.656), vx=0.1150 m/s, Fx=0.70 N, contact=False
[sac_runtime_controller-7] [INFO] [1786435350.395033888] [rl_hole_search_controller]: INSERTING: dx=0.0164 m, depth=0.0164 m, YZ=(-0.4383, 0.5710) m, YZ_ref=(-0.4386, 0.5706) m, center_error_YZ_mm=(0.385, 0.390), vx=0.0011 m/s, Fx=0.53 N, contact=False
[sac_runtime_controller-7] [INFO] [1786435351.667222661] [rl_hole_search_controller]: INSERTING: dx=0.0161 m, depth=0.0161 m, YZ=(-0.4382, 0.5708) m, YZ_ref=(-0.4386, 0.5706) m, center_error_YZ_mm=(0.435, 0.187), vx=-0.0069 m/s, Fx=0.62 N, contact=False
[sac_runtime_controller-7] [INFO] [1786435352.835726633] [rl_hole_search_controller]: INSERTING: dx=0.0166 m, depth=0.0166 m, YZ=(-0.4385, 0.5710) m, YZ_ref=(-0.4386, 0.5706) m, center_error_YZ_mm=(0.126, 0.357), vx=0.0052 m/s, Fx=0.29 N, contact=False
[sac_runtime_controller-7] [INFO] [1786435354.011105132] [rl_hole_search_controller]: INSERTING: dx=0.0168 m, depth=0.0169 m, YZ=(-0.4388, 0.5708) m, YZ_ref=(-0.4386, 0.5706) m, center_error_YZ_mm=(-0.102, 0.132), vx=-0.0056 m/s, Fx=0.30 N, contact=False
[sac_runtime_controller-7] [INFO] [1786435355.127303636] [rl_hole_search_controller]: INSERT_HOLDING: target depth confirmed at 0.0170 m; joint velocity=0.061 rad/s; tool velocity=0.004 m/s; captured current joints and starting MIT-equivalent hold
[sac_runtime_controller-7] [INFO] [1786435355.148850053] [rl_hole_search_controller]: INSERT_HOLDING: MIT joint lock, dx=0.0169 m, depth=0.0169 m, YZ=(-0.4394, 0.5715) m, ramp=0.08, q_error_max=0.0129 rad, dq_max=0.4099 rad/s, tau_max=0.87 Nm, hold_force_max=1.78 N, tip_centered_YZ=False, contact=False
[sac_runtime_controller-7] [INFO] [1786435356.249724186] [rl_hole_search_controller]: INSERT_HOLDING: MIT joint lock, dx=0.0170 m, depth=0.0170 m, YZ=(-0.4387, 0.5707) m, ramp=1.00, q_error_max=0.0002 rad, dq_max=0.0001 rad/s, tau_max=0.00 Nm, hold_force_max=0.01 N, tip_centered_YZ=True, contact=False
[sac_runtime_controller-7] [INFO] [1786435357.433463044] [rl_hole_search_controller]: INSERT_HOLDING complete: physical geometry confirmed; depth=0.0170 m, tip_error_YZ_mm=(-0.016, 0.012), entry_error_YZ_mm=(0.169, 0.160), tilt=0.80 deg; Episode is an assembly success
[sac_runtime_controller-7] [INFO] [1786435357.458417184] [rl_hole_search_controller]: RESETTING episode=56, dataset_index=55, offset_yz_mm=(2.581, 1.767)
[sac_runtime_controller-7] [INFO] [1786435357.462098702] [rl_hole_search_controller]: RESETTING: joint_error=0.1744 rad, joint_velocity=0.0001 rad/s
[sac_runtime_controller-7] [INFO] [1786435357.938819908] [rl_hole_search_controller]: RESETTING: 固定外边界板面及真实深方孔已重建，WORLD_HOLE_XYZ=(0.33220, -0.43417, 0.57394) m, HOLE_YZ_ref=(-0.4342, 0.5739) m
[sac_runtime_controller-7] [INFO] [1786435358.349738286] [rl_hole_search_controller]: RESET complete; starting original HOLDING state
[sac_runtime_controller-7] [INFO] [1786435358.354889770] [rl_hole_search_controller]: HOLDING: center=[ 0.32378976 -0.43634516  0.5713977 ]
[sac_runtime_controller-7] [INFO] [1786435358.357449313] [rl_hole_search_controller]: HOLDING: dx=0.0000 m, depth=0.0001 m, YZ=(-0.4363, 0.5714) m, YZ_ref=(-0.4363, 0.5714) m, center_error_YZ_mm=(-2.175, -2.547), vx=-0.0003 m/s, Fx=-0.09 N, contact=True
[sac_runtime_controller-7] [INFO] [1786435358.361793716] [rl_hole_search_controller]: HOLDING: reset tool tilt=0.00 deg
[sac_runtime_controller-7] [INFO] [1786435359.552650781] [rl_hole_search_controller]: HOLDING: dx=-0.0005 m, depth=-0.0004 m, YZ=(-0.4371, 0.5729) m, YZ_ref=(-0.4363, 0.5714) m, center_error_YZ_mm=(-2.911, -1.026), vx=0.0020 m/s, Fx=0.00 N, contact=False
[sac_runtime_controller-7] [INFO] [1786435360.630361070] [rl_hole_search_controller]: HOLDING: dx=-0.0002 m, depth=-0.0001 m, YZ=(-0.4329, 0.5678) m, YZ_ref=(-0.4363, 0.5714) m, center_error_YZ_mm=(1.245, -6.176), vx=0.0074 m/s, Fx=-0.15 N, contact=True
[sac_runtime_controller-7] [INFO] [1786435361.746214386] [rl_hole_search_controller]: HOLDING: dx=-0.0001 m, depth=0.0000 m, YZ=(-0.4345, 0.5711) m, YZ_ref=(-0.4363, 0.5714) m, center_error_YZ_mm=(-0.304, -2.823), vx=0.0013 m/s, Fx=-0.03 N, contact=True
[sac_runtime_controller-7] [INFO] [1786435362.844413584] [rl_hole_search_controller]: HOLDING: dx=-0.0003 m, depth=-0.0002 m, YZ=(-0.4361, 0.5720) m, YZ_ref=(-0.4363, 0.5714) m, center_error_YZ_mm=(-1.972, -1.991), vx=0.0115 m/s, Fx=0.00 N, contact=False
[sac_runtime_controller-7] [INFO] [1786435363.957181337] [rl_hole_search_controller]: APPROACHING: ramping world-X contact force
[sac_runtime_controller-7] [INFO] [1786435363.963853287] [rl_hole_search_controller]: APPROACHING: dx=-0.0006 m, depth=-0.0005 m, YZ=(-0.4394, 0.5743) m, YZ_ref=(-0.4363, 0.5714) m, center_error_YZ_mm=(-5.191, 0.339), vx=0.0032 m/s, Fx=0.00 N, contact=False
[sac_runtime_controller-7] [INFO] [1786435365.147878118] [rl_hole_search_controller]: APPROACHING: dx=0.0006 m, depth=0.0007 m, YZ=(-0.4373, 0.5728) m, YZ_ref=(-0.4363, 0.5714) m, center_error_YZ_mm=(-3.127, -1.103), vx=0.0054 m/s, Fx=0.20 N, contact=True
[sac_runtime_controller-7] [INFO] [1786435365.368343050] [rl_hole_search_controller]: SEARCHING: contact at X=0.3246; YZ spiral started
[sac_runtime_controller-7] [INFO] [1786435366.239508514] [rl_hole_search_controller]: SEARCHING: dx=0.0010 m, depth=0.0011 m, YZ=(-0.4372, 0.5742) m, YZ_ref=(-0.4340, 0.5707) m, center_error_YZ_mm=(-3.002, 0.263), vx=0.0071 m/s, Fx=-0.21 N, contact=True
[sac_runtime_controller-7] [INFO] [1786435366.753789117] [rl_hole_search_controller]: RESETTING episode=57, dataset_index=56, offset_yz_mm=(0.622, -1.854)
[sac_runtime_controller-7] [INFO] [1786435366.758065621] [rl_hole_search_controller]: RESETTING: joint_error=0.0594 rad, joint_velocity=0.0232 rad/s
[sac_runtime_controller-7] [INFO] [1786435367.012569282] [rl_hole_search_controller]: RESETTING: 固定外边界板面及真实深方孔已重建，WORLD_HOLE_XYZ=(0.33220, -0.43576, 0.56907) m, HOLE_YZ_ref=(-0.4358, 0.5691) m
[sac_runtime_controller-7] [INFO] [1786435367.595845022] [rl_hole_search_controller]: RESET complete; starting original HOLDING state
[sac_runtime_controller-7] [INFO] [1786435367.599978229] [rl_hole_search_controller]: HOLDING: center=[ 0.32375539 -0.43635825  0.57140149]
[sac_runtime_controller-7] [INFO] [1786435367.602655068] [rl_hole_search_controller]: HOLDING: dx=0.0000 m, depth=0.0001 m, YZ=(-0.4364, 0.5714) m, YZ_ref=(-0.4364, 0.5714) m, center_error_YZ_mm=(-0.603, 2.328), vx=-0.0000 m/s, Fx=-0.06 N, contact=True
[sac_runtime_controller-7] [INFO] [1786435367.605507404] [rl_hole_search_controller]: HOLDING: reset tool tilt=0.01 deg
[sac_runtime_controller-7] [INFO] [1786435368.670887358] [rl_hole_search_controller]: HOLDING: dx=-0.0006 m, depth=-0.0005 m, YZ=(-0.4395, 0.5740) m, YZ_ref=(-0.4364, 0.5714) m, center_error_YZ_mm=(-3.699, 4.918), vx=0.0014 m/s, Fx=0.00 N, contact=False
[sac_runtime_controller-7] [INFO] [1786435369.746932458] [rl_hole_search_controller]: HOLDING: dx=-0.0002 m, depth=-0.0001 m, YZ=(-0.4376, 0.5724) m, YZ_ref=(-0.4364, 0.5714) m, center_error_YZ_mm=(-1.855, 3.303), vx=0.0052 m/s, Fx=-0.10 N, contact=True
[sac_runtime_controller-7] [INFO] [1786435370.796766034] [rl_hole_search_controller]: HOLDING: dx=-0.0004 m, depth=-0.0004 m, YZ=(-0.4372, 0.5700) m, YZ_ref=(-0.4364, 0.5714) m, center_error_YZ_mm=(-1.451, 0.965), vx=-0.0112 m/s, Fx=0.00 N, contact=False
[sac_runtime_controller-7] [INFO] [1786435371.867847216] [rl_hole_search_controller]: HOLDING: dx=-0.0005 m, depth=-0.0004 m, YZ=(-0.4376, 0.5716) m, YZ_ref=(-0.4364, 0.5714) m, center_error_YZ_mm=(-1.868, 2.525), vx=-0.0012 m/s, Fx=0.00 N, contact=False
[sac_runtime_controller-7] [INFO] [1786435372.943957870] [rl_hole_search_controller]: APPROACHING: ramping world-X contact force
[sac_runtime_controller-7] [INFO] [1786435372.946554411] [rl_hole_search_controller]: APPROACHING: dx=0.0000 m, depth=0.0001 m, YZ=(-0.4340, 0.5700) m, YZ_ref=(-0.4364, 0.5714) m, center_error_YZ_mm=(1.786, 0.942), vx=-0.0013 m/s, Fx=-0.10 N, contact=True
[sac_runtime_controller-7] [INFO] [1786435374.016397691] [rl_hole_search_controller]: APPROACHING: dx=0.0008 m, depth=0.0008 m, YZ=(-0.4320, 0.5698) m, YZ_ref=(-0.4364, 0.5714) m, center_error_YZ_mm=(3.728, 0.699), vx=-0.0049 m/s, Fx=0.18 N, contact=True
[sac_runtime_controller-7] [INFO] [1786435374.247134065] [rl_hole_search_controller]: SEARCHING: contact at X=0.3246; YZ spiral started
[sac_runtime_controller-7] [INFO] [1786435375.106169004] [rl_hole_search_controller]: SEARCHING: dx=0.0009 m, depth=0.0009 m, YZ=(-0.4333, 0.5723) m, YZ_ref=(-0.4329, 0.5736) m, center_error_YZ_mm=(2.468, 3.197), vx=-0.0050 m/s, Fx=0.07 N, contact=True
[sac_runtime_controller-7] [INFO] [1786435376.203200137] [rl_hole_search_controller]: SEARCHING: dx=0.0004 m, depth=0.0005 m, YZ=(-0.4374, 0.5744) m, YZ_ref=(-0.4322, 0.5726) m, center_error_YZ_mm=(-1.620, 5.372), vx=0.0044 m/s, Fx=0.42 N, contact=True
[sac_runtime_controller-7] [INFO] [1786435377.307294695] [rl_hole_search_controller]: SEARCHING: dx=0.0008 m, depth=0.0009 m, YZ=(-0.4309, 0.5681) m, YZ_ref=(-0.4313, 0.5701) m, center_error_YZ_mm=(4.826, -0.942), vx=-0.0113 m/s, Fx=0.12 N, contact=True
[sac_runtime_controller-7] [INFO] [1786435378.410696754] [rl_hole_search_controller]: SEARCHING: dx=0.0007 m, depth=0.0007 m, YZ=(-0.4338, 0.5693) m, YZ_ref=(-0.4303, 0.5673) m, center_error_YZ_mm=(1.979, 0.254), vx=0.0017 m/s, Fx=0.26 N, contact=True
[sac_runtime_controller-7] [INFO] [1786435378.749850554] [rl_hole_search_controller]: RESETTING episode=58, dataset_index=57, offset_yz_mm=(0.458, 0.049)
[sac_runtime_controller-7] [INFO] [1786435378.753801865] [rl_hole_search_controller]: RESETTING: waiting for old board deletion
[sac_runtime_controller-7] [INFO] [1786435378.786907013] [rl_hole_search_controller]: RESETTING: 固定外边界板面及真实深方孔已重建，WORLD_HOLE_XYZ=(0.33220, -0.43413, 0.56977) m, HOLE_YZ_ref=(-0.4341, 0.5698) m
[sac_runtime_controller-7] [INFO] [1786435379.583789315] [rl_hole_search_controller]: RESET complete; starting original HOLDING state
[sac_runtime_controller-7] [INFO] [1786435379.588210014] [rl_hole_search_controller]: HOLDING: center=[ 0.32375311 -0.43634416  0.5713833 ]
[sac_runtime_controller-7] [INFO] [1786435379.591705835] [rl_hole_search_controller]: HOLDING: dx=0.0000 m, depth=0.0001 m, YZ=(-0.4363, 0.5714) m, YZ_ref=(-0.4363, 0.5714) m, center_error_YZ_mm=(-2.215, 1.610), vx=0.0000 m/s, Fx=-0.05 N, contact=True
[sac_runtime_controller-7] [INFO] [1786435379.595796941] [rl_hole_search_controller]: HOLDING: reset tool tilt=0.01 deg
[sac_runtime_controller-7] [INFO] [1786435380.744374842] [rl_hole_search_controller]: HOLDING: dx=-0.0002 m, depth=-0.0001 m, YZ=(-0.4356, 0.5717) m, YZ_ref=(-0.4363, 0.5714) m, center_error_YZ_mm=(-1.488, 1.911), vx=-0.0044 m/s, Fx=0.00 N, contact=True
[sac_runtime_controller-7] [INFO] [1786435381.921615474] [rl_hole_search_controller]: HOLDING: dx=-0.0003 m, depth=-0.0003 m, YZ=(-0.4361, 0.5711) m, YZ_ref=(-0.4363, 0.5714) m, center_error_YZ_mm=(-2.019, 1.307), vx=0.0074 m/s, Fx=0.00 N, contact=False
[sac_runtime_controller-7] [INFO] [1786435383.030109353] [rl_hole_search_controller]: HOLDING: dx=-0.0003 m, depth=-0.0003 m, YZ=(-0.4361, 0.5712) m, YZ_ref=(-0.4363, 0.5714) m, center_error_YZ_mm=(-1.993, 1.463), vx=-0.0004 m/s, Fx=0.00 N, contact=False
[sac_runtime_controller-7] [INFO] [1786435384.138218624] [rl_hole_search_controller]: HOLDING: dx=-0.0004 m, depth=-0.0003 m, YZ=(-0.4372, 0.5725) m, YZ_ref=(-0.4363, 0.5714) m, center_error_YZ_mm=(-3.088, 2.770), vx=0.0075 m/s, Fx=0.00 N, contact=False
[sac_runtime_controller-7] [INFO] [1786435385.341485410] [rl_hole_search_controller]: APPROACHING: ramping world-X contact force
[sac_runtime_controller-7] [INFO] [1786435385.346477896] [rl_hole_search_controller]: APPROACHING: dx=-0.0004 m, depth=-0.0003 m, YZ=(-0.4362, 0.5676) m, YZ_ref=(-0.4363, 0.5714) m, center_error_YZ_mm=(-2.111, -2.147), vx=0.0045 m/s, Fx=0.01 N, contact=False
[sac_runtime_controller-7] [INFO] [1786435386.440583655] [rl_hole_search_controller]: APPROACHING: dx=0.0005 m, depth=0.0006 m, YZ=(-0.4350, 0.5711) m, YZ_ref=(-0.4363, 0.5714) m, center_error_YZ_mm=(-0.878, 1.320), vx=0.0012 m/s, Fx=0.38 N, contact=True
[sac_runtime_controller-7] [INFO] [1786435386.764829261] [rl_hole_search_controller]: SEARCHING: contact at X=0.3243; YZ spiral started
[sac_runtime_controller-7] [INFO] [1786435387.002274447] [rl_hole_search_controller]: INSERTING: hole alignment/entry detected at 0.0008 m; centering YZ and inserting to 0.0170 m
[sac_runtime_controller-7] [INFO] [1786435387.005617470] [rl_hole_search_controller]: INSERTING handoff: HOLE_YZ_ref=(-0.4341, 0.5698) m, tool_YZ=(-0.4338, 0.5701) m, center_error_YZ_mm=(0.364, 0.329), tool_tilt=0.47 deg
[sac_runtime_controller-7] [INFO] [1786435387.515337241] [rl_hole_search_controller]: INSERTING: dx=0.0017 m, depth=0.0018 m, YZ=(-0.4335, 0.5693) m, YZ_ref=(-0.4341, 0.5698) m, center_error_YZ_mm=(0.648, -0.431), vx=-0.0126 m/s, Fx=1.19 N, contact=False
[sac_runtime_controller-7] [INFO] [1786435388.613272883] [rl_hole_search_controller]: INSERTING: dx=0.0039 m, depth=0.0039 m, YZ=(-0.4331, 0.5696) m, YZ_ref=(-0.4341, 0.5698) m, center_error_YZ_mm=(1.037, -0.212), vx=-0.0016 m/s, Fx=1.17 N, contact=False
[sac_runtime_controller-7] [INFO] [1786435389.733353305] [rl_hole_search_controller]: INSERTING: dx=0.0055 m, depth=0.0056 m, YZ=(-0.4341, 0.5698) m, YZ_ref=(-0.4341, 0.5698) m, center_error_YZ_mm=(0.051, 0.068), vx=0.0036 m/s, Fx=1.20 N, contact=False
[sac_runtime_controller-7] [INFO] [1786435390.849562801] [rl_hole_search_controller]: INSERTING: dx=0.0077 m, depth=0.0077 m, YZ=(-0.4334, 0.5710) m, YZ_ref=(-0.4341, 0.5698) m, center_error_YZ_mm=(0.705, 1.232), vx=0.0127 m/s, Fx=1.16 N, contact=False
[sac_runtime_controller-7] [INFO] [1786435391.922443872] [rl_hole_search_controller]: INSERTING: dx=0.0098 m, depth=0.0098 m, YZ=(-0.4329, 0.5697) m, YZ_ref=(-0.4341, 0.5698) m, center_error_YZ_mm=(1.219, -0.044), vx=0.0093 m/s, Fx=1.12 N, contact=False
[sac_runtime_controller-7] [INFO] [1786435393.001034103] [rl_hole_search_controller]: INSERTING: dx=0.0115 m, depth=0.0116 m, YZ=(-0.4337, 0.5703) m, YZ_ref=(-0.4341, 0.5698) m, center_error_YZ_mm=(0.393, 0.540), vx=0.0042 m/s, Fx=1.19 N, contact=False
[sac_runtime_controller-7] [INFO] [1786435394.074733626] [rl_hole_search_controller]: INSERTING: dx=0.0135 m, depth=0.0135 m, YZ=(-0.4341, 0.5711) m, YZ_ref=(-0.4341, 0.5698) m, center_error_YZ_mm=(0.006, 1.335), vx=0.0054 m/s, Fx=1.20 N, contact=False
[sac_runtime_controller-7] [INFO] [1786435395.135635929] [rl_hole_search_controller]: INSERTING: dx=0.0161 m, depth=0.0162 m, YZ=(-0.4323, 0.5692) m, YZ_ref=(-0.4341, 0.5698) m, center_error_YZ_mm=(1.792, -0.551), vx=0.0006 m/s, Fx=0.54 N, contact=False
[sac_runtime_controller-7] [INFO] [1786435396.207803959] [rl_hole_search_controller]: INSERTING: dx=0.0161 m, depth=0.0162 m, YZ=(-0.4338, 0.5697) m, YZ_ref=(-0.4341, 0.5698) m, center_error_YZ_mm=(0.340, -0.026), vx=-0.0104 m/s, Fx=0.70 N, contact=False
[sac_runtime_controller-7] [INFO] [1786435397.272919536] [rl_hole_search_controller]: INSERTING: dx=0.0164 m, depth=0.0164 m, YZ=(-0.4344, 0.5699) m, YZ_ref=(-0.4341, 0.5698) m, center_error_YZ_mm=(-0.238, 0.114), vx=-0.0129 m/s, Fx=0.59 N, contact=False
[sac_runtime_controller-7] [INFO] [1786435398.349110745] [rl_hole_search_controller]: INSERTING: dx=0.0172 m, depth=0.0172 m, YZ=(-0.4336, 0.5695) m, YZ_ref=(-0.4341, 0.5698) m, center_error_YZ_mm=(0.568, -0.250), vx=-0.0030 m/s, Fx=0.09 N, contact=False
[sac_runtime_controller-7] [INFO] [1786435399.423235786] [rl_hole_search_controller]: INSERTING: dx=0.0168 m, depth=0.0169 m, YZ=(-0.4337, 0.5703) m, YZ_ref=(-0.4341, 0.5698) m, center_error_YZ_mm=(0.430, 0.567), vx=-0.0157 m/s, Fx=0.26 N, contact=False
[sac_runtime_controller-7] [INFO] [1786435400.479586422] [rl_hole_search_controller]: INSERTING: dx=0.0165 m, depth=0.0166 m, YZ=(-0.4331, 0.5693) m, YZ_ref=(-0.4341, 0.5698) m, center_error_YZ_mm=(1.009, -0.511), vx=-0.0160 m/s, Fx=0.48 N, contact=False
[sac_runtime_controller-7] [INFO] [1786435401.549772327] [rl_hole_search_controller]: INSERTING: dx=0.0169 m, depth=0.0170 m, YZ=(-0.4339, 0.5693) m, YZ_ref=(-0.4341, 0.5698) m, center_error_YZ_mm=(0.276, -0.480), vx=-0.0087 m/s, Fx=0.15 N, contact=False
[sac_runtime_controller-7] [INFO] [1786435402.629224605] [rl_hole_search_controller]: INSERTING: dx=0.0173 m, depth=0.0174 m, YZ=(-0.4333, 0.5695) m, YZ_ref=(-0.4341, 0.5698) m, center_error_YZ_mm=(0.809, -0.227), vx=0.0076 m/s, Fx=-0.11 N, contact=False
[sac_runtime_controller-7] [INFO] [1786435402.952744165] [rl_hole_search_controller]: INSERT_HOLDING: target depth confirmed at 0.0172 m; joint velocity=0.226 rad/s; tool velocity=0.012 m/s; captured current joints and starting MIT-equivalent hold
[sac_runtime_controller-7] [INFO] [1786435403.726007570] [rl_hole_search_controller]: INSERT_HOLDING: MIT joint lock, dx=0.0172 m, depth=0.0173 m, YZ=(-0.4342, 0.5698) m, ramp=1.00, q_error_max=0.0007 rad, dq_max=0.0027 rad/s, tau_max=0.00 Nm, hold_force_max=0.08 N, tip_centered_YZ=True, contact=False
[sac_runtime_controller-7] [INFO] [1786435404.774116843] [rl_hole_search_controller]: INSERT_HOLDING: MIT joint lock, dx=0.0172 m, depth=0.0173 m, YZ=(-0.4342, 0.5698) m, ramp=1.00, q_error_max=0.0006 rad, dq_max=0.0000 rad/s, tau_max=0.00 Nm, hold_force_max=0.08 N, tip_centered_YZ=True, contact=False
[sac_runtime_controller-7] [INFO] [1786435405.088148711] [rl_hole_search_controller]: INSERT_HOLDING complete: physical geometry confirmed; depth=0.0173 m, tip_error_YZ_mm=(-0.092, -0.001), entry_error_YZ_mm=(-0.315, 0.227), tilt=1.06 deg; Episode is an assembly success
[sac_runtime_controller-7] [INFO] [1786435405.127253911] [rl_hole_search_controller]: RESETTING episode=59, dataset_index=58, offset_yz_mm=(-1.182, 0.679)
[sac_runtime_controller-7] [INFO] [1786435405.130124444] [rl_hole_search_controller]: RESETTING: joint_error=0.1694 rad, joint_velocity=0.0004 rad/s
[sac_runtime_controller-7] [INFO] [1786435405.568788539] [rl_hole_search_controller]: RESETTING: 固定外边界板面及真实深方孔已重建，WORLD_HOLE_XYZ=(0.33220, -0.43782, 0.57292) m, HOLE_YZ_ref=(-0.4378, 0.5729) m
[sac_runtime_controller-7] [INFO] [1786435405.968987221] [rl_hole_search_controller]: RESET complete; starting original HOLDING state
[sac_runtime_controller-7] [INFO] [1786435405.971124971] [rl_hole_search_controller]: HOLDING: center=[ 0.32378778 -0.43633568  0.57139369]
[sac_runtime_controller-7] [INFO] [1786435405.972388742] [rl_hole_search_controller]: HOLDING: dx=0.0000 m, depth=0.0001 m, YZ=(-0.4363, 0.5714) m, YZ_ref=(-0.4363, 0.5714) m, center_error_YZ_mm=(1.480, -1.529), vx=-0.0003 m/s, Fx=-0.09 N, contact=True
[sac_runtime_controller-7] [INFO] [1786435405.976270553] [rl_hole_search_controller]: HOLDING: reset tool tilt=0.00 deg
[sac_runtime_controller-7] [INFO] [1786435407.045326213] [rl_hole_search_controller]: HOLDING: dx=-0.0004 m, depth=-0.0003 m, YZ=(-0.4389, 0.5724) m, YZ_ref=(-0.4363, 0.5714) m, center_error_YZ_mm=(-1.057, -0.474), vx=0.0007 m/s, Fx=0.00 N, contact=False
[sac_runtime_controller-7] [INFO] [1786435408.109346674] [rl_hole_search_controller]: HOLDING: dx=0.0001 m, depth=0.0002 m, YZ=(-0.4346, 0.5690) m, YZ_ref=(-0.4363, 0.5714) m, center_error_YZ_mm=(3.167, -3.919), vx=-0.0058 m/s, Fx=-0.21 N, contact=True
[sac_runtime_controller-7] [INFO] [1786435409.178137714] [rl_hole_search_controller]: HOLDING: dx=-0.0003 m, depth=-0.0002 m, YZ=(-0.4371, 0.5713) m, YZ_ref=(-0.4363, 0.5714) m, center_error_YZ_mm=(0.761, -1.577), vx=-0.0027 m/s, Fx=0.00 N, contact=True
[sac_runtime_controller-7] [INFO] [1786435410.233531448] [rl_hole_search_controller]: HOLDING: dx=-0.0005 m, depth=-0.0004 m, YZ=(-0.4383, 0.5724) m, YZ_ref=(-0.4363, 0.5714) m, center_error_YZ_mm=(-0.494, -0.521), vx=0.0026 m/s, Fx=0.00 N, contact=False
[sac_runtime_controller-7] [INFO] [1786435411.295872108] [rl_hole_search_controller]: APPROACHING: ramping world-X contact force
[sac_runtime_controller-7] [INFO] [1786435411.301865070] [rl_hole_search_controller]: APPROACHING: dx=-0.0005 m, depth=-0.0004 m, YZ=(-0.4382, 0.5721) m, YZ_ref=(-0.4363, 0.5714) m, center_error_YZ_mm=(-0.409, -0.843), vx=0.0009 m/s, Fx=0.01 N, contact=False
[sac_runtime_controller-7] [INFO] [1786435412.405880554] [rl_hole_search_controller]: APPROACHING: dx=0.0006 m, depth=0.0007 m, YZ=(-0.4368, 0.5729) m, YZ_ref=(-0.4363, 0.5714) m, center_error_YZ_mm=(1.009, -0.071), vx=0.0095 m/s, Fx=0.14 N, contact=True
[sac_runtime_controller-7] [INFO] [1786435413.323276840] [rl_hole_search_controller]: SEARCHING: contact at X=0.3244; YZ spiral started
[sac_runtime_controller-7] [INFO] [1786435413.496213440] [rl_hole_search_controller]: INSERTING: hole alignment/entry detected at 0.0006 m; centering YZ and inserting to 0.0170 m
[sac_runtime_controller-7] [INFO] [1786435413.498909977] [rl_hole_search_controller]: INSERTING handoff: HOLE_YZ_ref=(-0.4378, 0.5729) m, tool_YZ=(-0.4381, 0.5734) m, center_error_YZ_mm=(-0.308, 0.472), tool_tilt=0.76 deg
[sac_runtime_controller-7] [INFO] [1786435413.618496211] [rl_hole_search_controller]: INSERTING: dx=0.0011 m, depth=0.0011 m, YZ=(-0.4376, 0.5730) m, YZ_ref=(-0.4378, 0.5729) m, center_error_YZ_mm=(0.219, 0.042), vx=0.0023 m/s, Fx=1.16 N, contact=False
[sac_runtime_controller-7] [INFO] [1786435414.751320699] [rl_hole_search_controller]: INSERTING: dx=0.0029 m, depth=0.0030 m, YZ=(-0.4371, 0.5728) m, YZ_ref=(-0.4378, 0.5729) m, center_error_YZ_mm=(0.692, -0.160), vx=-0.0026 m/s, Fx=1.18 N, contact=False
[sac_runtime_controller-7] [INFO] [1786435415.899984705] [rl_hole_search_controller]: INSERTING: dx=0.0050 m, depth=0.0051 m, YZ=(-0.4360, 0.5725) m, YZ_ref=(-0.4378, 0.5729) m, center_error_YZ_mm=(1.807, -0.400), vx=0.0040 m/s, Fx=1.16 N, contact=False
[sac_runtime_controller-7] [INFO] [1786435417.050159260] [rl_hole_search_controller]: INSERTING: dx=0.0065 m, depth=0.0066 m, YZ=(-0.4378, 0.5738) m, YZ_ref=(-0.4378, 0.5729) m, center_error_YZ_mm=(0.024, 0.887), vx=-0.0141 m/s, Fx=1.21 N, contact=False
[sac_runtime_controller-7] [INFO] [1786435418.251335116] [rl_hole_search_controller]: INSERTING: dx=0.0088 m, depth=0.0089 m, YZ=(-0.4377, 0.5742) m, YZ_ref=(-0.4378, 0.5729) m, center_error_YZ_mm=(0.163, 1.312), vx=0.0068 m/s, Fx=1.19 N, contact=False
[sac_runtime_controller-7] [INFO] [1786435419.390169102] [rl_hole_search_controller]: INSERTING: dx=0.0110 m, depth=0.0111 m, YZ=(-0.4366, 0.5730) m, YZ_ref=(-0.4378, 0.5729) m, center_error_YZ_mm=(1.176, 0.101), vx=-0.0004 m/s, Fx=1.15 N, contact=False
[sac_runtime_controller-7] [INFO] [1786435420.695781000] [rl_hole_search_controller]: INSERTING: dx=0.0134 m, depth=0.0135 m, YZ=(-0.4365, 0.5728) m, YZ_ref=(-0.4378, 0.5729) m, center_error_YZ_mm=(1.304, -0.132), vx=-0.0035 m/s, Fx=1.20 N, contact=False
[sac_runtime_controller-7] [INFO] [1786435421.917682125] [rl_hole_search_controller]: INSERTING: dx=0.0145 m, depth=0.0146 m, YZ=(-0.4378, 0.5737) m, YZ_ref=(-0.4378, 0.5729) m, center_error_YZ_mm=(0.065, 0.781), vx=0.0049 m/s, Fx=1.19 N, contact=False
[sac_runtime_controller-7] [INFO] [1786435423.084016024] [rl_hole_search_controller]: INSERTING: dx=0.0162 m, depth=0.0163 m, YZ=(-0.4372, 0.5727) m, YZ_ref=(-0.4378, 0.5729) m, center_error_YZ_mm=(0.663, -0.190), vx=-0.0032 m/s, Fx=0.60 N, contact=False
[sac_runtime_controller-7] [INFO] [1786435424.471054974] [rl_hole_search_controller]: INSERTING: dx=0.0157 m, depth=0.0158 m, YZ=(-0.4358, 0.5721) m, YZ_ref=(-0.4378, 0.5729) m, center_error_YZ_mm=(2.036, -0.855), vx=-0.0511 m/s, Fx=1.04 N, contact=False
[sac_runtime_controller-7] [INFO] [1786435425.834041862] [rl_hole_search_controller]: INSERTING: dx=0.0154 m, depth=0.0155 m, YZ=(-0.4369, 0.5754) m, YZ_ref=(-0.4378, 0.5729) m, center_error_YZ_mm=(0.903, 2.481), vx=-0.0041 m/s, Fx=1.28 N, contact=False
[sac_runtime_controller-7] [INFO] [1786435427.150686909] [rl_hole_search_controller]: INSERTING: dx=0.0151 m, depth=0.0152 m, YZ=(-0.4310, 0.5648) m, YZ_ref=(-0.4378, 0.5729) m, center_error_YZ_mm=(6.820, -8.152), vx=-0.0881 m/s, Fx=1.31 N, contact=False
[sac_runtime_controller-7] [INFO] [1786435428.508213681] [rl_hole_search_controller]: INSERTING: dx=0.0167 m, depth=0.0167 m, YZ=(-0.4373, 0.5731) m, YZ_ref=(-0.4378, 0.5729) m, center_error_YZ_mm=(0.538, 0.192), vx=-0.0096 m/s, Fx=0.28 N, contact=False
[sac_runtime_controller-7] [INFO] [1786435429.871600396] [rl_hole_search_controller]: INSERTING: dx=0.0174 m, depth=0.0175 m, YZ=(-0.4379, 0.5709) m, YZ_ref=(-0.4378, 0.5729) m, center_error_YZ_mm=(-0.055, -2.009), vx=-0.0248 m/s, Fx=-0.41 N, contact=False
[sac_runtime_controller-7] [INFO] [1786435431.165225116] [rl_hole_search_controller]: INSERTING: dx=0.0172 m, depth=0.0173 m, YZ=(-0.4373, 0.5704) m, YZ_ref=(-0.4378, 0.5729) m, center_error_YZ_mm=(0.554, -2.545), vx=-0.0114 m/s, Fx=0.12 N, contact=False
[sac_runtime_controller-7] [INFO] [1786435432.406103248] [rl_hole_search_controller]: INSERTING: dx=0.0180 m, depth=0.0181 m, YZ=(-0.4382, 0.5728) m, YZ_ref=(-0.4378, 0.5729) m, center_error_YZ_mm=(-0.397, -0.084), vx=0.0047 m/s, Fx=-0.80 N, contact=False
[sac_runtime_controller-7] [INFO] [1786435433.870231345] [rl_hole_search_controller]: INSERTING: dx=0.0180 m, depth=0.0181 m, YZ=(-0.4382, 0.5727) m, YZ_ref=(-0.4378, 0.5729) m, center_error_YZ_mm=(-0.348, -0.267), vx=-0.0042 m/s, Fx=-0.50 N, contact=False
[sac_runtime_controller-7] [INFO] [1786435435.203829267] [rl_hole_search_controller]: INSERTING: dx=0.0176 m, depth=0.0177 m, YZ=(-0.4379, 0.5728) m, YZ_ref=(-0.4378, 0.5729) m, center_error_YZ_mm=(-0.082, -0.140), vx=-0.0137 m/s, Fx=-0.20 N, contact=False
[sac_runtime_controller-7] [INFO] [1786435436.490201975] [rl_hole_search_controller]: INSERTING: dx=0.0171 m, depth=0.0172 m, YZ=(-0.4376, 0.5736) m, YZ_ref=(-0.4378, 0.5729) m, center_error_YZ_mm=(0.196, 0.655), vx=0.0071 m/s, Fx=0.12 N, contact=False
[sac_runtime_controller-7] [INFO] [1786435436.739088350] [rl_hole_search_controller]: INSERT_HOLDING: target depth confirmed at 0.0171 m; joint velocity=0.269 rad/s; tool velocity=0.015 m/s; captured current joints and starting MIT-equivalent hold
[sac_runtime_controller-7] [INFO] [1786435437.616356017] [rl_hole_search_controller]: INSERT_HOLDING: MIT joint lock, dx=0.0170 m, depth=0.0170 m, YZ=(-0.4378, 0.5729) m, ramp=1.00, q_error_max=0.0005 rad, dq_max=0.0004 rad/s, tau_max=0.00 Nm, hold_force_max=0.05 N, tip_centered_YZ=True, contact=False
[sac_runtime_controller-7] [INFO] [1786435438.725193452] [rl_hole_search_controller]: INSERT_HOLDING: MIT joint lock, dx=0.0170 m, depth=0.0170 m, YZ=(-0.4378, 0.5729) m, ramp=1.00, q_error_max=0.0005 rad, dq_max=0.0000 rad/s, tau_max=0.00 Nm, hold_force_max=0.05 N, tip_centered_YZ=True, contact=False
[sac_runtime_controller-7] [INFO] [1786435439.044288179] [rl_hole_search_controller]: INSERT_HOLDING complete: physical geometry confirmed; depth=0.0170 m, tip_error_YZ_mm=(0.052, 0.009), entry_error_YZ_mm=(0.051, 0.186), tilt=0.60 deg; Episode is an assembly success
[sac_runtime_controller-7] [INFO] [1786435439.069619586] [rl_hole_search_controller]: RESETTING episode=60, dataset_index=59, offset_yz_mm=(-1.467, 2.959)
[sac_runtime_controller-7] [INFO] [1786435439.073685791] [rl_hole_search_controller]: RESETTING: joint_error=0.1772 rad, joint_velocity=0.0002 rad/s
[sac_runtime_controller-7] [INFO] [1786435439.543772877] [rl_hole_search_controller]: RESETTING: 固定外边界板面及真实深方孔已重建，WORLD_HOLE_XYZ=(0.33220, -0.43805, 0.57492) m, HOLE_YZ_ref=(-0.4381, 0.5749) m
[sac_runtime_controller-7] [INFO] [1786435439.962372169] [rl_hole_search_controller]: RESET complete; starting original HOLDING state
[sac_runtime_controller-7] [INFO] [1786435439.965048107] [rl_hole_search_controller]: HOLDING: center=[ 0.32378959 -0.43634568  0.57141067]
[sac_runtime_controller-7] [INFO] [1786435439.966831065] [rl_hole_search_controller]: HOLDING: dx=0.0000 m, depth=0.0001 m, YZ=(-0.4363, 0.5714) m, YZ_ref=(-0.4363, 0.5714) m, center_error_YZ_mm=(1.709, -3.508), vx=-0.0003 m/s, Fx=-0.09 N, contact=True
[sac_runtime_controller-7] [INFO] [1786435439.968806219] [rl_hole_search_controller]: HOLDING: reset tool tilt=0.00 deg
[sac_runtime_controller-7] [INFO] [1786435441.184966308] [rl_hole_search_controller]: HOLDING: dx=-0.0002 m, depth=-0.0001 m, YZ=(-0.4360, 0.5702) m, YZ_ref=(-0.4363, 0.5714) m, center_error_YZ_mm=(2.085, -4.687), vx=-0.0199 m/s, Fx=0.00 N, contact=True
[sac_runtime_controller-7] [INFO] [1786435442.305408327] [rl_hole_search_controller]: HOLDING: dx=-0.0002 m, depth=-0.0001 m, YZ=(-0.4347, 0.5702) m, YZ_ref=(-0.4363, 0.5714) m, center_error_YZ_mm=(3.316, -4.708), vx=-0.0113 m/s, Fx=0.00 N, contact=True
[sac_runtime_controller-7] [INFO] [1786435443.416430853] [rl_hole_search_controller]: HOLDING: dx=-0.0001 m, depth=0.0000 m, YZ=(-0.4349, 0.5718) m, YZ_ref=(-0.4363, 0.5714) m, center_error_YZ_mm=(3.126, -3.166), vx=-0.0003 m/s, Fx=-0.03 N, contact=True
[sac_runtime_controller-7] [INFO] [1786435444.489986545] [rl_hole_search_controller]: HOLDING: dx=-0.0003 m, depth=-0.0002 m, YZ=(-0.4347, 0.5691) m, YZ_ref=(-0.4363, 0.5714) m, center_error_YZ_mm=(3.393, -5.854), vx=-0.0013 m/s, Fx=0.00 N, contact=False
[sac_runtime_controller-7] [INFO] [1786435445.595593870] [rl_hole_search_controller]: APPROACHING: ramping world-X contact force
[sac_runtime_controller-7] [INFO] [1786435445.596961838] [rl_hole_search_controller]: APPROACHING: dx=-0.0005 m, depth=-0.0004 m, YZ=(-0.4372, 0.5711) m, YZ_ref=(-0.4363, 0.5714) m, center_error_YZ_mm=(0.869, -3.837), vx=-0.0013 m/s, Fx=0.00 N, contact=False
[sac_runtime_controller-7] [INFO] [1786435446.727629861] [rl_hole_search_controller]: APPROACHING: dx=0.0003 m, depth=0.0004 m, YZ=(-0.4388, 0.5748) m, YZ_ref=(-0.4363, 0.5714) m, center_error_YZ_mm=(-0.758, -0.108), vx=-0.0003 m/s, Fx=0.59 N, contact=True
[sac_runtime_controller-7] [INFO] [1786435447.665000617] [rl_hole_search_controller]: SEARCHING: contact at X=0.3247; YZ spiral started
[sac_runtime_controller-7] [INFO] [1786435447.802252189] [rl_hole_search_controller]: SEARCHING: dx=0.0005 m, depth=0.0006 m, YZ=(-0.4380, 0.5729) m, YZ_ref=(-0.4371, 0.5733) m, center_error_YZ_mm=(0.096, -2.038), vx=0.0009 m/s, Fx=0.34 N, contact=True
[sac_runtime_controller-7] [INFO] [1786435448.502740507] [rl_hole_search_controller]: INSERTING: hole alignment/entry detected at 0.0009 m; centering YZ and inserting to 0.0170 m
[sac_runtime_controller-7] [INFO] [1786435448.505752736] [rl_hole_search_controller]: INSERTING handoff: HOLE_YZ_ref=(-0.4381, 0.5749) m, tool_YZ=(-0.4385, 0.5749) m, center_error_YZ_mm=(-0.423, 0.003), tool_tilt=1.14 deg
[sac_runtime_controller-7] [INFO] [1786435448.908239065] [rl_hole_search_controller]: INSERTING: dx=0.0018 m, depth=0.0019 m, YZ=(-0.4370, 0.5744) m, YZ_ref=(-0.4381, 0.5749) m, center_error_YZ_mm=(1.082, -0.481), vx=0.0095 m/s, Fx=1.15 N, contact=False
[sac_runtime_controller-7] [INFO] [1786435450.014974910] [rl_hole_search_controller]: INSERTING: dx=0.0041 m, depth=0.0042 m, YZ=(-0.4375, 0.5750) m, YZ_ref=(-0.4381, 0.5749) m, center_error_YZ_mm=(0.539, 0.083), vx=-0.0055 m/s, Fx=1.20 N, contact=False
[sac_runtime_controller-7] [INFO] [1786435451.118742211] [rl_hole_search_controller]: INSERTING: dx=0.0063 m, depth=0.0064 m, YZ=(-0.4381, 0.5759) m, YZ_ref=(-0.4381, 0.5749) m, center_error_YZ_mm=(-0.060, 0.999), vx=-0.0080 m/s, Fx=1.19 N, contact=False
[sac_runtime_controller-7] [INFO] [1786435452.178303842] [rl_hole_search_controller]: INSERTING: dx=0.0082 m, depth=0.0083 m, YZ=(-0.4374, 0.5755) m, YZ_ref=(-0.4381, 0.5749) m, center_error_YZ_mm=(0.644, 0.612), vx=0.0067 m/s, Fx=1.17 N, contact=False
[sac_runtime_controller-7] [INFO] [1786435453.242758044] [rl_hole_search_controller]: INSERTING: dx=0.0098 m, depth=0.0099 m, YZ=(-0.4379, 0.5756) m, YZ_ref=(-0.4381, 0.5749) m, center_error_YZ_mm=(0.146, 0.643), vx=0.0019 m/s, Fx=1.18 N, contact=False
[sac_runtime_controller-7] [INFO] [1786435454.318879058] [rl_hole_search_controller]: INSERTING: dx=0.0118 m, depth=0.0119 m, YZ=(-0.4367, 0.5745) m, YZ_ref=(-0.4381, 0.5749) m, center_error_YZ_mm=(1.366, -0.371), vx=0.0135 m/s, Fx=1.14 N, contact=False
[sac_runtime_controller-7] [INFO] [1786435455.395894140] [rl_hole_search_controller]: INSERTING: dx=0.0134 m, depth=0.0135 m, YZ=(-0.4375, 0.5753) m, YZ_ref=(-0.4381, 0.5749) m, center_error_YZ_mm=(0.583, 0.347), vx=0.0068 m/s, Fx=1.20 N, contact=False
[sac_runtime_controller-7] [INFO] [1786435456.498157711] [rl_hole_search_controller]: INSERTING: dx=0.0151 m, depth=0.0152 m, YZ=(-0.4366, 0.5744) m, YZ_ref=(-0.4381, 0.5749) m, center_error_YZ_mm=(1.429, -0.515), vx=-0.0040 m/s, Fx=1.15 N, contact=False
[sac_runtime_controller-7] [INFO] [1786435457.570838669] [rl_hole_search_controller]: INSERTING: dx=0.0166 m, depth=0.0167 m, YZ=(-0.4371, 0.5747) m, YZ_ref=(-0.4381, 0.5749) m, center_error_YZ_mm=(0.936, -0.264), vx=0.0008 m/s, Fx=0.33 N, contact=False
[sac_runtime_controller-7] [INFO] [1786435458.648255102] [rl_hole_search_controller]: INSERTING: dx=0.0170 m, depth=0.0171 m, YZ=(-0.4370, 0.5748) m, YZ_ref=(-0.4381, 0.5749) m, center_error_YZ_mm=(1.026, -0.153), vx=0.0085 m/s, Fx=0.04 N, contact=False
[sac_runtime_controller-7] [INFO] [1786435459.735580889] [rl_hole_search_controller]: INSERTING: dx=0.0169 m, depth=0.0170 m, YZ=(-0.4380, 0.5749) m, YZ_ref=(-0.4381, 0.5749) m, center_error_YZ_mm=(0.015, 0.028), vx=-0.0015 m/s, Fx=0.14 N, contact=False
[sac_runtime_controller-7] [INFO] [1786435460.815004049] [rl_hole_search_controller]: INSERTING: dx=0.0169 m, depth=0.0170 m, YZ=(-0.4382, 0.5755) m, YZ_ref=(-0.4381, 0.5749) m, center_error_YZ_mm=(-0.167, 0.629), vx=0.0064 m/s, Fx=0.25 N, contact=False
[sac_runtime_controller-7] [INFO] [1786435461.891721261] [rl_hole_search_controller]: INSERTING: dx=0.0169 m, depth=0.0170 m, YZ=(-0.4387, 0.5755) m, YZ_ref=(-0.4381, 0.5749) m, center_error_YZ_mm=(-0.643, 0.590), vx=-0.0081 m/s, Fx=0.34 N, contact=False
[sac_runtime_controller-7] [INFO] [1786435462.146105638] [rl_hole_search_controller]: INSERT_HOLDING: target depth confirmed at 0.0171 m; joint velocity=0.306 rad/s; tool velocity=0.014 m/s; captured current joints and starting MIT-equivalent hold
[sac_runtime_controller-7] [INFO] [1786435462.949336313] [rl_hole_search_controller]: INSERT_HOLDING: MIT joint lock, dx=0.0170 m, depth=0.0171 m, YZ=(-0.4380, 0.5749) m, ramp=1.00, q_error_max=0.0003 rad, dq_max=0.0005 rad/s, tau_max=0.00 Nm, hold_force_max=0.03 N, tip_centered_YZ=True, contact=False
[sac_runtime_controller-7] [INFO] [1786435464.020969921] [rl_hole_search_controller]: INSERT_HOLDING: MIT joint lock, dx=0.0170 m, depth=0.0171 m, YZ=(-0.4380, 0.5749) m, ramp=1.00, q_error_max=0.0003 rad, dq_max=0.0000 rad/s, tau_max=0.00 Nm, hold_force_max=0.03 N, tip_centered_YZ=True, contact=False
[sac_runtime_controller-7] [INFO] [1786435464.285880842] [rl_hole_search_controller]: INSERT_HOLDING complete: physical geometry confirmed; depth=0.0171 m, tip_error_YZ_mm=(0.033, -0.009), entry_error_YZ_mm=(0.339, -0.052), tilt=1.04 deg; Episode is an assembly success
[sac_runtime_controller-7] [INFO] [1786435464.290082142] [rl_hole_search_controller]: RESETTING episode=61, dataset_index=60, offset_yz_mm=(2.909, 1.577)
[sac_runtime_controller-7] [INFO] [1786435464.292597082] [rl_hole_search_controller]: RESETTING: joint_error=0.1681 rad, joint_velocity=0.0000 rad/s
[sac_runtime_controller-7] [INFO] [1786435464.701655085] [rl_hole_search_controller]: RESETTING: 固定外边界板面及真实深方孔已重建，WORLD_HOLE_XYZ=(0.33220, -0.43387, 0.57346) m, HOLE_YZ_ref=(-0.4339, 0.5735) m
[sac_runtime_controller-7] [INFO] [1786435465.113446722] [rl_hole_search_controller]: RESET complete; starting original HOLDING state
[sac_runtime_controller-7] [INFO] [1786435465.117809819] [rl_hole_search_controller]: HOLDING: center=[ 0.32378818 -0.43636482  0.57141099]
[sac_runtime_controller-7] [INFO] [1786435465.119043990] [rl_hole_search_controller]: HOLDING: dx=0.0000 m, depth=0.0001 m, YZ=(-0.4364, 0.5714) m, YZ_ref=(-0.4364, 0.5714) m, center_error_YZ_mm=(-2.496, -2.049), vx=-0.0003 m/s, Fx=-0.09 N, contact=True
[sac_runtime_controller-7] [INFO] [1786435465.121189838] [rl_hole_search_controller]: HOLDING: reset tool tilt=0.01 deg
[sac_runtime_controller-7] [INFO] [1786435466.179842329] [rl_hole_search_controller]: HOLDING: dx=-0.0001 m, depth=-0.0000 m, YZ=(-0.4374, 0.5723) m, YZ_ref=(-0.4364, 0.5714) m, center_error_YZ_mm=(-3.484, -1.130), vx=-0.0023 m/s, Fx=0.00 N, contact=True
[sac_runtime_controller-7] [INFO] [1786435467.273568975] [rl_hole_search_controller]: HOLDING: dx=-0.0001 m, depth=-0.0000 m, YZ=(-0.4357, 0.5699) m, YZ_ref=(-0.4364, 0.5714) m, center_error_YZ_mm=(-1.859, -3.609), vx=-0.0053 m/s, Fx=0.00 N, contact=True
[sac_runtime_controller-7] [INFO] [1786435468.355418591] [rl_hole_search_controller]: HOLDING: dx=0.0002 m, depth=0.0003 m, YZ=(-0.4343, 0.5696) m, YZ_ref=(-0.4364, 0.5714) m, center_error_YZ_mm=(-0.424, -3.857), vx=-0.0029 m/s, Fx=-0.28 N, contact=True
[sac_runtime_controller-7] [INFO] [1786435469.412805874] [rl_hole_search_controller]: HOLDING: dx=-0.0001 m, depth=-0.0000 m, YZ=(-0.4352, 0.5708) m, YZ_ref=(-0.4364, 0.5714) m, center_error_YZ_mm=(-1.356, -2.699), vx=-0.0029 m/s, Fx=0.00 N, contact=True
[sac_runtime_controller-7] [INFO] [1786435470.488410114] [rl_hole_search_controller]: APPROACHING: ramping world-X contact force
[sac_runtime_controller-7] [INFO] [1786435470.493064303] [rl_hole_search_controller]: APPROACHING: dx=-0.0004 m, depth=-0.0003 m, YZ=(-0.4376, 0.5725) m, YZ_ref=(-0.4364, 0.5714) m, center_error_YZ_mm=(-3.699, -0.920), vx=-0.0023 m/s, Fx=0.00 N, contact=False
[sac_runtime_controller-7] [INFO] [1786435471.547773428] [rl_hole_search_controller]: APPROACHING: dx=0.0002 m, depth=0.0003 m, YZ=(-0.4380, 0.5729) m, YZ_ref=(-0.4364, 0.5714) m, center_error_YZ_mm=(-4.154, -0.588), vx=-0.0073 m/s, Fx=0.67 N, contact=True
[sac_runtime_controller-7] [INFO] [1786435471.762784914] [rl_hole_search_controller]: SEARCHING: contact at X=0.3244; YZ spiral started
[sac_runtime_controller-7] [INFO] [1786435472.624099425] [rl_hole_search_controller]: SEARCHING: dx=0.0007 m, depth=0.0008 m, YZ=(-0.4388, 0.5755) m, YZ_ref=(-0.4395, 0.5760) m, center_error_YZ_mm=(-4.980, 2.015), vx=-0.0079 m/s, Fx=0.19 N, contact=True
[sac_runtime_controller-7] [INFO] [1786435472.912752058] [rl_hole_search_controller]: RESETTING episode=62, dataset_index=61, offset_yz_mm=(-0.611, 1.651)
[sac_runtime_controller-7] [INFO] [1786435472.915344396] [rl_hole_search_controller]: RESETTING: joint_error=0.0802 rad, joint_velocity=0.0345 rad/s
[sac_runtime_controller-7] [INFO] [1786435473.203082949] [rl_hole_search_controller]: RESETTING: 固定外边界板面及真实深方孔已重建，WORLD_HOLE_XYZ=(0.33220, -0.43744, 0.57317) m, HOLE_YZ_ref=(-0.4374, 0.5732) m
[sac_runtime_controller-7] [INFO] [1786435473.731215379] [rl_hole_search_controller]: RESET complete; starting original HOLDING state
[sac_runtime_controller-7] [INFO] [1786435473.734094610] [rl_hole_search_controller]: HOLDING: center=[ 0.32376013 -0.43637682  0.57145855]
[sac_runtime_controller-7] [INFO] [1786435473.735364480] [rl_hole_search_controller]: HOLDING: dx=0.0000 m, depth=0.0001 m, YZ=(-0.4364, 0.5715) m, YZ_ref=(-0.4364, 0.5715) m, center_error_YZ_mm=(1.062, -1.708), vx=0.0000 m/s, Fx=-0.06 N, contact=True
[sac_runtime_controller-7] [INFO] [1786435473.737774623] [rl_hole_search_controller]: HOLDING: reset tool tilt=0.01 deg
[sac_runtime_controller-7] [INFO] [1786435474.889021412] [rl_hole_search_controller]: HOLDING: dx=-0.0003 m, depth=-0.0002 m, YZ=(-0.4386, 0.5735) m, YZ_ref=(-0.4364, 0.5715) m, center_error_YZ_mm=(-1.171, 0.303), vx=0.0068 m/s, Fx=0.00 N, contact=False
[sac_runtime_controller-7] [INFO] [1786435475.949881041] [rl_hole_search_controller]: HOLDING: dx=0.0006 m, depth=0.0007 m, YZ=(-0.4326, 0.5683) m, YZ_ref=(-0.4364, 0.5715) m, center_error_YZ_mm=(4.867, -4.827), vx=-0.0058 m/s, Fx=-0.66 N, contact=True
[sac_runtime_controller-7] [INFO] [1786435477.028382239] [rl_hole_search_controller]: HOLDING: dx=-0.0003 m, depth=-0.0003 m, YZ=(-0.4371, 0.5716) m, YZ_ref=(-0.4364, 0.5715) m, center_error_YZ_mm=(0.305, -1.572), vx=-0.0024 m/s, Fx=0.00 N, contact=False
[sac_runtime_controller-7] [INFO] [1786435478.107812502] [rl_hole_search_controller]: HOLDING: dx=-0.0003 m, depth=-0.0003 m, YZ=(-0.4361, 0.5699) m, YZ_ref=(-0.4364, 0.5715) m, center_error_YZ_mm=(1.296, -3.313), vx=-0.0015 m/s, Fx=0.00 N, contact=False
[sac_runtime_controller-7] [INFO] [1786435479.180407017] [rl_hole_search_controller]: APPROACHING: ramping world-X contact force
[sac_runtime_controller-7] [INFO] [1786435479.184063930] [rl_hole_search_controller]: APPROACHING: dx=-0.0003 m, depth=-0.0002 m, YZ=(-0.4365, 0.5728) m, YZ_ref=(-0.4364, 0.5715) m, center_error_YZ_mm=(0.907, -0.371), vx=0.0033 m/s, Fx=0.00 N, contact=False
[sac_runtime_controller-7] [INFO] [1786435480.247186758] [rl_hole_search_controller]: APPROACHING: dx=0.0004 m, depth=0.0005 m, YZ=(-0.4376, 0.5736) m, YZ_ref=(-0.4364, 0.5715) m, center_error_YZ_mm=(-0.171, 0.430), vx=-0.0013 m/s, Fx=1.00 N, contact=False
[sac_runtime_controller-7] [INFO] [1786435480.819370798] [rl_hole_search_controller]: SEARCHING: contact at X=0.3249; YZ spiral started
[sac_runtime_controller-7] [INFO] [1786435481.290334152] [rl_hole_search_controller]: SEARCHING: dx=0.0009 m, depth=0.0009 m, YZ=(-0.4330, 0.5683) m, YZ_ref=(-0.4344, 0.5720) m, center_error_YZ_mm=(4.476, -4.900), vx=0.0016 m/s, Fx=0.03 N, contact=True
[sac_runtime_controller-7] [INFO] [1786435482.195319135] [rl_hole_search_controller]: INSERTING: hole alignment/entry detected at 0.0021 m; centering YZ and inserting to 0.0170 m
[sac_runtime_controller-7] [INFO] [1786435482.199697731] [rl_hole_search_controller]: INSERTING handoff: HOLE_YZ_ref=(-0.4374, 0.5732) m, tool_YZ=(-0.4377, 0.5730) m, center_error_YZ_mm=(-0.212, -0.173), tool_tilt=0.44 deg
[sac_runtime_controller-7] [INFO] [1786435482.584090645] [rl_hole_search_controller]: INSERTING: dx=-0.0010 m, depth=-0.0009 m, YZ=(-0.4345, 0.5717) m, YZ_ref=(-0.4374, 0.5732) m, center_error_YZ_mm=(2.902, -1.474), vx=-0.0048 m/s, Fx=1.30 N, contact=False
[sac_runtime_controller-7] [INFO] [1786435483.740974694] [rl_hole_search_controller]: INSERTING: dx=0.0027 m, depth=0.0027 m, YZ=(-0.4361, 0.5726) m, YZ_ref=(-0.4374, 0.5732) m, center_error_YZ_mm=(1.384, -0.547), vx=0.0054 m/s, Fx=1.17 N, contact=False
[sac_runtime_controller-7] [INFO] [1786435484.851691033] [rl_hole_search_controller]: INSERTING: dx=0.0042 m, depth=0.0042 m, YZ=(-0.4365, 0.5733) m, YZ_ref=(-0.4374, 0.5732) m, center_error_YZ_mm=(0.923, 0.093), vx=-0.0066 m/s, Fx=1.18 N, contact=False
[sac_runtime_controller-7] [INFO] [1786435485.939270213] [rl_hole_search_controller]: INSERTING: dx=0.0059 m, depth=0.0059 m, YZ=(-0.4364, 0.5732) m, YZ_ref=(-0.4374, 0.5732) m, center_error_YZ_mm=(1.032, 0.034), vx=-0.0023 m/s, Fx=1.18 N, contact=False
[sac_runtime_controller-7] [INFO] [1786435487.015526352] [rl_hole_search_controller]: INSERTING: dx=0.0071 m, depth=0.0071 m, YZ=(-0.4365, 0.5734) m, YZ_ref=(-0.4374, 0.5732) m, center_error_YZ_mm=(0.904, 0.228), vx=-0.0066 m/s, Fx=1.17 N, contact=False
[sac_runtime_controller-7] [INFO] [1786435488.098608914] [rl_hole_search_controller]: INSERTING: dx=0.0092 m, depth=0.0092 m, YZ=(-0.4365, 0.5732) m, YZ_ref=(-0.4374, 0.5732) m, center_error_YZ_mm=(0.935, -0.006), vx=-0.0040 m/s, Fx=1.19 N, contact=False
[sac_runtime_controller-7] [INFO] [1786435489.217620005] [rl_hole_search_controller]: INSERTING: dx=0.0127 m, depth=0.0127 m, YZ=(-0.4414, 0.5768) m, YZ_ref=(-0.4374, 0.5732) m, center_error_YZ_mm=(-3.919, 3.656), vx=0.0364 m/s, Fx=0.87 N, contact=False
[sac_runtime_controller-7] [INFO] [1786435490.302080910] [rl_hole_search_controller]: INSERTING: dx=0.0135 m, depth=0.0135 m, YZ=(-0.4361, 0.5731) m, YZ_ref=(-0.4374, 0.5732) m, center_error_YZ_mm=(1.316, -0.028), vx=0.0014 m/s, Fx=1.20 N, contact=False
[sac_runtime_controller-7] [INFO] [1786435491.381389727] [rl_hole_search_controller]: INSERTING: dx=0.0151 m, depth=0.0151 m, YZ=(-0.4364, 0.5740) m, YZ_ref=(-0.4374, 0.5732) m, center_error_YZ_mm=(1.024, 0.822), vx=0.0164 m/s, Fx=1.16 N, contact=False
[sac_runtime_controller-7] [INFO] [1786435492.430788750] [rl_hole_search_controller]: INSERTING: dx=0.0160 m, depth=0.0160 m, YZ=(-0.4355, 0.5738) m, YZ_ref=(-0.4374, 0.5732) m, center_error_YZ_mm=(1.905, 0.649), vx=0.0129 m/s, Fx=0.72 N, contact=False
[sac_runtime_controller-7] [INFO] [1786435493.484796652] [rl_hole_search_controller]: INSERTING: dx=0.0159 m, depth=0.0160 m, YZ=(-0.4361, 0.5715) m, YZ_ref=(-0.4374, 0.5732) m, center_error_YZ_mm=(1.314, -1.638), vx=-0.0261 m/s, Fx=0.76 N, contact=False
[sac_runtime_controller-7] [INFO] [1786435494.585326127] [rl_hole_search_controller]: INSERTING: dx=0.0164 m, depth=0.0164 m, YZ=(-0.4375, 0.5743) m, YZ_ref=(-0.4374, 0.5732) m, center_error_YZ_mm=(-0.054, 1.176), vx=-0.0028 m/s, Fx=0.54 N, contact=False
[sac_runtime_controller-7] [INFO] [1786435495.698915274] [rl_hole_search_controller]: INSERTING: dx=0.0169 m, depth=0.0169 m, YZ=(-0.4383, 0.5730) m, YZ_ref=(-0.4374, 0.5732) m, center_error_YZ_mm=(-0.893, -0.118), vx=-0.0107 m/s, Fx=0.19 N, contact=False
[sac_runtime_controller-7] [INFO] [1786435496.753145336] [rl_hole_search_controller]: INSERTING: dx=0.0169 m, depth=0.0170 m, YZ=(-0.4370, 0.5731) m, YZ_ref=(-0.4374, 0.5732) m, center_error_YZ_mm=(0.390, -0.114), vx=0.0083 m/s, Fx=0.29 N, contact=False
[sac_runtime_controller-7] [INFO] [1786435497.849167183] [rl_hole_search_controller]: INSERTING: dx=0.0167 m, depth=0.0168 m, YZ=(-0.4378, 0.5739) m, YZ_ref=(-0.4374, 0.5732) m, center_error_YZ_mm=(-0.339, 0.719), vx=-0.0058 m/s, Fx=0.46 N, contact=False
[sac_runtime_controller-7] [INFO] [1786435498.976435465] [rl_hole_search_controller]: INSERTING: dx=0.0168 m, depth=0.0169 m, YZ=(-0.4378, 0.5737) m, YZ_ref=(-0.4374, 0.5732) m, center_error_YZ_mm=(-0.389, 0.537), vx=0.0096 m/s, Fx=0.23 N, contact=False
[sac_runtime_controller-7] [INFO] [1786435500.039966168] [rl_hole_search_controller]: INSERTING: dx=0.0173 m, depth=0.0174 m, YZ=(-0.4374, 0.5726) m, YZ_ref=(-0.4374, 0.5732) m, center_error_YZ_mm=(0.004, -0.564), vx=0.0112 m/s, Fx=-0.14 N, contact=False
[sac_runtime_controller-7] [INFO] [1786435500.556067941] [rl_hole_search_controller]: INSERT_HOLDING: target depth confirmed at 0.0172 m; joint velocity=0.065 rad/s; tool velocity=0.009 m/s; captured current joints and starting MIT-equivalent hold
[sac_runtime_controller-7] [INFO] [1786435501.110616587] [rl_hole_search_controller]: INSERT_HOLDING: MIT joint lock, dx=0.0171 m, depth=0.0171 m, YZ=(-0.4374, 0.5732) m, ramp=1.00, q_error_max=0.0006 rad, dq_max=0.0054 rad/s, tau_max=0.01 Nm, hold_force_max=0.03 N, tip_centered_YZ=True, contact=False
[sac_runtime_controller-7] [INFO] [1786435502.160805988] [rl_hole_search_controller]: INSERT_HOLDING: MIT joint lock, dx=0.0171 m, depth=0.0171 m, YZ=(-0.4374, 0.5732) m, ramp=1.00, q_error_max=0.0004 rad, dq_max=0.0000 rad/s, tau_max=0.00 Nm, hold_force_max=0.03 N, tip_centered_YZ=True, contact=False
[sac_runtime_controller-7] [INFO] [1786435502.685739738] [rl_hole_search_controller]: INSERT_HOLDING complete: physical geometry confirmed; depth=0.0171 m, tip_error_YZ_mm=(0.036, 0.011), entry_error_YZ_mm=(-0.395, 0.137), tilt=1.50 deg; Episode is an assembly success
[sac_runtime_controller-7] [INFO] [1786435502.758155793] [rl_hole_search_controller]: RESETTING episode=63, dataset_index=62, offset_yz_mm=(-0.011, -0.338)
[sac_runtime_controller-7] [INFO] [1786435502.762254194] [rl_hole_search_controller]: RESETTING: joint_error=0.1869 rad, joint_velocity=0.0003 rad/s
[sac_runtime_controller-7] [INFO] [1786435503.217472123] [rl_hole_search_controller]: RESETTING: 固定外边界板面及真实深方孔已重建，WORLD_HOLE_XYZ=(0.33220, -0.43635, 0.57167) m, HOLE_YZ_ref=(-0.4364, 0.5717) m
[sac_runtime_controller-7] [INFO] [1786435503.656309243] [rl_hole_search_controller]: RESET complete; starting original HOLDING state
[sac_runtime_controller-7] [INFO] [1786435503.660192250] [rl_hole_search_controller]: HOLDING: center=[ 0.3237912  -0.43632246  0.57142472]
[sac_runtime_controller-7] [INFO] [1786435503.661630315] [rl_hole_search_controller]: HOLDING: dx=0.0000 m, depth=0.0001 m, YZ=(-0.4363, 0.5714) m, YZ_ref=(-0.4363, 0.5714) m, center_error_YZ_mm=(0.032, -0.245), vx=-0.0003 m/s, Fx=0.00 N, contact=False
[sac_runtime_controller-7] [INFO] [1786435503.664432147] [rl_hole_search_controller]: HOLDING: reset tool tilt=0.01 deg
[sac_runtime_controller-7] [INFO] [1786435504.711943687] [rl_hole_search_controller]: HOLDING: dx=-0.0004 m, depth=-0.0003 m, YZ=(-0.4360, 0.5711) m, YZ_ref=(-0.4363, 0.5714) m, center_error_YZ_mm=(0.324, -0.611), vx=-0.0016 m/s, Fx=0.00 N, contact=False
[sac_runtime_controller-7] [INFO] [1786435505.773449978] [rl_hole_search_controller]: HOLDING: dx=-0.0002 m, depth=-0.0001 m, YZ=(-0.4332, 0.5688) m, YZ_ref=(-0.4363, 0.5714) m, center_error_YZ_mm=(3.139, -2.913), vx=0.0130 m/s, Fx=-0.26 N, contact=True
[sac_runtime_controller-7] [INFO] [1786435506.879334686] [rl_hole_search_controller]: HOLDING: dx=-0.0005 m, depth=-0.0004 m, YZ=(-0.4361, 0.5703) m, YZ_ref=(-0.4363, 0.5714) m, center_error_YZ_mm=(0.219, -1.369), vx=-0.0046 m/s, Fx=0.00 N, contact=False
[sac_runtime_controller-7] [INFO] [1786435507.967209717] [rl_hole_search_controller]: HOLDING: dx=-0.0000 m, depth=0.0001 m, YZ=(-0.4349, 0.5706) m, YZ_ref=(-0.4363, 0.5714) m, center_error_YZ_mm=(1.483, -1.078), vx=0.0043 m/s, Fx=-0.16 N, contact=True
[sac_runtime_controller-7] [INFO] [1786435509.066964450] [rl_hole_search_controller]: APPROACHING: ramping world-X contact force
[sac_runtime_controller-7] [INFO] [1786435509.072729510] [rl_hole_search_controller]: APPROACHING: dx=-0.0003 m, depth=-0.0003 m, YZ=(-0.4349, 0.5713) m, YZ_ref=(-0.4363, 0.5714) m, center_error_YZ_mm=(1.407, -0.323), vx=0.0203 m/s, Fx=0.01 N, contact=False
[sac_runtime_controller-7] [INFO] [1786435510.169101013] [rl_hole_search_controller]: APPROACHING: dx=0.0008 m, depth=0.0009 m, YZ=(-0.4334, 0.5705) m, YZ_ref=(-0.4363, 0.5714) m, center_error_YZ_mm=(2.908, -1.133), vx=-0.0066 m/s, Fx=0.11 N, contact=True
[sac_runtime_controller-7] [INFO] [1786435510.397238897] [rl_hole_search_controller]: SEARCHING: contact at X=0.3245; YZ spiral started
[sac_runtime_controller-7] [INFO] [1786435510.581332246] [rl_hole_search_controller]: INSERTING: hole alignment/entry detected at 0.0003 m; centering YZ and inserting to 0.0170 m
[sac_runtime_controller-7] [INFO] [1786435510.583980982] [rl_hole_search_controller]: INSERTING handoff: HOLE_YZ_ref=(-0.4364, 0.5717) m, tool_YZ=(-0.4360, 0.5715) m, center_error_YZ_mm=(0.343, -0.150), tool_tilt=0.34 deg
[sac_runtime_controller-7] [INFO] [1786435511.235889919] [rl_hole_search_controller]: INSERTING: dx=0.0019 m, depth=0.0020 m, YZ=(-0.4359, 0.5719) m, YZ_ref=(-0.4364, 0.5717) m, center_error_YZ_mm=(0.452, 0.240), vx=-0.0009 m/s, Fx=1.19 N, contact=False
[sac_runtime_controller-7] [INFO] [1786435512.329602963] [rl_hole_search_controller]: INSERTING: dx=0.0041 m, depth=0.0042 m, YZ=(-0.4353, 0.5713) m, YZ_ref=(-0.4364, 0.5717) m, center_error_YZ_mm=(1.044, -0.366), vx=-0.0046 m/s, Fx=1.16 N, contact=False
[sac_runtime_controller-7] [INFO] [1786435513.436976763] [rl_hole_search_controller]: INSERTING: dx=0.0063 m, depth=0.0064 m, YZ=(-0.4353, 0.5718) m, YZ_ref=(-0.4364, 0.5717) m, center_error_YZ_mm=(1.045, 0.141), vx=0.0035 m/s, Fx=1.17 N, contact=False
[sac_runtime_controller-7] [INFO] [1786435514.567765288] [rl_hole_search_controller]: INSERTING: dx=0.0080 m, depth=0.0081 m, YZ=(-0.4355, 0.5716) m, YZ_ref=(-0.4364, 0.5717) m, center_error_YZ_mm=(0.832, -0.050), vx=-0.0058 m/s, Fx=1.18 N, contact=False
[sac_runtime_controller-7] [INFO] [1786435515.647640932] [rl_hole_search_controller]: INSERTING: dx=0.0098 m, depth=0.0098 m, YZ=(-0.4353, 0.5721) m, YZ_ref=(-0.4364, 0.5717) m, center_error_YZ_mm=(1.021, 0.409), vx=0.0066 m/s, Fx=1.17 N, contact=False
[sac_runtime_controller-7] [INFO] [1786435516.698357272] [rl_hole_search_controller]: INSERTING: dx=0.0110 m, depth=0.0111 m, YZ=(-0.4360, 0.5719) m, YZ_ref=(-0.4364, 0.5717) m, center_error_YZ_mm=(0.312, 0.203), vx=-0.0018 m/s, Fx=1.18 N, contact=False
[sac_runtime_controller-7] [INFO] [1786435517.777415316] [rl_hole_search_controller]: INSERTING: dx=0.0129 m, depth=0.0129 m, YZ=(-0.4367, 0.5724) m, YZ_ref=(-0.4364, 0.5717) m, center_error_YZ_mm=(-0.333, 0.705), vx=-0.0018 m/s, Fx=1.19 N, contact=False
[sac_runtime_controller-7] [INFO] [1786435518.843897954] [rl_hole_search_controller]: INSERTING: dx=0.0158 m, depth=0.0159 m, YZ=(-0.4347, 0.5712) m, YZ_ref=(-0.4364, 0.5717) m, center_error_YZ_mm=(1.688, -0.471), vx=0.0059 m/s, Fx=0.67 N, contact=False
[sac_runtime_controller-7] [INFO] [1786435519.904530222] [rl_hole_search_controller]: INSERTING: dx=0.0161 m, depth=0.0162 m, YZ=(-0.4363, 0.5722) m, YZ_ref=(-0.4364, 0.5717) m, center_error_YZ_mm=(0.077, 0.576), vx=0.0065 m/s, Fx=0.73 N, contact=False
[sac_runtime_controller-7] [INFO] [1786435520.963701615] [rl_hole_search_controller]: INSERTING: dx=0.0165 m, depth=0.0166 m, YZ=(-0.4362, 0.5723) m, YZ_ref=(-0.4364, 0.5717) m, center_error_YZ_mm=(0.197, 0.624), vx=0.0058 m/s, Fx=0.45 N, contact=False
[sac_runtime_controller-7] [INFO] [1786435522.024447159] [rl_hole_search_controller]: INSERTING: dx=0.0170 m, depth=0.0171 m, YZ=(-0.4360, 0.5718) m, YZ_ref=(-0.4364, 0.5717) m, center_error_YZ_mm=(0.369, 0.155), vx=-0.0042 m/s, Fx=0.16 N, contact=False
[sac_runtime_controller-7] [INFO] [1786435523.127783255] [rl_hole_search_controller]: INSERTING: dx=0.0170 m, depth=0.0170 m, YZ=(-0.4361, 0.5718) m, YZ_ref=(-0.4364, 0.5717) m, center_error_YZ_mm=(0.207, 0.089), vx=-0.0145 m/s, Fx=0.18 N, contact=False
[sac_runtime_controller-7] [INFO] [1786435524.195377308] [rl_hole_search_controller]: INSERTING: dx=0.0166 m, depth=0.0167 m, YZ=(-0.4354, 0.5714) m, YZ_ref=(-0.4364, 0.5717) m, center_error_YZ_mm=(0.996, -0.264), vx=0.0007 m/s, Fx=0.41 N, contact=False
[sac_runtime_controller-7] [INFO] [1786435525.276224127] [rl_hole_search_controller]: INSERTING: dx=0.0169 m, depth=0.0170 m, YZ=(-0.4361, 0.5711) m, YZ_ref=(-0.4364, 0.5717) m, center_error_YZ_mm=(0.291, -0.531), vx=0.0048 m/s, Fx=0.06 N, contact=False
[sac_runtime_controller-7] [INFO] [1786435526.382741811] [rl_hole_search_controller]: INSERTING: dx=0.0168 m, depth=0.0169 m, YZ=(-0.4357, 0.5721) m, YZ_ref=(-0.4364, 0.5717) m, center_error_YZ_mm=(0.659, 0.444), vx=0.0067 m/s, Fx=0.14 N, contact=False
[sac_runtime_controller-7] [INFO] [1786435527.460829776] [rl_hole_search_controller]: INSERTING: dx=0.0170 m, depth=0.0171 m, YZ=(-0.4352, 0.5717) m, YZ_ref=(-0.4364, 0.5717) m, center_error_YZ_mm=(1.173, 0.018), vx=0.0049 m/s, Fx=0.09 N, contact=False
[sac_runtime_controller-7] [INFO] [1786435528.551363227] [rl_hole_search_controller]: INSERTING: dx=0.0166 m, depth=0.0167 m, YZ=(-0.4360, 0.5721) m, YZ_ref=(-0.4364, 0.5717) m, center_error_YZ_mm=(0.320, 0.453), vx=0.0091 m/s, Fx=0.34 N, contact=False
[sac_runtime_controller-7] [INFO] [1786435529.666219374] [rl_hole_search_controller]: INSERTING: dx=0.0169 m, depth=0.0170 m, YZ=(-0.4354, 0.5677) m, YZ_ref=(-0.4364, 0.5717) m, center_error_YZ_mm=(0.984, -3.945), vx=-0.0841 m/s, Fx=0.11 N, contact=False
[sac_runtime_controller-7] [INFO] [1786435530.779209656] [rl_hole_search_controller]: INSERTING: dx=0.0166 m, depth=0.0166 m, YZ=(-0.4368, 0.5712) m, YZ_ref=(-0.4364, 0.5717) m, center_error_YZ_mm=(-0.478, -0.455), vx=0.0063 m/s, Fx=0.36 N, contact=False
[sac_runtime_controller-7] [INFO] [1786435531.079116646] [rl_hole_search_controller]: INSERT_HOLDING: target depth confirmed at 0.0172 m; joint velocity=0.068 rad/s; tool velocity=0.002 m/s; captured current joints and starting MIT-equivalent hold
[sac_runtime_controller-7] [INFO] [1786435531.874387559] [rl_hole_search_controller]: INSERT_HOLDING: MIT joint lock, dx=0.0171 m, depth=0.0172 m, YZ=(-0.4363, 0.5717) m, ramp=1.00, q_error_max=0.0003 rad, dq_max=0.0013 rad/s, tau_max=0.00 Nm, hold_force_max=0.03 N, tip_centered_YZ=True, contact=False
[sac_runtime_controller-7] [INFO] [1786435532.964700271] [rl_hole_search_controller]: INSERT_HOLDING: MIT joint lock, dx=0.0171 m, depth=0.0172 m, YZ=(-0.4363, 0.5717) m, ramp=1.00, q_error_max=0.0003 rad, dq_max=0.0000 rad/s, tau_max=0.00 Nm, hold_force_max=0.03 N, tip_centered_YZ=True, contact=False
[sac_runtime_controller-7] [INFO] [1786435533.257117837] [rl_hole_search_controller]: INSERT_HOLDING complete: physical geometry confirmed; depth=0.0172 m, tip_error_YZ_mm=(0.019, -0.014), entry_error_YZ_mm=(-0.287, 0.241), tilt=1.33 deg; Episode is an assembly success
[sac_runtime_controller-7] [INFO] [1786435533.277805032] [rl_hole_search_controller]: RESETTING episode=64, dataset_index=63, offset_yz_mm=(-0.121, -1.323)
[sac_runtime_controller-7] [INFO] [1786435533.282198625] [rl_hole_search_controller]: RESETTING: joint_error=0.1784 rad, joint_velocity=0.0001 rad/s
[sac_runtime_controller-7] [INFO] [1786435533.963067514] [rl_hole_search_controller]: RESETTING: 固定外边界板面及真实深方孔已重建，WORLD_HOLE_XYZ=(0.33220, -0.43658, 0.57078) m, HOLE_YZ_ref=(-0.4366, 0.5708) m
[sac_runtime_controller-7] [INFO] [1786435534.655902906] [rl_hole_search_controller]: RESET complete; starting original HOLDING state
[sac_runtime_controller-7] [INFO] [1786435534.660691589] [rl_hole_search_controller]: HOLDING: center=[ 0.32378888 -0.43633007  0.57140989]
[sac_runtime_controller-7] [INFO] [1786435534.662805537] [rl_hole_search_controller]: HOLDING: dx=0.0000 m, depth=0.0001 m, YZ=(-0.4363, 0.5714) m, YZ_ref=(-0.4363, 0.5714) m, center_error_YZ_mm=(0.250, 0.633), vx=-0.0003 m/s, Fx=-0.09 N, contact=True
[sac_runtime_controller-7] [INFO] [1786435534.666776440] [rl_hole_search_controller]: HOLDING: reset tool tilt=0.01 deg
[sac_runtime_controller-7] [INFO] [1786435535.855423221] [rl_hole_search_controller]: HOLDING: dx=-0.0009 m, depth=-0.0008 m, YZ=(-0.4356, 0.5673) m, YZ_ref=(-0.4363, 0.5714) m, center_error_YZ_mm=(0.938, -3.485), vx=-0.0049 m/s, Fx=0.00 N, contact=False
[sac_runtime_controller-7] [INFO] [1786435537.375152401] [rl_hole_search_controller]: HOLDING: dx=0.0002 m, depth=0.0003 m, YZ=(-0.4400, 0.5844) m, YZ_ref=(-0.4363, 0.5714) m, center_error_YZ_mm=(-3.439, 13.662), vx=0.0961 m/s, Fx=-2.19 N, contact=True
[sac_runtime_controller-7] [INFO] [1786435538.504175410] [rl_hole_search_controller]: HOLDING: dx=-0.0005 m, depth=-0.0004 m, YZ=(-0.4353, 0.5714) m, YZ_ref=(-0.4363, 0.5714) m, center_error_YZ_mm=(1.266, 0.653), vx=0.0011 m/s, Fx=0.00 N, contact=False
[sac_runtime_controller-7] [INFO] [1786435539.731835195] [rl_hole_search_controller]: HOLDING: dx=-0.0003 m, depth=-0.0002 m, YZ=(-0.4403, 0.5808) m, YZ_ref=(-0.4363, 0.5714) m, center_error_YZ_mm=(-3.697, 10.013), vx=-0.0210 m/s, Fx=0.00 N, contact=False
[sac_runtime_controller-7] [INFO] [1786435540.930519875] [rl_hole_search_controller]: APPROACHING: ramping world-X contact force
[sac_runtime_controller-7] [INFO] [1786435540.935181561] [rl_hole_search_controller]: APPROACHING: dx=-0.0010 m, depth=-0.0009 m, YZ=(-0.4406, 0.5766) m, YZ_ref=(-0.4363, 0.5714) m, center_error_YZ_mm=(-3.972, 5.789), vx=0.0019 m/s, Fx=0.00 N, contact=False
[sac_runtime_controller-7] [INFO] [1786435542.022205960] [rl_hole_search_controller]: APPROACHING: dx=0.0007 m, depth=0.0008 m, YZ=(-0.4351, 0.5706) m, YZ_ref=(-0.4363, 0.5714) m, center_error_YZ_mm=(1.469, -0.209), vx=-0.0004 m/s, Fx=0.20 N, contact=True
[sac_runtime_controller-7] [INFO] [1786435542.234874554] [rl_hole_search_controller]: SEARCHING: contact at X=0.3248; YZ spiral started
[sac_runtime_controller-7] [INFO] [1786435543.128942565] [rl_hole_search_controller]: SEARCHING: dx=0.0004 m, depth=0.0005 m, YZ=(-0.4373, 0.5732) m, YZ_ref=(-0.4351, 0.5703) m, center_error_YZ_mm=(-0.765, 2.449), vx=0.0011 m/s, Fx=0.46 N, contact=True
[sac_runtime_controller-7] [INFO] [1786435544.238309996] [rl_hole_search_controller]: INSERTING: hole alignment/entry detected at 0.0005 m; centering YZ and inserting to 0.0170 m
[sac_runtime_controller-7] [INFO] [1786435544.242059604] [rl_hole_search_controller]: INSERTING handoff: HOLE_YZ_ref=(-0.4366, 0.5708) m, tool_YZ=(-0.4362, 0.5710) m, center_error_YZ_mm=(0.348, 0.262), tool_tilt=0.67 deg
[sac_runtime_controller-7] [INFO] [1786435544.265001642] [rl_hole_search_controller]: INSERTING: dx=0.0005 m, depth=0.0006 m, YZ=(-0.4357, 0.5715) m, YZ_ref=(-0.4366, 0.5708) m, center_error_YZ_mm=(0.894, 0.711), vx=0.0156 m/s, Fx=1.20 N, contact=False
[sac_runtime_controller-7] [INFO] [1786435545.446138301] [rl_hole_search_controller]: INSERTING: dx=0.0027 m, depth=0.0028 m, YZ=(-0.4361, 0.5696) m, YZ_ref=(-0.4366, 0.5708) m, center_error_YZ_mm=(0.484, -1.142), vx=0.0309 m/s, Fx=1.15 N, contact=False
[sac_runtime_controller-7] [INFO] [1786435546.659170666] [rl_hole_search_controller]: INSERTING: dx=0.0053 m, depth=0.0053 m, YZ=(-0.4364, 0.5715) m, YZ_ref=(-0.4366, 0.5708) m, center_error_YZ_mm=(0.138, 0.712), vx=-0.0004 m/s, Fx=1.21 N, contact=False
[sac_runtime_controller-7] [INFO] [1786435547.814933223] [rl_hole_search_controller]: INSERTING: dx=0.0074 m, depth=0.0075 m, YZ=(-0.4361, 0.5715) m, YZ_ref=(-0.4366, 0.5708) m, center_error_YZ_mm=(0.519, 0.716), vx=-0.0001 m/s, Fx=1.19 N, contact=False
[sac_runtime_controller-7] [INFO] [1786435548.983058764] [rl_hole_search_controller]: INSERTING: dx=0.0098 m, depth=0.0099 m, YZ=(-0.4351, 0.5704) m, YZ_ref=(-0.4366, 0.5708) m, center_error_YZ_mm=(1.530, -0.340), vx=0.0049 m/s, Fx=1.15 N, contact=False
[sac_runtime_controller-7] [INFO] [1786435550.191678897] [rl_hole_search_controller]: INSERTING: dx=0.0119 m, depth=0.0119 m, YZ=(-0.4345, 0.5700) m, YZ_ref=(-0.4366, 0.5708) m, center_error_YZ_mm=(2.093, -0.743), vx=-0.0047 m/s, Fx=1.16 N, contact=False
[sac_runtime_controller-7] [INFO] [1786435551.482422900] [rl_hole_search_controller]: INSERTING: dx=0.0129 m, depth=0.0129 m, YZ=(-0.4355, 0.5715) m, YZ_ref=(-0.4366, 0.5708) m, center_error_YZ_mm=(1.123, 0.755), vx=0.0124 m/s, Fx=1.18 N, contact=False
[sac_runtime_controller-7] [INFO] [1786435552.668711855] [rl_hole_search_controller]: INSERTING: dx=0.0144 m, depth=0.0145 m, YZ=(-0.4361, 0.5709) m, YZ_ref=(-0.4366, 0.5708) m, center_error_YZ_mm=(0.476, 0.102), vx=0.0011 m/s, Fx=1.20 N, contact=False
[sac_runtime_controller-7] [INFO] [1786435553.846585601] [rl_hole_search_controller]: INSERTING: dx=0.0160 m, depth=0.0161 m, YZ=(-0.4359, 0.5707) m, YZ_ref=(-0.4366, 0.5708) m, center_error_YZ_mm=(0.645, -0.056), vx=-0.0041 m/s, Fx=0.70 N, contact=False
[sac_runtime_controller-7] [INFO] [1786435554.972594514] [rl_hole_search_controller]: INSERTING: dx=0.0163 m, depth=0.0164 m, YZ=(-0.4363, 0.5710) m, YZ_ref=(-0.4366, 0.5708) m, center_error_YZ_mm=(0.251, 0.191), vx=0.0024 m/s, Fx=0.44 N, contact=False
[sac_runtime_controller-7] [INFO] [1786435556.417514267] [rl_hole_search_controller]: INSERTING: dx=0.0171 m, depth=0.0172 m, YZ=(-0.4378, 0.5730) m, YZ_ref=(-0.4366, 0.5708) m, center_error_YZ_mm=(-1.233, 2.256), vx=0.0215 m/s, Fx=0.07 N, contact=False
[sac_runtime_controller-7] [INFO] [1786435557.637936429] [rl_hole_search_controller]: INSERT_HOLDING: target depth confirmed at 0.0170 m; joint velocity=0.266 rad/s; tool velocity=0.010 m/s; captured current joints and starting MIT-equivalent hold
[sac_runtime_controller-7] [INFO] [1786435557.644285673] [rl_hole_search_controller]: INSERT_HOLDING: MIT joint lock, dx=0.0170 m, depth=0.0170 m, YZ=(-0.4366, 0.5709) m, ramp=0.02, q_error_max=0.0081 rad, dq_max=0.4017 rad/s, tau_max=0.20 Nm, hold_force_max=0.66 N, tip_centered_YZ=True, contact=False
[sac_runtime_controller-7] [INFO] [1786435558.768634890] [rl_hole_search_controller]: INSERT_HOLDING: MIT joint lock, dx=0.0170 m, depth=0.0171 m, YZ=(-0.4366, 0.5708) m, ramp=1.00, q_error_max=0.0003 rad, dq_max=0.0001 rad/s, tau_max=0.00 Nm, hold_force_max=0.04 N, tip_centered_YZ=True, contact=False
[sac_runtime_controller-7] [INFO] [1786435559.862849039] [rl_hole_search_controller]: INSERT_HOLDING complete: physical geometry confirmed; depth=0.0171 m, tip_error_YZ_mm=(-0.042, 0.007), entry_error_YZ_mm=(0.234, 0.112), tilt=0.99 deg; Episode is an assembly success
[sac_runtime_controller-7] [INFO] [1786435559.870493151] [rl_hole_search_controller]: RESETTING episode=65, dataset_index=64, offset_yz_mm=(-2.764, -2.272)
[sac_runtime_controller-7] [INFO] [1786435559.873840768] [rl_hole_search_controller]: RESETTING: joint_error=0.1658 rad, joint_velocity=0.0000 rad/s
[sac_runtime_controller-7] [INFO] [1786435560.322251520] [rl_hole_search_controller]: RESETTING: 固定外边界板面及真实深方孔已重建，WORLD_HOLE_XYZ=(0.33220, -0.43966, 0.56987) m, HOLE_YZ_ref=(-0.4397, 0.5699) m
[sac_runtime_controller-7] [INFO] [1786435560.736251119] [rl_hole_search_controller]: RESET complete; starting original HOLDING state
[sac_runtime_controller-7] [INFO] [1786435560.738778757] [rl_hole_search_controller]: HOLDING: center=[ 0.32378702 -0.43635989  0.57138875]
[sac_runtime_controller-7] [INFO] [1786435560.740209821] [rl_hole_search_controller]: HOLDING: dx=0.0000 m, depth=0.0001 m, YZ=(-0.4364, 0.5714) m, YZ_ref=(-0.4364, 0.5714) m, center_error_YZ_mm=(3.295, 1.520), vx=-0.0003 m/s, Fx=-0.09 N, contact=True
[sac_runtime_controller-7] [INFO] [1786435560.742249471] [rl_hole_search_controller]: HOLDING: reset tool tilt=0.01 deg
[sac_runtime_controller-7] [INFO] [1786435561.823058631] [rl_hole_search_controller]: HOLDING: dx=-0.0001 m, depth=-0.0001 m, YZ=(-0.4373, 0.5714) m, YZ_ref=(-0.4364, 0.5714) m, center_error_YZ_mm=(2.324, 1.568), vx=0.0047 m/s, Fx=-0.09 N, contact=True
[sac_runtime_controller-7] [INFO] [1786435562.897118447] [rl_hole_search_controller]: HOLDING: dx=-0.0004 m, depth=-0.0003 m, YZ=(-0.4382, 0.5718) m, YZ_ref=(-0.4364, 0.5714) m, center_error_YZ_mm=(1.406, 1.937), vx=-0.0050 m/s, Fx=0.00 N, contact=False
[sac_runtime_controller-7] [INFO] [1786435564.161696552] [rl_hole_search_controller]: HOLDING: dx=0.0001 m, depth=0.0001 m, YZ=(-0.4328, 0.5672) m, YZ_ref=(-0.4364, 0.5714) m, center_error_YZ_mm=(6.868, -2.654), vx=0.0019 m/s, Fx=-0.18 N, contact=True
[sac_runtime_controller-7] [INFO] [1786435565.309691219] [rl_hole_search_controller]: HOLDING: dx=-0.0003 m, depth=-0.0002 m, YZ=(-0.4373, 0.5728) m, YZ_ref=(-0.4364, 0.5714) m, center_error_YZ_mm=(2.350, 2.931), vx=0.0137 m/s, Fx=0.00 N, contact=False
[sac_runtime_controller-7] [INFO] [1786435566.484356315] [rl_hole_search_controller]: APPROACHING: ramping world-X contact force
[sac_runtime_controller-7] [INFO] [1786435566.489291293] [rl_hole_search_controller]: APPROACHING: dx=0.0001 m, depth=0.0002 m, YZ=(-0.4366, 0.5697) m, YZ_ref=(-0.4364, 0.5714) m, center_error_YZ_mm=(3.009, -0.159), vx=0.0016 m/s, Fx=-0.26 N, contact=True
[sac_runtime_controller-7] [INFO] [1786435567.620651948] [rl_hole_search_controller]: APPROACHING: dx=0.0007 m, depth=0.0007 m, YZ=(-0.4356, 0.5717) m, YZ_ref=(-0.4364, 0.5714) m, center_error_YZ_mm=(4.006, 1.838), vx=-0.0036 m/s, Fx=0.25 N, contact=True
[sac_runtime_controller-7] [INFO] [1786435567.833779782] [rl_hole_search_controller]: SEARCHING: contact at X=0.3243; YZ spiral started
[sac_runtime_controller-7] [INFO] [1786435568.263437665] [rl_hole_search_controller]: INSERTING: hole alignment/entry detected at 0.0001 m; centering YZ and inserting to 0.0170 m
[sac_runtime_controller-7] [INFO] [1786435568.271051978] [rl_hole_search_controller]: INSERTING handoff: HOLE_YZ_ref=(-0.4397, 0.5699) m, tool_YZ=(-0.4395, 0.5703) m, center_error_YZ_mm=(0.196, 0.449), tool_tilt=1.78 deg
[sac_runtime_controller-7] [WARN] [1786435568.273102027] [rl_hole_search_controller]: INSERTING rejected: tool tilt 1.78 deg exceeds 1.50 deg; Episode will reset
[sac_runtime_controller-7] [INFO] [1786435568.294823790] [rl_hole_search_controller]: RESETTING episode=66, dataset_index=65, offset_yz_mm=(-2.730, -0.624)
[sac_runtime_controller-7] [INFO] [1786435568.298964088] [rl_hole_search_controller]: RESETTING: joint_error=0.0192 rad, joint_velocity=3.1794 rad/s
[sac_runtime_controller-7] [INFO] [1786435568.572867418] [rl_hole_search_controller]: RESETTING: 固定外边界板面及真实深方孔已重建，WORLD_HOLE_XYZ=(0.33220, -0.44023, 0.57850) m, HOLE_YZ_ref=(-0.4402, 0.5785) m
[sac_runtime_controller-7] [INFO] [1786435569.190407955] [rl_hole_search_controller]: RESET complete; starting original HOLDING state
[sac_runtime_controller-7] [INFO] [1786435569.194969642] [rl_hole_search_controller]: HOLDING: center=[ 0.32375614 -0.43634792  0.57139985]
[sac_runtime_controller-7] [INFO] [1786435569.196328409] [rl_hole_search_controller]: HOLDING: dx=0.0000 m, depth=0.0001 m, YZ=(-0.4363, 0.5714) m, YZ_ref=(-0.4363, 0.5714) m, center_error_YZ_mm=(3.878, -7.102), vx=0.0001 m/s, Fx=-0.06 N, contact=True
[sac_runtime_controller-7] [INFO] [1786435569.198370058] [rl_hole_search_controller]: HOLDING: reset tool tilt=0.01 deg
[sac_runtime_controller-7] [INFO] [1786435570.471014391] [rl_hole_search_controller]: HOLDING: dx=-0.0006 m, depth=-0.0006 m, YZ=(-0.4360, 0.5700) m, YZ_ref=(-0.4363, 0.5714) m, center_error_YZ_mm=(4.190, -8.501), vx=0.0035 m/s, Fx=0.00 N, contact=False
[sac_runtime_controller-7] [INFO] [1786435571.624183467] [rl_hole_search_controller]: HOLDING: dx=-0.0002 m, depth=-0.0001 m, YZ=(-0.4367, 0.5718) m, YZ_ref=(-0.4363, 0.5714) m, center_error_YZ_mm=(3.518, -6.666), vx=-0.0047 m/s, Fx=0.00 N, contact=True
[sac_runtime_controller-7] [INFO] [1786435572.882416031] [rl_hole_search_controller]: HOLDING: dx=-0.0003 m, depth=-0.0003 m, YZ=(-0.4351, 0.5695) m, YZ_ref=(-0.4363, 0.5714) m, center_error_YZ_mm=(5.155, -9.001), vx=-0.0084 m/s, Fx=0.00 N, contact=False
[sac_runtime_controller-7] [INFO] [1786435573.954806184] [rl_hole_search_controller]: HOLDING: dx=-0.0002 m, depth=-0.0002 m, YZ=(-0.4378, 0.5721) m, YZ_ref=(-0.4363, 0.5714) m, center_error_YZ_mm=(2.404, -6.361), vx=-0.0046 m/s, Fx=0.00 N, contact=True
[sac_runtime_controller-7] [INFO] [1786435575.086339360] [rl_hole_search_controller]: APPROACHING: ramping world-X contact force
[sac_runtime_controller-7] [INFO] [1786435575.095424635] [rl_hole_search_controller]: APPROACHING: dx=-0.0004 m, depth=-0.0004 m, YZ=(-0.4376, 0.5737) m, YZ_ref=(-0.4363, 0.5714) m, center_error_YZ_mm=(2.615, -4.811), vx=-0.0055 m/s, Fx=0.01 N, contact=False
[sac_runtime_controller-7] [INFO] [1786435576.215763778] [rl_hole_search_controller]: APPROACHING: dx=0.0006 m, depth=0.0007 m, YZ=(-0.4357, 0.5718) m, YZ_ref=(-0.4363, 0.5714) m, center_error_YZ_mm=(4.515, -6.667), vx=-0.0030 m/s, Fx=0.32 N, contact=True
[sac_runtime_controller-7] [INFO] [1786435576.429802474] [rl_hole_search_controller]: SEARCHING: contact at X=0.3243; YZ spiral started
[sac_runtime_controller-7] [INFO] [1786435577.309814261] [rl_hole_search_controller]: SEARCHING: dx=0.0007 m, depth=0.0007 m, YZ=(-0.4376, 0.5745) m, YZ_ref=(-0.4337, 0.5688) m, center_error_YZ_mm=(2.579, -3.985), vx=0.0086 m/s, Fx=0.12 N, contact=True
[sac_runtime_controller-7] [INFO] [1786435578.064500750] [rl_hole_search_controller]: RESETTING episode=67, dataset_index=66, offset_yz_mm=(0.833, -0.958)
[sac_runtime_controller-7] [INFO] [1786435578.067884066] [rl_hole_search_controller]: RESETTING: joint_error=0.0261 rad, joint_velocity=0.0466 rad/s
[sac_runtime_controller-7] [INFO] [1786435578.261738359] [rl_hole_search_controller]: RESETTING: 固定外边界板面及真实深方孔已重建，WORLD_HOLE_XYZ=(0.33220, -0.43320, 0.56669) m, HOLE_YZ_ref=(-0.4332, 0.5667) m
[sac_runtime_controller-7] [INFO] [1786435578.887262946] [rl_hole_search_controller]: RESET complete; starting original HOLDING state
[sac_runtime_controller-7] [INFO] [1786435578.890464866] [rl_hole_search_controller]: HOLDING: center=[ 0.32375491 -0.4363423   0.57139726]
[sac_runtime_controller-7] [INFO] [1786435578.892505116] [rl_hole_search_controller]: HOLDING: dx=0.0000 m, depth=0.0001 m, YZ=(-0.4363, 0.5714) m, YZ_ref=(-0.4363, 0.5714) m, center_error_YZ_mm=(-3.142, 4.702), vx=-0.0001 m/s, Fx=-0.05 N, contact=True
[sac_runtime_controller-7] [INFO] [1786435578.897593290] [rl_hole_search_controller]: HOLDING: reset tool tilt=0.00 deg
[sac_runtime_controller-7] [INFO] [1786435579.948910608] [rl_hole_search_controller]: HOLDING: dx=-0.0004 m, depth=-0.0004 m, YZ=(-0.4369, 0.5725) m, YZ_ref=(-0.4363, 0.5714) m, center_error_YZ_mm=(-3.717, 5.835), vx=-0.0064 m/s, Fx=0.00 N, contact=False
[sac_runtime_controller-7] [INFO] [1786435581.137228817] [rl_hole_search_controller]: HOLDING: dx=-0.0002 m, depth=-0.0002 m, YZ=(-0.4373, 0.5727) m, YZ_ref=(-0.4363, 0.5714) m, center_error_YZ_mm=(-4.106, 6.031), vx=0.0066 m/s, Fx=-0.13 N, contact=True
[sac_runtime_controller-7] [INFO] [1786435582.249123511] [rl_hole_search_controller]: HOLDING: dx=-0.0003 m, depth=-0.0003 m, YZ=(-0.4354, 0.5694) m, YZ_ref=(-0.4363, 0.5714) m, center_error_YZ_mm=(-2.222, 2.662), vx=-0.0084 m/s, Fx=0.00 N, contact=False
[sac_runtime_controller-7] [INFO] [1786435583.533047921] [rl_hole_search_controller]: HOLDING: dx=-0.0002 m, depth=-0.0001 m, YZ=(-0.4374, 0.5705) m, YZ_ref=(-0.4363, 0.5714) m, center_error_YZ_mm=(-4.158, 3.762), vx=-0.0036 m/s, Fx=0.00 N, contact=True
[sac_runtime_controller-7] [INFO] [1786435584.732976206] [rl_hole_search_controller]: APPROACHING: ramping world-X contact force
[sac_runtime_controller-7] [INFO] [1786435584.737395096] [rl_hole_search_controller]: APPROACHING: dx=0.0005 m, depth=0.0006 m, YZ=(-0.4401, 0.5791) m, YZ_ref=(-0.4363, 0.5714) m, center_error_YZ_mm=(-6.858, 12.404), vx=-0.0276 m/s, Fx=-0.57 N, contact=True
[sac_runtime_controller-7] [INFO] [1786435586.126238971] [rl_hole_search_controller]: APPROACHING: dx=0.0005 m, depth=0.0005 m, YZ=(-0.4341, 0.5752) m, YZ_ref=(-0.4363, 0.5714) m, center_error_YZ_mm=(-0.922, 8.484), vx=0.0169 m/s, Fx=0.12 N, contact=True
[sac_runtime_controller-7] [INFO] [1786435587.203919470] [rl_hole_search_controller]: SEARCHING: contact at X=0.3245; YZ spiral started
[sac_runtime_controller-7] [INFO] [1786435587.579789720] [rl_hole_search_controller]: SEARCHING: dx=0.0007 m, depth=0.0008 m, YZ=(-0.4305, 0.5695) m, YZ_ref=(-0.4279, 0.5680) m, center_error_YZ_mm=(2.733, 2.827), vx=0.0060 m/s, Fx=0.08 N, contact=True
[sac_runtime_controller-7] [INFO] [1786435588.712269042] [rl_hole_search_controller]: SEARCHING: dx=0.0009 m, depth=0.0009 m, YZ=(-0.4335, 0.5721) m, YZ_ref=(-0.4298, 0.5705) m, center_error_YZ_mm=(-0.257, 5.442), vx=0.0096 m/s, Fx=-0.10 N, contact=True
[sac_runtime_controller-7] [INFO] [1786435589.107489106] [rl_hole_search_controller]: RESETTING episode=68, dataset_index=67, offset_yz_mm=(-1.066, -0.238)
[sac_runtime_controller-7] [INFO] [1786435589.109393358] [rl_hole_search_controller]: RESETTING: joint_error=0.0442 rad, joint_velocity=0.0279 rad/s
[sac_runtime_controller-7] [INFO] [1786435589.311530426] [rl_hole_search_controller]: RESETTING: 固定外边界板面及真实深方孔已重建，WORLD_HOLE_XYZ=(0.33220, -0.43786, 0.57218) m, HOLE_YZ_ref=(-0.4379, 0.5722) m
[sac_runtime_controller-7] [INFO] [1786435589.923881283] [rl_hole_search_controller]: RESET complete; starting original HOLDING state
[sac_runtime_controller-7] [INFO] [1786435589.931263599] [rl_hole_search_controller]: HOLDING: center=[ 0.32375363 -0.43635633  0.5714    ]
[sac_runtime_controller-7] [INFO] [1786435589.933907233] [rl_hole_search_controller]: HOLDING: dx=0.0000 m, depth=0.0001 m, YZ=(-0.4364, 0.5714) m, YZ_ref=(-0.4364, 0.5714) m, center_error_YZ_mm=(1.505, -0.781), vx=0.0000 m/s, Fx=-0.05 N, contact=True
[sac_runtime_controller-7] [INFO] [1786435589.936682764] [rl_hole_search_controller]: HOLDING: reset tool tilt=0.01 deg
[sac_runtime_controller-7] [INFO] [1786435591.041466453] [rl_hole_search_controller]: HOLDING: dx=-0.0009 m, depth=-0.0009 m, YZ=(-0.4348, 0.5721) m, YZ_ref=(-0.4364, 0.5714) m, center_error_YZ_mm=(3.073, -0.108), vx=0.0845 m/s, Fx=0.00 N, contact=False
[sac_runtime_controller-7] [INFO] [1786435592.137049660] [rl_hole_search_controller]: HOLDING: dx=-0.0007 m, depth=-0.0007 m, YZ=(-0.4387, 0.5750) m, YZ_ref=(-0.4364, 0.5714) m, center_error_YZ_mm=(-0.805, 2.811), vx=-0.0055 m/s, Fx=0.00 N, contact=False
[sac_runtime_controller-7] [INFO] [1786435593.231116296] [rl_hole_search_controller]: HOLDING: dx=-0.0008 m, depth=-0.0008 m, YZ=(-0.4406, 0.5754) m, YZ_ref=(-0.4364, 0.5714) m, center_error_YZ_mm=(-2.711, 3.178), vx=-0.0012 m/s, Fx=0.00 N, contact=False
[sac_runtime_controller-7] [INFO] [1786435594.511176784] [rl_hole_search_controller]: HOLDING: dx=0.0001 m, depth=0.0002 m, YZ=(-0.4371, 0.5741) m, YZ_ref=(-0.4364, 0.5714) m, center_error_YZ_mm=(0.717, 1.910), vx=-0.0067 m/s, Fx=-0.20 N, contact=True
[sac_runtime_controller-7] [INFO] [1786435596.399250388] [rl_hole_search_controller]: APPROACHING: ramping world-X contact force
[sac_runtime_controller-7] [INFO] [1786435596.401751026] [rl_hole_search_controller]: APPROACHING: dx=-0.0010 m, depth=-0.0009 m, YZ=(-0.4420, 0.5727) m, YZ_ref=(-0.4364, 0.5714) m, center_error_YZ_mm=(-4.125, 0.511), vx=0.0062 m/s, Fx=0.00 N, contact=False
[sac_runtime_controller-7] [INFO] [1786435597.630289465] [rl_hole_search_controller]: APPROACHING: dx=0.0004 m, depth=0.0005 m, YZ=(-0.4339, 0.5688) m, YZ_ref=(-0.4364, 0.5714) m, center_error_YZ_mm=(3.989, -3.414), vx=0.0004 m/s, Fx=0.50 N, contact=True
[sac_runtime_controller-7] [INFO] [1786435597.876603117] [rl_hole_search_controller]: SEARCHING: contact at X=0.3246; YZ spiral started
[sac_runtime_controller-7] [INFO] [1786435598.767394176] [rl_hole_search_controller]: SEARCHING: dx=0.0011 m, depth=0.0011 m, YZ=(-0.4306, 0.5675) m, YZ_ref=(-0.4335, 0.5699) m, center_error_YZ_mm=(7.225, -4.721), vx=0.0119 m/s, Fx=-0.36 N, contact=True
[sac_runtime_controller-7] [INFO] [1786435600.012857969] [rl_hole_search_controller]: SEARCHING: dx=0.0000 m, depth=0.0001 m, YZ=(-0.4373, 0.5732) m, YZ_ref=(-0.4355, 0.5707) m, center_error_YZ_mm=(0.564, 1.009), vx=0.0027 m/s, Fx=0.88 N, contact=True
[sac_runtime_controller-7] [INFO] [1786435600.310410635] [rl_hole_search_controller]: RESETTING episode=69, dataset_index=68, offset_yz_mm=(0.890, -1.458)
[sac_runtime_controller-7] [INFO] [1786435600.313197366] [rl_hole_search_controller]: RESETTING: joint_error=0.0205 rad, joint_velocity=0.0500 rad/s
[sac_runtime_controller-7] [INFO] [1786435600.414668630] [rl_hole_search_controller]: RESETTING: 固定外边界板面及真实深方孔已重建，WORLD_HOLE_XYZ=(0.33220, -0.43617, 0.57198) m, HOLE_YZ_ref=(-0.4362, 0.5720) m
[sac_runtime_controller-7] [INFO] [1786435601.237142580] [rl_hole_search_controller]: RESET complete; starting original HOLDING state
[sac_runtime_controller-7] [INFO] [1786435601.242740540] [rl_hole_search_controller]: HOLDING: center=[ 0.32375527 -0.43634874  0.57140686]
[sac_runtime_controller-7] [INFO] [1786435601.246977234] [rl_hole_search_controller]: HOLDING: reset tool tilt=0.00 deg
[sac_runtime_controller-7] [INFO] [1786435601.250106756] [rl_hole_search_controller]: HOLDING: dx=0.0000 m, depth=0.0001 m, YZ=(-0.4363, 0.5714) m, YZ_ref=(-0.4363, 0.5714) m, center_error_YZ_mm=(-0.177, -0.575), vx=0.0000 m/s, Fx=-0.06 N, contact=True
[sac_runtime_controller-7] [INFO] [1786435602.350064864] [rl_hole_search_controller]: HOLDING: dx=-0.0006 m, depth=-0.0005 m, YZ=(-0.4390, 0.5735) m, YZ_ref=(-0.4363, 0.5714) m, center_error_YZ_mm=(-2.784, 1.508), vx=0.0039 m/s, Fx=0.00 N, contact=False
[sac_runtime_controller-7] [INFO] [1786435603.450822540] [rl_hole_search_controller]: HOLDING: dx=-0.0002 m, depth=-0.0002 m, YZ=(-0.4356, 0.5708) m, YZ_ref=(-0.4363, 0.5714) m, center_error_YZ_mm=(0.549, -1.140), vx=0.0003 m/s, Fx=-0.01 N, contact=True
[sac_runtime_controller-7] [INFO] [1786435604.612630584] [rl_hole_search_controller]: HOLDING: dx=-0.0005 m, depth=-0.0004 m, YZ=(-0.4343, 0.5725) m, YZ_ref=(-0.4363, 0.5714) m, center_error_YZ_mm=(1.862, 0.539), vx=0.0175 m/s, Fx=0.00 N, contact=False
[sac_runtime_controller-7] [INFO] [1786435605.750337517] [rl_hole_search_controller]: HOLDING: dx=0.0000 m, depth=0.0001 m, YZ=(-0.4393, 0.5731) m, YZ_ref=(-0.4363, 0.5714) m, center_error_YZ_mm=(-3.170, 1.079), vx=-0.0241 m/s, Fx=-0.07 N, contact=True
[sac_runtime_controller-7] [INFO] [1786435606.871043765] [rl_hole_search_controller]: APPROACHING: ramping world-X contact force
[sac_runtime_controller-7] [INFO] [1786435606.884401331] [rl_hole_search_controller]: APPROACHING: dx=-0.0000 m, depth=0.0000 m, YZ=(-0.4367, 0.5698) m, YZ_ref=(-0.4363, 0.5714) m, center_error_YZ_mm=(-0.554, -2.166), vx=-0.0086 m/s, Fx=-0.03 N, contact=True
[sac_runtime_controller-7] [INFO] [1786435607.976943872] [rl_hole_search_controller]: APPROACHING: dx=0.0006 m, depth=0.0006 m, YZ=(-0.4367, 0.5729) m, YZ_ref=(-0.4363, 0.5714) m, center_error_YZ_mm=(-0.501, 0.869), vx=0.0004 m/s, Fx=0.35 N, contact=True
[sac_runtime_controller-7] [INFO] [1786435608.710285403] [rl_hole_search_controller]: SEARCHING: contact at X=0.3241; YZ spiral started
[sac_runtime_controller-7] [INFO] [1786435608.905799205] [rl_hole_search_controller]: INSERTING: hole alignment/entry detected at 0.0010 m; centering YZ and inserting to 0.0170 m
[sac_runtime_controller-7] [INFO] [1786435608.908030349] [rl_hole_search_controller]: INSERTING handoff: HOLE_YZ_ref=(-0.4362, 0.5720) m, tool_YZ=(-0.4363, 0.5725) m, center_error_YZ_mm=(-0.152, 0.496), tool_tilt=0.34 deg
[sac_runtime_controller-7] [INFO] [1786435609.092783420] [rl_hole_search_controller]: INSERTING: dx=0.0013 m, depth=0.0013 m, YZ=(-0.4362, 0.5723) m, YZ_ref=(-0.4362, 0.5720) m, center_error_YZ_mm=(-0.020, 0.357), vx=0.0038 m/s, Fx=1.19 N, contact=False
[sac_runtime_controller-7] [INFO] [1786435610.144404067] [rl_hole_search_controller]: INSERTING: dx=0.0038 m, depth=0.0039 m, YZ=(-0.4356, 0.5726) m, YZ_ref=(-0.4362, 0.5720) m, center_error_YZ_mm=(0.541, 0.589), vx=0.0073 m/s, Fx=1.19 N, contact=False
[sac_runtime_controller-7] [INFO] [1786435611.226594339] [rl_hole_search_controller]: INSERTING: dx=0.0061 m, depth=0.0061 m, YZ=(-0.4347, 0.5721) m, YZ_ref=(-0.4362, 0.5720) m, center_error_YZ_mm=(1.469, 0.146), vx=0.0069 m/s, Fx=1.17 N, contact=False
[sac_runtime_controller-7] [INFO] [1786435612.310923348] [rl_hole_search_controller]: INSERTING: dx=0.0067 m, depth=0.0068 m, YZ=(-0.4364, 0.5721) m, YZ_ref=(-0.4362, 0.5720) m, center_error_YZ_mm=(-0.206, 0.110), vx=-0.0002 m/s, Fx=1.21 N, contact=False
[sac_runtime_controller-7] [INFO] [1786435613.434661659] [rl_hole_search_controller]: INSERTING: dx=0.0084 m, depth=0.0084 m, YZ=(-0.4359, 0.5726) m, YZ_ref=(-0.4362, 0.5720) m, center_error_YZ_mm=(0.280, 0.593), vx=-0.0052 m/s, Fx=1.19 N, contact=False
[sac_runtime_controller-7] [INFO] [1786435614.479539938] [rl_hole_search_controller]: INSERTING: dx=0.0106 m, depth=0.0106 m, YZ=(-0.4352, 0.5728) m, YZ_ref=(-0.4362, 0.5720) m, center_error_YZ_mm=(0.969, 0.785), vx=0.0153 m/s, Fx=1.16 N, contact=False
[sac_runtime_controller-7] [INFO] [1786435615.609362677] [rl_hole_search_controller]: INSERTING: dx=0.0124 m, depth=0.0125 m, YZ=(-0.4349, 0.5719) m, YZ_ref=(-0.4362, 0.5720) m, center_error_YZ_mm=(1.288, -0.052), vx=0.0038 m/s, Fx=1.15 N, contact=False
[sac_runtime_controller-7] [INFO] [1786435616.848919750] [rl_hole_search_controller]: INSERTING: dx=0.0144 m, depth=0.0145 m, YZ=(-0.4356, 0.5730) m, YZ_ref=(-0.4362, 0.5720) m, center_error_YZ_mm=(0.593, 1.043), vx=0.0105 m/s, Fx=1.17 N, contact=False
[sac_runtime_controller-7] [INFO] [1786435618.046085776] [rl_hole_search_controller]: INSERTING: dx=0.0156 m, depth=0.0157 m, YZ=(-0.4352, 0.5723) m, YZ_ref=(-0.4362, 0.5720) m, center_error_YZ_mm=(0.959, 0.338), vx=-0.0110 m/s, Fx=0.93 N, contact=False
[sac_runtime_controller-7] [INFO] [1786435619.226343414] [rl_hole_search_controller]: INSERTING: dx=0.0161 m, depth=0.0161 m, YZ=(-0.4363, 0.5728) m, YZ_ref=(-0.4362, 0.5720) m, center_error_YZ_mm=(-0.144, 0.807), vx=0.0097 m/s, Fx=0.62 N, contact=False
[sac_runtime_controller-7] [INFO] [1786435620.366275856] [rl_hole_search_controller]: INSERTING: dx=0.0168 m, depth=0.0169 m, YZ=(-0.4360, 0.5720) m, YZ_ref=(-0.4362, 0.5720) m, center_error_YZ_mm=(0.142, 0.009), vx=0.0051 m/s, Fx=0.29 N, contact=False
[sac_runtime_controller-7] [INFO] [1786435621.395376476] [rl_hole_search_controller]: INSERTING: dx=0.0172 m, depth=0.0172 m, YZ=(-0.4349, 0.5708) m, YZ_ref=(-0.4362, 0.5720) m, center_error_YZ_mm=(1.305, -1.164), vx=-0.0040 m/s, Fx=0.00 N, contact=False
[sac_runtime_controller-7] [INFO] [1786435622.485916541] [rl_hole_search_controller]: INSERTING: dx=0.0173 m, depth=0.0173 m, YZ=(-0.4359, 0.5723) m, YZ_ref=(-0.4362, 0.5720) m, center_error_YZ_mm=(0.223, 0.278), vx=-0.0117 m/s, Fx=-0.03 N, contact=False
[sac_runtime_controller-7] [INFO] [1786435622.898338163] [rl_hole_search_controller]: INSERT_HOLDING: target depth confirmed at 0.0172 m; joint velocity=0.093 rad/s; tool velocity=0.010 m/s; captured current joints and starting MIT-equivalent hold
[sac_runtime_controller-7] [INFO] [1786435623.774895301] [rl_hole_search_controller]: INSERT_HOLDING: MIT joint lock, dx=0.0170 m, depth=0.0171 m, YZ=(-0.4361, 0.5720) m, ramp=1.00, q_error_max=0.0005 rad, dq_max=0.0041 rad/s, tau_max=0.01 Nm, hold_force_max=0.05 N, tip_centered_YZ=True, contact=False
[sac_runtime_controller-7] [INFO] [1786435624.922054821] [rl_hole_search_controller]: INSERT_HOLDING: MIT joint lock, dx=0.0170 m, depth=0.0171 m, YZ=(-0.4361, 0.5720) m, ramp=1.00, q_error_max=0.0005 rad, dq_max=0.0000 rad/s, tau_max=0.00 Nm, hold_force_max=0.05 N, tip_centered_YZ=True, contact=False
[sac_runtime_controller-7] [INFO] [1786435625.443877580] [rl_hole_search_controller]: INSERT_HOLDING complete: physical geometry confirmed; depth=0.0171 m, tip_error_YZ_mm=(0.053, -0.004), entry_error_YZ_mm=(0.383, -0.115), tilt=1.17 deg; Episode is an assembly success
[sac_runtime_controller-7] [INFO] [1786435625.489980118] [rl_hole_search_controller]: RESETTING episode=70, dataset_index=69, offset_yz_mm=(1.289, 0.407)
[sac_runtime_controller-7] [INFO] [1786435625.492184463] [rl_hole_search_controller]: RESETTING: joint_error=0.1599 rad, joint_velocity=0.0003 rad/s
[sac_runtime_controller-7] [INFO] [1786435625.915870693] [rl_hole_search_controller]: RESETTING: 固定外边界板面及真实深方孔已重建，WORLD_HOLE_XYZ=(0.33220, -0.43565, 0.57260) m, HOLE_YZ_ref=(-0.4356, 0.5726) m
[sac_runtime_controller-7] [INFO] [1786435626.376470990] [rl_hole_search_controller]: RESET complete; starting original HOLDING state
[sac_runtime_controller-7] [INFO] [1786435626.379418615] [rl_hole_search_controller]: HOLDING: center=[ 0.3237858  -0.43636146  0.57139013]
[sac_runtime_controller-7] [INFO] [1786435626.381569761] [rl_hole_search_controller]: HOLDING: dx=0.0000 m, depth=0.0001 m, YZ=(-0.4364, 0.5714) m, YZ_ref=(-0.4364, 0.5714) m, center_error_YZ_mm=(-0.716, -1.214), vx=-0.0003 m/s, Fx=-0.09 N, contact=True
[sac_runtime_controller-7] [INFO] [1786435626.384306293] [rl_hole_search_controller]: HOLDING: reset tool tilt=0.01 deg
[sac_runtime_controller-7] [INFO] [1786435627.597262630] [rl_hole_search_controller]: HOLDING: dx=0.0000 m, depth=0.0001 m, YZ=(-0.4342, 0.5689) m, YZ_ref=(-0.4364, 0.5714) m, center_error_YZ_mm=(1.435, -3.661), vx=0.0107 m/s, Fx=-0.32 N, contact=True
[sac_runtime_controller-7] [INFO] [1786435628.859209122] [rl_hole_search_controller]: HOLDING: dx=-0.0001 m, depth=0.0000 m, YZ=(-0.4317, 0.5682) m, YZ_ref=(-0.4364, 0.5714) m, center_error_YZ_mm=(3.918, -4.408), vx=0.0155 m/s, Fx=-0.32 N, contact=True
[sac_runtime_controller-7] [INFO] [1786435630.226403546] [rl_hole_search_controller]: HOLDING: dx=-0.0004 m, depth=-0.0003 m, YZ=(-0.4367, 0.5758) m, YZ_ref=(-0.4364, 0.5714) m, center_error_YZ_mm=(-1.015, 3.151), vx=0.0197 m/s, Fx=0.00 N, contact=False
[sac_runtime_controller-7] [INFO] [1786435631.339717864] [rl_hole_search_controller]: HOLDING: dx=-0.0005 m, depth=-0.0004 m, YZ=(-0.4346, 0.5707) m, YZ_ref=(-0.4364, 0.5714) m, center_error_YZ_mm=(1.015, -1.890), vx=-0.0111 m/s, Fx=0.00 N, contact=False
[sac_runtime_controller-7] [INFO] [1786435632.575621276] [rl_hole_search_controller]: APPROACHING: ramping world-X contact force
[sac_runtime_controller-7] [INFO] [1786435632.584808645] [rl_hole_search_controller]: APPROACHING: dx=-0.0000 m, depth=0.0001 m, YZ=(-0.4345, 0.5703) m, YZ_ref=(-0.4364, 0.5714) m, center_error_YZ_mm=(1.118, -2.276), vx=0.0018 m/s, Fx=-0.09 N, contact=True
[sac_runtime_controller-7] [INFO] [1786435633.712554077] [rl_hole_search_controller]: APPROACHING: dx=0.0005 m, depth=0.0006 m, YZ=(-0.4364, 0.5736) m, YZ_ref=(-0.4364, 0.5714) m, center_error_YZ_mm=(-0.764, 1.016), vx=0.0012 m/s, Fx=0.40 N, contact=True
[sac_runtime_controller-7] [INFO] [1786435634.141347451] [rl_hole_search_controller]: SEARCHING: contact at X=0.3245; YZ spiral started
[sac_runtime_controller-7] [INFO] [1786435634.884954772] [rl_hole_search_controller]: SEARCHING: dx=0.0006 m, depth=0.0007 m, YZ=(-0.4335, 0.5692) m, YZ_ref=(-0.4339, 0.5721) m, center_error_YZ_mm=(2.133, -3.392), vx=-0.0034 m/s, Fx=0.27 N, contact=True
[sac_runtime_controller-7] [INFO] [1786435635.691099509] [rl_hole_search_controller]: INSERTING: hole alignment/entry detected at 0.0006 m; centering YZ and inserting to 0.0170 m
[sac_runtime_controller-7] [INFO] [1786435635.694125632] [rl_hole_search_controller]: INSERTING handoff: HOLE_YZ_ref=(-0.4356, 0.5726) m, tool_YZ=(-0.4353, 0.5727) m, center_error_YZ_mm=(0.315, 0.076), tool_tilt=0.25 deg
[sac_runtime_controller-7] [INFO] [1786435635.985849963] [rl_hole_search_controller]: INSERTING: dx=0.0009 m, depth=0.0010 m, YZ=(-0.4357, 0.5736) m, YZ_ref=(-0.4356, 0.5726) m, center_error_YZ_mm=(-0.104, 1.019), vx=0.0066 m/s, Fx=1.21 N, contact=False
[sac_runtime_controller-7] [INFO] [1786435637.056162817] [rl_hole_search_controller]: INSERTING: dx=0.0032 m, depth=0.0033 m, YZ=(-0.4349, 0.5735) m, YZ_ref=(-0.4356, 0.5726) m, center_error_YZ_mm=(0.702, 0.847), vx=0.0013 m/s, Fx=1.17 N, contact=False
[sac_runtime_controller-7] [INFO] [1786435638.104010429] [rl_hole_search_controller]: INSERTING: dx=0.0049 m, depth=0.0050 m, YZ=(-0.4356, 0.5728) m, YZ_ref=(-0.4356, 0.5726) m, center_error_YZ_mm=(0.023, 0.163), vx=-0.0017 m/s, Fx=1.20 N, contact=False
[sac_runtime_controller-7] [INFO] [1786435639.178888249] [rl_hole_search_controller]: INSERTING: dx=0.0072 m, depth=0.0073 m, YZ=(-0.4347, 0.5729) m, YZ_ref=(-0.4356, 0.5726) m, center_error_YZ_mm=(0.949, 0.288), vx=-0.0048 m/s, Fx=1.18 N, contact=False
[sac_runtime_controller-7] [INFO] [1786435640.310292531] [rl_hole_search_controller]: INSERTING: dx=0.0089 m, depth=0.0090 m, YZ=(-0.4355, 0.5739) m, YZ_ref=(-0.4356, 0.5726) m, center_error_YZ_mm=(0.100, 1.289), vx=-0.0042 m/s, Fx=1.20 N, contact=False
[sac_runtime_controller-7] [INFO] [1786435641.433784201] [rl_hole_search_controller]: INSERTING: dx=0.0104 m, depth=0.0105 m, YZ=(-0.4356, 0.5736) m, YZ_ref=(-0.4356, 0.5726) m, center_error_YZ_mm=(0.013, 0.999), vx=0.0061 m/s, Fx=1.20 N, contact=False
[sac_runtime_controller-7] [INFO] [1786435642.549830951] [rl_hole_search_controller]: INSERTING: dx=0.0124 m, depth=0.0125 m, YZ=(-0.4350, 0.5731) m, YZ_ref=(-0.4356, 0.5726) m, center_error_YZ_mm=(0.654, 0.471), vx=0.0004 m/s, Fx=1.17 N, contact=False
[sac_runtime_controller-7] [INFO] [1786435643.633767702] [rl_hole_search_controller]: INSERTING: dx=0.0140 m, depth=0.0141 m, YZ=(-0.4351, 0.5731) m, YZ_ref=(-0.4356, 0.5726) m, center_error_YZ_mm=(0.520, 0.540), vx=0.0111 m/s, Fx=1.17 N, contact=False
[sac_runtime_controller-7] [INFO] [1786435644.765765131] [rl_hole_search_controller]: INSERTING: dx=0.0167 m, depth=0.0168 m, YZ=(-0.4352, 0.5732) m, YZ_ref=(-0.4356, 0.5726) m, center_error_YZ_mm=(0.438, 0.549), vx=-0.0059 m/s, Fx=0.34 N, contact=False
[sac_runtime_controller-7] [INFO] [1786435645.901318460] [rl_hole_search_controller]: INSERTING: dx=0.0168 m, depth=0.0169 m, YZ=(-0.4351, 0.5724) m, YZ_ref=(-0.4356, 0.5726) m, center_error_YZ_mm=(0.537, -0.210), vx=0.0006 m/s, Fx=0.24 N, contact=False
[sac_runtime_controller-7] [INFO] [1786435646.965911277] [rl_hole_search_controller]: INSERTING: dx=0.0170 m, depth=0.0171 m, YZ=(-0.4347, 0.5723) m, YZ_ref=(-0.4356, 0.5726) m, center_error_YZ_mm=(0.929, -0.279), vx=0.0123 m/s, Fx=0.04 N, contact=False
[sac_runtime_controller-7] [INFO] [1786435648.026904178] [rl_hole_search_controller]: INSERTING: dx=0.0171 m, depth=0.0172 m, YZ=(-0.4347, 0.5720) m, YZ_ref=(-0.4356, 0.5726) m, center_error_YZ_mm=(0.902, -0.568), vx=0.0117 m/s, Fx=-0.06 N, contact=False
[sac_runtime_controller-7] [INFO] [1786435648.234814305] [rl_hole_search_controller]: INSERT_HOLDING: target depth confirmed at 0.0171 m; joint velocity=0.112 rad/s; tool velocity=0.007 m/s; captured current joints and starting MIT-equivalent hold
[sac_runtime_controller-7] [INFO] [1786435649.172432525] [rl_hole_search_controller]: INSERT_HOLDING: MIT joint lock, dx=0.0169 m, depth=0.0170 m, YZ=(-0.4356, 0.5726) m, ramp=1.00, q_error_max=0.0005 rad, dq_max=0.0001 rad/s, tau_max=0.00 Nm, hold_force_max=0.05 N, tip_centered_YZ=True, contact=False
[sac_runtime_controller-7] [INFO] [1786435650.407464792] [rl_hole_search_controller]: INSERT_HOLDING: MIT joint lock, dx=0.0169 m, depth=0.0170 m, YZ=(-0.4356, 0.5726) m, ramp=1.00, q_error_max=0.0005 rad, dq_max=0.0000 rad/s, tau_max=0.00 Nm, hold_force_max=0.05 N, tip_centered_YZ=True, contact=False
[sac_runtime_controller-7] [INFO] [1786435650.643925991] [rl_hole_search_controller]: INSERT_HOLDING complete: physical geometry confirmed; depth=0.0170 m, tip_error_YZ_mm=(0.055, 0.019), entry_error_YZ_mm=(0.296, 0.062), tilt=0.83 deg; Episode is an assembly success
[sac_runtime_controller-7] [INFO] [1786435650.679308793] [rl_hole_search_controller]: RESETTING episode=71, dataset_index=70, offset_yz_mm=(0.889, 1.267)
[sac_runtime_controller-7] [INFO] [1786435650.681872828] [rl_hole_search_controller]: RESETTING: joint_error=0.1587 rad, joint_velocity=0.0003 rad/s
[sac_runtime_controller-7] [INFO] [1786435651.104031614] [rl_hole_search_controller]: RESETTING: 固定外边界板面及真实深方孔已重建，WORLD_HOLE_XYZ=(0.33220, -0.43596, 0.57328) m, HOLE_YZ_ref=(-0.4360, 0.5733) m
[sac_runtime_controller-7] [INFO] [1786435651.530311694] [rl_hole_search_controller]: RESET complete; starting original HOLDING state
[sac_runtime_controller-7] [INFO] [1786435651.532336543] [rl_hole_search_controller]: HOLDING: center=[ 0.32378569 -0.43636447  0.57139573]
[sac_runtime_controller-7] [INFO] [1786435651.534296893] [rl_hole_search_controller]: HOLDING: reset tool tilt=0.01 deg
[sac_runtime_controller-7] [INFO] [1786435651.550427383] [rl_hole_search_controller]: HOLDING: dx=-0.0000 m, depth=0.0001 m, YZ=(-0.4364, 0.5714) m, YZ_ref=(-0.4364, 0.5714) m, center_error_YZ_mm=(-0.401, -1.889), vx=-0.0003 m/s, Fx=-0.08 N, contact=True
[sac_runtime_controller-7] [INFO] [1786435652.931277226] [rl_hole_search_controller]: HOLDING: dx=-0.0009 m, depth=-0.0008 m, YZ=(-0.4356, 0.5731) m, YZ_ref=(-0.4364, 0.5714) m, center_error_YZ_mm=(0.318, -0.205), vx=-0.0128 m/s, Fx=0.00 N, contact=False
[sac_runtime_controller-7] [INFO] [1786435654.063973057] [rl_hole_search_controller]: HOLDING: dx=-0.0009 m, depth=-0.0008 m, YZ=(-0.4395, 0.5743) m, YZ_ref=(-0.4364, 0.5714) m, center_error_YZ_mm=(-3.523, 0.986), vx=-0.0081 m/s, Fx=0.00 N, contact=False
[sac_runtime_controller-7] [INFO] [1786435655.171439021] [rl_hole_search_controller]: HOLDING: dx=0.0001 m, depth=0.0002 m, YZ=(-0.4357, 0.5726) m, YZ_ref=(-0.4364, 0.5714) m, center_error_YZ_mm=(0.255, -0.638), vx=0.0210 m/s, Fx=-0.60 N, contact=True
[sac_runtime_controller-7] [INFO] [1786435656.339291640] [rl_hole_search_controller]: HOLDING: dx=-0.0007 m, depth=-0.0006 m, YZ=(-0.4377, 0.5726) m, YZ_ref=(-0.4364, 0.5714) m, center_error_YZ_mm=(-1.708, -0.675), vx=-0.0099 m/s, Fx=0.00 N, contact=False
[sac_runtime_controller-7] [INFO] [1786435657.454131297] [rl_hole_search_controller]: APPROACHING: ramping world-X contact force
[sac_runtime_controller-7] [INFO] [1786435657.476175836] [rl_hole_search_controller]: APPROACHING: dx=-0.0007 m, depth=-0.0006 m, YZ=(-0.4394, 0.5742) m, YZ_ref=(-0.4364, 0.5714) m, center_error_YZ_mm=(-3.445, 0.949), vx=0.0051 m/s, Fx=0.02 N, contact=False
[sac_runtime_controller-7] [INFO] [1786435658.580343656] [rl_hole_search_controller]: APPROACHING: dx=0.0007 m, depth=0.0007 m, YZ=(-0.4371, 0.5742) m, YZ_ref=(-0.4364, 0.5714) m, center_error_YZ_mm=(-1.138, 0.904), vx=0.0057 m/s, Fx=0.15 N, contact=True
[sac_runtime_controller-7] [INFO] [1786435658.885024506] [rl_hole_search_controller]: SEARCHING: contact at X=0.3243; YZ spiral started
[sac_runtime_controller-7] [INFO] [1786435659.733132630] [rl_hole_search_controller]: SEARCHING: dx=0.0006 m, depth=0.0007 m, YZ=(-0.4363, 0.5753) m, YZ_ref=(-0.4382, 0.5737) m, center_error_YZ_mm=(-0.362, 2.045), vx=0.0112 m/s, Fx=0.08 N, contact=True
[sac_runtime_controller-7] [INFO] [1786435659.809347791] [rl_hole_search_controller]: INSERTING: hole alignment/entry detected at 0.0009 m; centering YZ and inserting to 0.0170 m
[sac_runtime_controller-7] [INFO] [1786435659.811530635] [rl_hole_search_controller]: INSERTING handoff: HOLE_YZ_ref=(-0.4360, 0.5733) m, tool_YZ=(-0.4357, 0.5738) m, center_error_YZ_mm=(0.230, 0.478), tool_tilt=0.83 deg
[sac_runtime_controller-7] [INFO] [1786435660.915122551] [rl_hole_search_controller]: INSERTING: dx=0.0035 m, depth=0.0036 m, YZ=(-0.4335, 0.5703) m, YZ_ref=(-0.4360, 0.5733) m, center_error_YZ_mm=(2.467, -2.965), vx=0.0095 m/s, Fx=1.09 N, contact=False
[sac_runtime_controller-7] [INFO] [1786435662.051582820] [rl_hole_search_controller]: INSERTING: dx=0.0051 m, depth=0.0052 m, YZ=(-0.4364, 0.5743) m, YZ_ref=(-0.4360, 0.5733) m, center_error_YZ_mm=(-0.399, 1.067), vx=-0.0026 m/s, Fx=1.21 N, contact=False
[sac_runtime_controller-7] [INFO] [1786435663.199265394] [rl_hole_search_controller]: INSERTING: dx=0.0076 m, depth=0.0076 m, YZ=(-0.4358, 0.5733) m, YZ_ref=(-0.4360, 0.5733) m, center_error_YZ_mm=(0.118, -0.014), vx=0.0078 m/s, Fx=1.18 N, contact=False
[sac_runtime_controller-7] [INFO] [1786435664.307766557] [rl_hole_search_controller]: INSERTING: dx=0.0096 m, depth=0.0097 m, YZ=(-0.4354, 0.5739) m, YZ_ref=(-0.4360, 0.5733) m, center_error_YZ_mm=(0.605, 0.622), vx=0.0007 m/s, Fx=1.20 N, contact=False
[sac_runtime_controller-7] [INFO] [1786435665.404862102] [rl_hole_search_controller]: INSERTING: dx=0.0116 m, depth=0.0117 m, YZ=(-0.4363, 0.5743) m, YZ_ref=(-0.4360, 0.5733) m, center_error_YZ_mm=(-0.344, 1.066), vx=-0.0097 m/s, Fx=1.21 N, contact=False
[sac_runtime_controller-7] [INFO] [1786435666.700194184] [rl_hole_search_controller]: INSERTING: dx=0.0169 m, depth=0.0169 m, YZ=(-0.4340, 0.5728) m, YZ_ref=(-0.4360, 0.5733) m, center_error_YZ_mm=(1.986, -0.497), vx=0.0738 m/s, Fx=0.28 N, contact=False
[sac_runtime_controller-7] [INFO] [1786435667.956849740] [rl_hole_search_controller]: INSERTING: dx=0.0188 m, depth=0.0188 m, YZ=(-0.4348, 0.5723) m, YZ_ref=(-0.4360, 0.5733) m, center_error_YZ_mm=(1.185, -0.936), vx=-0.1121 m/s, Fx=-1.35 N, contact=False
[sac_runtime_controller-7] [INFO] [1786435669.540108851] [rl_hole_search_controller]: INSERTING: dx=0.0137 m, depth=0.0138 m, YZ=(-0.4264, 0.5697) m, YZ_ref=(-0.4360, 0.5733) m, center_error_YZ_mm=(9.563, -3.628), vx=0.0412 m/s, Fx=1.63 N, contact=False
[sac_runtime_controller-7] [INFO] [1786435669.722123907] [rl_hole_search_controller]: FAULT: max insertion depth exceeded: 0.0203 m
[sac_runtime_controller-7] [INFO] [1786435669.745277816] [rl_hole_search_controller]: RESETTING episode=72, dataset_index=71, offset_yz_mm=(0.956, -0.139)
[sac_runtime_controller-7] [INFO] [1786435669.751518957] [rl_hole_search_controller]: RESETTING: joint_error=0.1887 rad, joint_velocity=2.6999 rad/s
[sac_runtime_controller-7] [INFO] [1786435670.449578043] [rl_hole_search_controller]: RESETTING: 固定外边界板面及真实深方孔已重建，WORLD_HOLE_XYZ=(0.33220, -0.43509, 0.56967) m, HOLE_YZ_ref=(-0.4351, 0.5697) m
[sac_runtime_controller-7] [INFO] [1786435671.095348362] [rl_hole_search_controller]: RESET complete; starting original HOLDING state
[sac_runtime_controller-7] [INFO] [1786435671.098839372] [rl_hole_search_controller]: HOLDING: center=[ 0.32379547 -0.43640658  0.57151882]
[sac_runtime_controller-7] [INFO] [1786435671.103625150] [rl_hole_search_controller]: HOLDING: reset tool tilt=0.01 deg
[sac_runtime_controller-7] [INFO] [1786435671.290690574] [rl_hole_search_controller]: HOLDING: dx=-0.0000 m, depth=0.0001 m, YZ=(-0.4358, 0.5715) m, YZ_ref=(-0.4364, 0.5715) m, center_error_YZ_mm=(-0.740, 1.870), vx=0.0065 m/s, Fx=-0.21 N, contact=True
[sac_runtime_controller-7] [INFO] [1786435672.700321280] [rl_hole_search_controller]: HOLDING: dx=-0.0009 m, depth=-0.0008 m, YZ=(-0.4335, 0.5736) m, YZ_ref=(-0.4364, 0.5715) m, center_error_YZ_mm=(1.615, 3.941), vx=-0.0190 m/s, Fx=0.00 N, contact=False
[sac_runtime_controller-7] [INFO] [1786435674.249932095] [rl_hole_search_controller]: HOLDING: dx=-0.0008 m, depth=-0.0007 m, YZ=(-0.4347, 0.5692) m, YZ_ref=(-0.4364, 0.5715) m, center_error_YZ_mm=(0.365, -0.474), vx=0.0579 m/s, Fx=0.00 N, contact=False
[sac_runtime_controller-7] [INFO] [1786435675.641117743] [rl_hole_search_controller]: HOLDING: dx=-0.0012 m, depth=-0.0011 m, YZ=(-0.4376, 0.5466) m, YZ_ref=(-0.4364, 0.5715) m, center_error_YZ_mm=(-2.476, -23.035), vx=-0.1959 m/s, Fx=0.00 N, contact=False
[sac_runtime_controller-7] [INFO] [1786435677.318305370] [rl_hole_search_controller]: HOLDING: dx=-0.0013 m, depth=-0.0012 m, YZ=(-0.4185, 0.5646) m, YZ_ref=(-0.4364, 0.5715) m, center_error_YZ_mm=(16.573, -5.051), vx=0.0641 m/s, Fx=0.00 N, contact=False
[sac_runtime_controller-7] [INFO] [1786435678.562344851] [rl_hole_search_controller]: APPROACHING: ramping world-X contact force
[sac_runtime_controller-7] [INFO] [1786435678.710870953] [rl_hole_search_controller]: APPROACHING: dx=-0.0033 m, depth=-0.0032 m, YZ=(-0.4373, 0.5509) m, YZ_ref=(-0.4364, 0.5715) m, center_error_YZ_mm=(-2.223, -18.784), vx=-0.0601 m/s, Fx=0.12 N, contact=False
[sac_runtime_controller-7] [INFO] [1786435680.241890983] [rl_hole_search_controller]: APPROACHING: dx=-0.0043 m, depth=-0.0042 m, YZ=(-0.4012, 0.5540) m, YZ_ref=(-0.4364, 0.5715) m, center_error_YZ_mm=(33.938, -15.661), vx=-0.0351 m/s, Fx=1.00 N, contact=False
[sac_runtime_controller-7] [INFO] [1786435681.534194908] [rl_hole_search_controller]: APPROACHING: dx=0.0011 m, depth=0.0012 m, YZ=(-0.4357, 0.5757) m, YZ_ref=(-0.4364, 0.5715) m, center_error_YZ_mm=(-0.577, 6.077), vx=0.1633 m/s, Fx=-2.00 N, contact=True
[sac_runtime_controller-7] [INFO] [1786435682.638129046] [rl_hole_search_controller]: SEARCHING: contact at X=0.3253; YZ spiral started
[sac_runtime_controller-7] [INFO] [1786435682.823061110] [rl_hole_search_controller]: SEARCHING: dx=0.0014 m, depth=0.0014 m, YZ=(-0.4328, 0.5723) m, YZ_ref=(-0.4347, 0.5747) m, center_error_YZ_mm=(2.272, 2.621), vx=0.0123 m/s, Fx=-0.69 N, contact=True
[sac_runtime_controller-7] [INFO] [1786435683.974580321] [rl_hole_search_controller]: INSERTING: hole alignment/entry detected at 0.0006 m; centering YZ and inserting to 0.0170 m
[sac_runtime_controller-7] [INFO] [1786435683.978248027] [rl_hole_search_controller]: INSERTING handoff: HOLE_YZ_ref=(-0.4351, 0.5697) m, tool_YZ=(-0.4350, 0.5694) m, center_error_YZ_mm=(0.118, -0.290), tool_tilt=1.82 deg
[sac_runtime_controller-7] [WARN] [1786435683.979345998] [rl_hole_search_controller]: INSERTING rejected: tool tilt 1.82 deg exceeds 1.50 deg; Episode will reset
[sac_runtime_controller-7] [INFO] [1786435684.016645544] [rl_hole_search_controller]: RESETTING episode=73, dataset_index=72, offset_yz_mm=(-2.342, 1.906)
[sac_runtime_controller-7] [INFO] [1786435684.018946785] [rl_hole_search_controller]: RESETTING: joint_error=0.0265 rad, joint_velocity=0.0747 rad/s
[sac_runtime_controller-7] [INFO] [1786435684.164648952] [rl_hole_search_controller]: RESETTING: 固定外边界板面及真实深方孔已重建，WORLD_HOLE_XYZ=(0.33220, -0.43797, 0.57487) m, HOLE_YZ_ref=(-0.4380, 0.5749) m
[sac_runtime_controller-7] [INFO] [1786435684.959205196] [rl_hole_search_controller]: RESET complete; starting original HOLDING state
[sac_runtime_controller-7] [INFO] [1786435684.966484110] [rl_hole_search_controller]: HOLDING: center=[ 0.32375381 -0.43634444  0.5713947 ]
[sac_runtime_controller-7] [INFO] [1786435684.969392735] [rl_hole_search_controller]: HOLDING: dx=0.0000 m, depth=0.0001 m, YZ=(-0.4363, 0.5714) m, YZ_ref=(-0.4363, 0.5714) m, center_error_YZ_mm=(1.626, -3.471), vx=0.0000 m/s, Fx=-0.05 N, contact=True
[sac_runtime_controller-7] [INFO] [1786435684.974448006] [rl_hole_search_controller]: HOLDING: reset tool tilt=0.00 deg
[sac_runtime_controller-7] [INFO] [1786435686.194453438] [rl_hole_search_controller]: HOLDING: dx=-0.0001 m, depth=-0.0000 m, YZ=(-0.4360, 0.5719) m, YZ_ref=(-0.4363, 0.5714) m, center_error_YZ_mm=(1.956, -2.973), vx=-0.0023 m/s, Fx=0.00 N, contact=True
[sac_runtime_controller-7] [INFO] [1786435687.399076455] [rl_hole_search_controller]: HOLDING: dx=-0.0006 m, depth=-0.0005 m, YZ=(-0.4365, 0.5677) m, YZ_ref=(-0.4363, 0.5714) m, center_error_YZ_mm=(1.438, -7.140), vx=-0.0086 m/s, Fx=0.00 N, contact=False
[sac_runtime_controller-7] [INFO] [1786435688.617870700] [rl_hole_search_controller]: HOLDING: dx=-0.0004 m, depth=-0.0004 m, YZ=(-0.4404, 0.5770) m, YZ_ref=(-0.4363, 0.5714) m, center_error_YZ_mm=(-2.434, 2.128), vx=-0.0060 m/s, Fx=0.00 N, contact=False
[sac_runtime_controller-7] [INFO] [1786435689.746562146] [rl_hole_search_controller]: HOLDING: dx=-0.0003 m, depth=-0.0003 m, YZ=(-0.4375, 0.5716) m, YZ_ref=(-0.4363, 0.5714) m, center_error_YZ_mm=(0.482, -3.298), vx=0.0006 m/s, Fx=0.00 N, contact=False
[sac_runtime_controller-7] [INFO] [1786435690.846996309] [rl_hole_search_controller]: APPROACHING: ramping world-X contact force
[sac_runtime_controller-7] [INFO] [1786435690.856109275] [rl_hole_search_controller]: APPROACHING: dx=-0.0004 m, depth=-0.0003 m, YZ=(-0.4379, 0.5714) m, YZ_ref=(-0.4363, 0.5714) m, center_error_YZ_mm=(0.062, -3.418), vx=-0.0044 m/s, Fx=0.01 N, contact=False
[sac_runtime_controller-7] [INFO] [1786435691.928358052] [rl_hole_search_controller]: APPROACHING: dx=0.0007 m, depth=0.0008 m, YZ=(-0.4350, 0.5716) m, YZ_ref=(-0.4363, 0.5714) m, center_error_YZ_mm=(2.932, -3.257), vx=0.0073 m/s, Fx=0.05 N, contact=True
[sac_runtime_controller-7] [INFO] [1786435692.451618718] [rl_hole_search_controller]: SEARCHING: contact at X=0.3246; YZ spiral started
[sac_runtime_controller-7] [INFO] [1786435692.893106282] [rl_hole_search_controller]: INSERTING: hole alignment/entry detected at 0.0007 m; centering YZ and inserting to 0.0170 m
[sac_runtime_controller-7] [INFO] [1786435692.895243528] [rl_hole_search_controller]: INSERTING handoff: HOLE_YZ_ref=(-0.4380, 0.5749) m, tool_YZ=(-0.4384, 0.5744) m, center_error_YZ_mm=(-0.474, -0.482), tool_tilt=0.61 deg
[sac_runtime_controller-7] [INFO] [1786435693.045148478] [rl_hole_search_controller]: INSERTING: dx=0.0014 m, depth=0.0014 m, YZ=(-0.4374, 0.5740) m, YZ_ref=(-0.4380, 0.5749) m, center_error_YZ_mm=(0.582, -0.911), vx=0.0009 m/s, Fx=1.15 N, contact=False
[sac_runtime_controller-7] [INFO] [1786435694.165697598] [rl_hole_search_controller]: INSERTING: dx=0.0035 m, depth=0.0036 m, YZ=(-0.4370, 0.5752) m, YZ_ref=(-0.4380, 0.5749) m, center_error_YZ_mm=(0.926, 0.345), vx=0.0044 m/s, Fx=1.17 N, contact=False
[sac_runtime_controller-7] [INFO] [1786435695.283062392] [rl_hole_search_controller]: INSERTING: dx=0.0055 m, depth=0.0055 m, YZ=(-0.4380, 0.5759) m, YZ_ref=(-0.4380, 0.5749) m, center_error_YZ_mm=(-0.006, 1.037), vx=0.0044 m/s, Fx=1.19 N, contact=False
[sac_runtime_controller-7] [INFO] [1786435696.334597369] [rl_hole_search_controller]: INSERTING: dx=0.0074 m, depth=0.0074 m, YZ=(-0.4372, 0.5749) m, YZ_ref=(-0.4380, 0.5749) m, center_error_YZ_mm=(0.803, 0.036), vx=-0.0001 m/s, Fx=1.16 N, contact=False
[sac_runtime_controller-7] [INFO] [1786435697.500421900] [rl_hole_search_controller]: INSERTING: dx=0.0093 m, depth=0.0093 m, YZ=(-0.4369, 0.5750) m, YZ_ref=(-0.4380, 0.5749) m, center_error_YZ_mm=(1.098, 0.110), vx=0.0001 m/s, Fx=1.19 N, contact=False
[sac_runtime_controller-7] [INFO] [1786435698.573757700] [rl_hole_search_controller]: INSERTING: dx=0.0108 m, depth=0.0108 m, YZ=(-0.4379, 0.5757) m, YZ_ref=(-0.4380, 0.5749) m, center_error_YZ_mm=(0.043, 0.796), vx=-0.0024 m/s, Fx=1.20 N, contact=False
[sac_runtime_controller-7] [INFO] [1786435699.693025612] [rl_hole_search_controller]: INSERTING: dx=0.0127 m, depth=0.0128 m, YZ=(-0.4378, 0.5755) m, YZ_ref=(-0.4380, 0.5749) m, center_error_YZ_mm=(0.220, 0.657), vx=0.0007 m/s, Fx=1.18 N, contact=False
[sac_runtime_controller-7] [INFO] [1786435700.825163983] [rl_hole_search_controller]: INSERTING: dx=0.0147 m, depth=0.0148 m, YZ=(-0.4373, 0.5753) m, YZ_ref=(-0.4380, 0.5749) m, center_error_YZ_mm=(0.648, 0.442), vx=0.0074 m/s, Fx=1.17 N, contact=False
[sac_runtime_controller-7] [INFO] [1786435701.881418100] [rl_hole_search_controller]: INSERTING: dx=0.0163 m, depth=0.0163 m, YZ=(-0.4369, 0.5745) m, YZ_ref=(-0.4380, 0.5749) m, center_error_YZ_mm=(1.112, -0.398), vx=0.0048 m/s, Fx=0.52 N, contact=False
[sac_runtime_controller-7] [INFO] [1786435702.931568067] [rl_hole_search_controller]: INSERTING: dx=0.0167 m, depth=0.0168 m, YZ=(-0.4379, 0.5755) m, YZ_ref=(-0.4380, 0.5749) m, center_error_YZ_mm=(0.094, 0.632), vx=-0.0016 m/s, Fx=0.35 N, contact=False
[sac_runtime_controller-7] [INFO] [1786435704.017856194] [rl_hole_search_controller]: INSERTING: dx=0.0170 m, depth=0.0170 m, YZ=(-0.4379, 0.5750) m, YZ_ref=(-0.4380, 0.5749) m, center_error_YZ_mm=(0.059, 0.102), vx=-0.0086 m/s, Fx=0.21 N, contact=False
[sac_runtime_controller-7] [INFO] [1786435705.120758886] [rl_hole_search_controller]: INSERTING: dx=0.0167 m, depth=0.0168 m, YZ=(-0.4384, 0.5761) m, YZ_ref=(-0.4380, 0.5749) m, center_error_YZ_mm=(-0.395, 1.253), vx=0.0163 m/s, Fx=0.27 N, contact=False
[sac_runtime_controller-7] [INFO] [1786435705.846195896] [rl_hole_search_controller]: INSERT_HOLDING: target depth confirmed at 0.0171 m; joint velocity=0.123 rad/s; tool velocity=0.003 m/s; captured current joints and starting MIT-equivalent hold
[sac_runtime_controller-7] [INFO] [1786435706.225466023] [rl_hole_search_controller]: INSERT_HOLDING: MIT joint lock, dx=0.0170 m, depth=0.0171 m, YZ=(-0.4379, 0.5749) m, ramp=1.00, q_error_max=0.0016 rad, dq_max=0.0150 rad/s, tau_max=0.02 Nm, hold_force_max=0.04 N, tip_centered_YZ=True, contact=False
[sac_runtime_controller-7] [INFO] [1786435707.292018135] [rl_hole_search_controller]: INSERT_HOLDING: MIT joint lock, dx=0.0170 m, depth=0.0170 m, YZ=(-0.4379, 0.5749) m, ramp=1.00, q_error_max=0.0004 rad, dq_max=0.0000 rad/s, tau_max=0.00 Nm, hold_force_max=0.04 N, tip_centered_YZ=True, contact=False
[sac_runtime_controller-7] [WARN] [1786435707.987824998] [rl_hole_search_controller]: INSERT_HOLDING failed physical geometry check: depth=0.0170 m, tip_error_YZ_mm=(0.044, -0.012), entry_error_YZ_mm=(0.598, -0.394), tilt=2.26 deg; Episode will reset
[sac_runtime_controller-7] [INFO] [1786435708.002051432] [rl_hole_search_controller]: RESETTING episode=74, dataset_index=73, offset_yz_mm=(-2.978, -0.689)
[sac_runtime_controller-7] [INFO] [1786435708.005769836] [rl_hole_search_controller]: RESETTING: joint_error=0.1930 rad, joint_velocity=0.0001 rad/s
[sac_runtime_controller-7] [INFO] [1786435708.406317608] [rl_hole_search_controller]: RESETTING: 固定外边界板面及真实深方孔已重建，WORLD_HOLE_XYZ=(0.33220, -0.43999, 0.57134) m, HOLE_YZ_ref=(-0.4400, 0.5713) m
[sac_runtime_controller-7] [INFO] [1786435708.847985221] [rl_hole_search_controller]: RESET complete; starting original HOLDING state
[sac_runtime_controller-7] [INFO] [1786435708.849790674] [rl_hole_search_controller]: HOLDING: center=[ 0.32378677 -0.43637641  0.57139915]
[sac_runtime_controller-7] [INFO] [1786435708.851106240] [rl_hole_search_controller]: HOLDING: dx=0.0000 m, depth=0.0001 m, YZ=(-0.4364, 0.5714) m, YZ_ref=(-0.4364, 0.5714) m, center_error_YZ_mm=(3.612, 0.059), vx=-0.0003 m/s, Fx=-0.09 N, contact=True
[sac_runtime_controller-7] [INFO] [1786435708.853428180] [rl_hole_search_controller]: HOLDING: reset tool tilt=0.02 deg
[sac_runtime_controller-7] [INFO] [1786435709.941915708] [rl_hole_search_controller]: HOLDING: dx=-0.0003 m, depth=-0.0002 m, YZ=(-0.4362, 0.5701) m, YZ_ref=(-0.4364, 0.5714) m, center_error_YZ_mm=(3.744, -1.205), vx=-0.0064 m/s, Fx=0.00 N, contact=False
[sac_runtime_controller-7] [INFO] [1786435711.023826198] [rl_hole_search_controller]: HOLDING: dx=-0.0000 m, depth=0.0001 m, YZ=(-0.4359, 0.5722) m, YZ_ref=(-0.4364, 0.5714) m, center_error_YZ_mm=(4.102, 0.835), vx=0.0070 m/s, Fx=-0.21 N, contact=True
[sac_runtime_controller-7] [INFO] [1786435712.095799740] [rl_hole_search_controller]: HOLDING: dx=-0.0011 m, depth=-0.0010 m, YZ=(-0.4418, 0.5774) m, YZ_ref=(-0.4364, 0.5714) m, center_error_YZ_mm=(-1.850, 6.039), vx=0.0016 m/s, Fx=0.00 N, contact=False
[sac_runtime_controller-7] [INFO] [1786435713.177347325] [rl_hole_search_controller]: HOLDING: dx=-0.0002 m, depth=-0.0001 m, YZ=(-0.4374, 0.5716) m, YZ_ref=(-0.4364, 0.5714) m, center_error_YZ_mm=(2.541, 0.223), vx=-0.0015 m/s, Fx=0.00 N, contact=True
[sac_runtime_controller-7] [INFO] [1786435714.394401502] [rl_hole_search_controller]: APPROACHING: ramping world-X contact force
[sac_runtime_controller-7] [INFO] [1786435714.401595017] [rl_hole_search_controller]: APPROACHING: dx=-0.0003 m, depth=-0.0002 m, YZ=(-0.4351, 0.5698) m, YZ_ref=(-0.4364, 0.5714) m, center_error_YZ_mm=(4.866, -1.560), vx=0.0015 m/s, Fx=0.01 N, contact=False
[sac_runtime_controller-7] [INFO] [1786435715.524124527] [rl_hole_search_controller]: APPROACHING: dx=0.0009 m, depth=0.0010 m, YZ=(-0.4338, 0.5700) m, YZ_ref=(-0.4364, 0.5714) m, center_error_YZ_mm=(6.150, -1.303), vx=0.0005 m/s, Fx=0.00 N, contact=True
[sac_runtime_controller-7] [INFO] [1786435715.808614881] [rl_hole_search_controller]: SEARCHING: contact at X=0.3242; YZ spiral started
[sac_runtime_controller-7] [INFO] [1786435716.737197794] [rl_hole_search_controller]: SEARCHING: dx=0.0008 m, depth=0.0008 m, YZ=(-0.4375, 0.5798) m, YZ_ref=(-0.4401, 0.5754) m, center_error_YZ_mm=(2.500, 8.435), vx=-0.0098 m/s, Fx=0.15 N, contact=True
[sac_runtime_controller-7] [INFO] [1786435717.218709052] [rl_hole_search_controller]: RESETTING episode=75, dataset_index=74, offset_yz_mm=(2.567, 2.115)
[sac_runtime_controller-7] [INFO] [1786435717.221794572] [rl_hole_search_controller]: RESETTING: joint_error=0.0196 rad, joint_velocity=0.0340 rad/s
[sac_runtime_controller-7] [INFO] [1786435717.349723966] [rl_hole_search_controller]: RESETTING: 固定外边界板面及真实深方孔已重建，WORLD_HOLE_XYZ=(0.33220, -0.43561, 0.57793) m, HOLE_YZ_ref=(-0.4356, 0.5779) m
[sac_runtime_controller-7] [INFO] [1786435718.122449196] [rl_hole_search_controller]: RESET complete; starting original HOLDING state
[sac_runtime_controller-7] [INFO] [1786435718.128553638] [rl_hole_search_controller]: HOLDING: center=[ 0.32375626 -0.43636005  0.57143258]
[sac_runtime_controller-7] [INFO] [1786435718.130091399] [rl_hole_search_controller]: HOLDING: dx=0.0000 m, depth=0.0001 m, YZ=(-0.4364, 0.5714) m, YZ_ref=(-0.4364, 0.5714) m, center_error_YZ_mm=(-0.751, -6.502), vx=0.0001 m/s, Fx=-0.06 N, contact=True
[sac_runtime_controller-7] [INFO] [1786435718.132378540] [rl_hole_search_controller]: HOLDING: reset tool tilt=0.01 deg
[sac_runtime_controller-7] [INFO] [1786435719.233276681] [rl_hole_search_controller]: HOLDING: dx=-0.0004 m, depth=-0.0003 m, YZ=(-0.4355, 0.5690) m, YZ_ref=(-0.4364, 0.5714) m, center_error_YZ_mm=(0.085, -8.977), vx=0.0084 m/s, Fx=0.00 N, contact=False
[sac_runtime_controller-7] [INFO] [1786435720.327337092] [rl_hole_search_controller]: HOLDING: dx=-0.0004 m, depth=-0.0004 m, YZ=(-0.4375, 0.5721) m, YZ_ref=(-0.4364, 0.5714) m, center_error_YZ_mm=(-1.922, -5.862), vx=-0.0035 m/s, Fx=0.00 N, contact=False
[sac_runtime_controller-7] [INFO] [1786435721.385103834] [rl_hole_search_controller]: HOLDING: dx=-0.0004 m, depth=-0.0003 m, YZ=(-0.4368, 0.5710) m, YZ_ref=(-0.4364, 0.5714) m, center_error_YZ_mm=(-1.230, -6.970), vx=0.0027 m/s, Fx=0.00 N, contact=False
[sac_runtime_controller-7] [INFO] [1786435722.638191614] [rl_hole_search_controller]: HOLDING: dx=-0.0003 m, depth=-0.0003 m, YZ=(-0.4343, 0.5690) m, YZ_ref=(-0.4364, 0.5714) m, center_error_YZ_mm=(1.330, -8.940), vx=-0.0154 m/s, Fx=0.00 N, contact=False
[sac_runtime_controller-7] [INFO] [1786435723.839548522] [rl_hole_search_controller]: APPROACHING: ramping world-X contact force
[sac_runtime_controller-7] [INFO] [1786435723.856562982] [rl_hole_search_controller]: APPROACHING: dx=-0.0006 m, depth=-0.0006 m, YZ=(-0.4362, 0.5702) m, YZ_ref=(-0.4364, 0.5714) m, center_error_YZ_mm=(-0.543, -7.753), vx=-0.0011 m/s, Fx=0.02 N, contact=False
[sac_runtime_controller-7] [INFO] [1786435724.950315868] [rl_hole_search_controller]: APPROACHING: dx=0.0003 m, depth=0.0004 m, YZ=(-0.4342, 0.5705) m, YZ_ref=(-0.4364, 0.5714) m, center_error_YZ_mm=(1.415, -7.477), vx=-0.0084 m/s, Fx=0.62 N, contact=True
[sac_runtime_controller-7] [INFO] [1786435725.163091358] [rl_hole_search_controller]: SEARCHING: contact at X=0.3245; YZ spiral started
[sac_runtime_controller-7] [INFO] [1786435726.046228689] [rl_hole_search_controller]: SEARCHING: dx=0.0010 m, depth=0.0011 m, YZ=(-0.4310, 0.5717) m, YZ_ref=(-0.4352, 0.5739) m, center_error_YZ_mm=(4.608, -6.260), vx=0.0005 m/s, Fx=-0.12 N, contact=True
[sac_runtime_controller-7] [INFO] [1786435726.468680347] [rl_hole_search_controller]: RESETTING episode=76, dataset_index=75, offset_yz_mm=(2.374, -1.378)
[sac_runtime_controller-7] [INFO] [1786435726.471223281] [rl_hole_search_controller]: RESETTING: joint_error=0.0529 rad, joint_velocity=0.0210 rad/s
[sac_runtime_controller-7] [INFO] [1786435726.708655331] [rl_hole_search_controller]: RESETTING: 固定外边界板面及真实深方孔已重建，WORLD_HOLE_XYZ=(0.33220, -0.43351, 0.57011) m, HOLE_YZ_ref=(-0.4335, 0.5701) m
[sac_runtime_controller-7] [INFO] [1786435727.312918978] [rl_hole_search_controller]: RESET complete; starting original HOLDING state
[sac_runtime_controller-7] [INFO] [1786435727.317933448] [rl_hole_search_controller]: HOLDING: center=[ 0.32375624 -0.43633858  0.57142984]
[sac_runtime_controller-7] [INFO] [1786435727.319908197] [rl_hole_search_controller]: HOLDING: dx=0.0000 m, depth=0.0001 m, YZ=(-0.4363, 0.5714) m, YZ_ref=(-0.4363, 0.5714) m, center_error_YZ_mm=(-2.824, 1.324), vx=0.0000 m/s, Fx=-0.06 N, contact=True
[sac_runtime_controller-7] [INFO] [1786435727.322988817] [rl_hole_search_controller]: HOLDING: reset tool tilt=0.01 deg
[sac_runtime_controller-7] [INFO] [1786435728.472308637] [rl_hole_search_controller]: HOLDING: dx=-0.0003 m, depth=-0.0002 m, YZ=(-0.4383, 0.5721) m, YZ_ref=(-0.4363, 0.5714) m, center_error_YZ_mm=(-4.773, 2.008), vx=-0.0119 m/s, Fx=0.00 N, contact=False
[sac_runtime_controller-7] [INFO] [1786435729.649375629] [rl_hole_search_controller]: HOLDING: dx=-0.0003 m, depth=-0.0002 m, YZ=(-0.4372, 0.5733) m, YZ_ref=(-0.4363, 0.5714) m, center_error_YZ_mm=(-3.707, 3.231), vx=0.0006 m/s, Fx=0.00 N, contact=False
[sac_runtime_controller-7] [INFO] [1786435730.740043054] [rl_hole_search_controller]: HOLDING: dx=-0.0003 m, depth=-0.0002 m, YZ=(-0.4374, 0.5720) m, YZ_ref=(-0.4363, 0.5714) m, center_error_YZ_mm=(-3.873, 1.943), vx=0.0001 m/s, Fx=0.00 N, contact=False
[sac_runtime_controller-7] [INFO] [1786435731.924279543] [rl_hole_search_controller]: HOLDING: dx=-0.0007 m, depth=-0.0007 m, YZ=(-0.4347, 0.5669) m, YZ_ref=(-0.4363, 0.5714) m, center_error_YZ_mm=(-1.221, -3.230), vx=0.0096 m/s, Fx=0.00 N, contact=False
[sac_runtime_controller-7] [INFO] [1786435733.089304023] [rl_hole_search_controller]: APPROACHING: ramping world-X contact force
[sac_runtime_controller-7] [INFO] [1786435733.094493788] [rl_hole_search_controller]: APPROACHING: dx=0.0001 m, depth=0.0001 m, YZ=(-0.4356, 0.5734) m, YZ_ref=(-0.4363, 0.5714) m, center_error_YZ_mm=(-2.067, 3.306), vx=0.0039 m/s, Fx=-0.20 N, contact=True
[sac_runtime_controller-7] [INFO] [1786435734.256124346] [rl_hole_search_controller]: APPROACHING: dx=0.0002 m, depth=0.0003 m, YZ=(-0.4369, 0.5729) m, YZ_ref=(-0.4363, 0.5714) m, center_error_YZ_mm=(-3.356, 2.750), vx=0.0003 m/s, Fx=0.71 N, contact=True
[sac_runtime_controller-7] [INFO] [1786435734.660902642] [rl_hole_search_controller]: SEARCHING: contact at X=0.3249; YZ spiral started
[sac_runtime_controller-7] [INFO] [1786435735.211009164] [rl_hole_search_controller]: INSERTING: hole alignment/entry detected at 0.0007 m; centering YZ and inserting to 0.0170 m
[sac_runtime_controller-7] [INFO] [1786435735.215249454] [rl_hole_search_controller]: INSERTING handoff: HOLE_YZ_ref=(-0.4335, 0.5701) m, tool_YZ=(-0.4338, 0.5701) m, center_error_YZ_mm=(-0.285, 0.016), tool_tilt=0.91 deg
[sac_runtime_controller-7] [INFO] [1786435735.370118833] [rl_hole_search_controller]: INSERTING: dx=0.0009 m, depth=0.0010 m, YZ=(-0.4343, 0.5711) m, YZ_ref=(-0.4335, 0.5701) m, center_error_YZ_mm=(-0.810, 0.982), vx=0.0069 m/s, Fx=1.17 N, contact=False
[sac_runtime_controller-7] [INFO] [1786435736.499642710] [rl_hole_search_controller]: INSERTING: dx=0.0039 m, depth=0.0040 m, YZ=(-0.4335, 0.5706) m, YZ_ref=(-0.4335, 0.5701) m, center_error_YZ_mm=(0.009, 0.504), vx=-0.0019 m/s, Fx=1.18 N, contact=False
[sac_runtime_controller-7] [INFO] [1786435737.693134117] [rl_hole_search_controller]: INSERTING: dx=0.0063 m, depth=0.0063 m, YZ=(-0.4333, 0.5712) m, YZ_ref=(-0.4335, 0.5701) m, center_error_YZ_mm=(0.220, 1.077), vx=0.0348 m/s, Fx=1.14 N, contact=False
[sac_runtime_controller-7] [INFO] [1786435738.949016792] [rl_hole_search_controller]: INSERTING: dx=0.0097 m, depth=0.0097 m, YZ=(-0.4328, 0.5701) m, YZ_ref=(-0.4335, 0.5701) m, center_error_YZ_mm=(0.684, -0.017), vx=-0.0021 m/s, Fx=1.20 N, contact=False
[sac_runtime_controller-7] [INFO] [1786435740.048771416] [rl_hole_search_controller]: INSERTING: dx=0.0114 m, depth=0.0114 m, YZ=(-0.4329, 0.5709) m, YZ_ref=(-0.4335, 0.5701) m, center_error_YZ_mm=(0.607, 0.787), vx=0.0025 m/s, Fx=1.18 N, contact=False
[sac_runtime_controller-7] [INFO] [1786435741.155113860] [rl_hole_search_controller]: INSERTING: dx=0.0128 m, depth=0.0129 m, YZ=(-0.4335, 0.5711) m, YZ_ref=(-0.4335, 0.5701) m, center_error_YZ_mm=(0.049, 1.010), vx=0.0030 m/s, Fx=1.20 N, contact=False
[sac_runtime_controller-7] [INFO] [1786435742.257087711] [rl_hole_search_controller]: INSERTING: dx=0.0157 m, depth=0.0157 m, YZ=(-0.4322, 0.5697) m, YZ_ref=(-0.4335, 0.5701) m, center_error_YZ_mm=(1.321, -0.362), vx=0.0040 m/s, Fx=0.86 N, contact=False
[sac_runtime_controller-7] [INFO] [1786435743.361865982] [rl_hole_search_controller]: INSERTING: dx=0.0163 m, depth=0.0164 m, YZ=(-0.4329, 0.5701) m, YZ_ref=(-0.4335, 0.5701) m, center_error_YZ_mm=(0.618, -0.025), vx=0.0072 m/s, Fx=0.53 N, contact=False
[sac_runtime_controller-7] [INFO] [1786435744.444063633] [rl_hole_search_controller]: INSERTING: dx=0.0170 m, depth=0.0170 m, YZ=(-0.4326, 0.5695) m, YZ_ref=(-0.4335, 0.5701) m, center_error_YZ_mm=(0.946, -0.653), vx=-0.0030 m/s, Fx=0.11 N, contact=False
[sac_runtime_controller-7] [INFO] [1786435745.523866339] [rl_hole_search_controller]: INSERTING: dx=0.0172 m, depth=0.0173 m, YZ=(-0.4325, 0.5693) m, YZ_ref=(-0.4335, 0.5701) m, center_error_YZ_mm=(0.976, -0.801), vx=0.0139 m/s, Fx=-0.05 N, contact=False
[sac_runtime_controller-7] [INFO] [1786435745.899256370] [rl_hole_search_controller]: INSERT_HOLDING: target depth confirmed at 0.0172 m; joint velocity=0.159 rad/s; tool velocity=0.008 m/s; captured current joints and starting MIT-equivalent hold
[sac_runtime_controller-7] [INFO] [1786435746.588785725] [rl_hole_search_controller]: INSERT_HOLDING: MIT joint lock, dx=0.0171 m, depth=0.0171 m, YZ=(-0.4335, 0.5701) m, ramp=1.00, q_error_max=0.0006 rad, dq_max=0.0064 rad/s, tau_max=0.01 Nm, hold_force_max=0.05 N, tip_centered_YZ=True, contact=False
[sac_runtime_controller-7] [INFO] [1786435747.631096192] [rl_hole_search_controller]: INSERT_HOLDING: MIT joint lock, dx=0.0171 m, depth=0.0171 m, YZ=(-0.4335, 0.5701) m, ramp=1.00, q_error_max=0.0005 rad, dq_max=0.0000 rad/s, tau_max=0.00 Nm, hold_force_max=0.05 N, tip_centered_YZ=True, contact=False
[sac_runtime_controller-7] [WARN] [1786435747.992124493] [rl_hole_search_controller]: INSERT_HOLDING failed physical geometry check: depth=0.0171 m, tip_error_YZ_mm=(0.060, -0.005), entry_error_YZ_mm=(0.451, -0.279), tilt=1.60 deg; Episode will reset
[sac_runtime_controller-7] [INFO] [1786435748.032313847] [rl_hole_search_controller]: RESETTING episode=77, dataset_index=76, offset_yz_mm=(2.337, 0.458)
[sac_runtime_controller-7] [INFO] [1786435748.036326842] [rl_hole_search_controller]: RESETTING: joint_error=0.1515 rad, joint_velocity=0.0003 rad/s
[sac_runtime_controller-7] [INFO] [1786435748.439338348] [rl_hole_search_controller]: RESETTING: 固定外边界板面及真实深方孔已重建，WORLD_HOLE_XYZ=(0.33220, -0.43480, 0.57291) m, HOLE_YZ_ref=(-0.4348, 0.5729) m
[sac_runtime_controller-7] [INFO] [1786435748.866085936] [rl_hole_search_controller]: RESET complete; starting original HOLDING state
[sac_runtime_controller-7] [INFO] [1786435748.868479774] [rl_hole_search_controller]: HOLDING: center=[ 0.32378293 -0.43636624  0.57136846]
[sac_runtime_controller-7] [INFO] [1786435748.870303226] [rl_hole_search_controller]: HOLDING: dx=0.0000 m, depth=0.0001 m, YZ=(-0.4364, 0.5714) m, YZ_ref=(-0.4364, 0.5714) m, center_error_YZ_mm=(-1.564, -1.546), vx=-0.0003 m/s, Fx=-0.08 N, contact=True
[sac_runtime_controller-7] [INFO] [1786435748.873449645] [rl_hole_search_controller]: HOLDING: reset tool tilt=0.02 deg
[sac_runtime_controller-7] [INFO] [1786435749.981610185] [rl_hole_search_controller]: HOLDING: dx=-0.0000 m, depth=0.0001 m, YZ=(-0.4365, 0.5718) m, YZ_ref=(-0.4364, 0.5714) m, center_error_YZ_mm=(-1.743, -1.101), vx=0.0009 m/s, Fx=-0.08 N, contact=True
[sac_runtime_controller-7] [INFO] [1786435751.060219587] [rl_hole_search_controller]: HOLDING: dx=-0.0004 m, depth=-0.0003 m, YZ=(-0.4385, 0.5729) m, YZ_ref=(-0.4364, 0.5714) m, center_error_YZ_mm=(-3.649, -0.005), vx=0.0026 m/s, Fx=0.00 N, contact=False
[sac_runtime_controller-7] [INFO] [1786435752.120539455] [rl_hole_search_controller]: HOLDING: dx=-0.0003 m, depth=-0.0003 m, YZ=(-0.4387, 0.5732) m, YZ_ref=(-0.4364, 0.5714) m, center_error_YZ_mm=(-3.910, 0.277), vx=0.0053 m/s, Fx=0.00 N, contact=False
[sac_runtime_controller-7] [INFO] [1786435753.223530306] [rl_hole_search_controller]: HOLDING: dx=-0.0006 m, depth=-0.0005 m, YZ=(-0.4404, 0.5755) m, YZ_ref=(-0.4364, 0.5714) m, center_error_YZ_mm=(-5.586, 2.605), vx=-0.0016 m/s, Fx=0.00 N, contact=False
[sac_runtime_controller-7] [INFO] [1786435754.287948855] [rl_hole_search_controller]: APPROACHING: ramping world-X contact force
[sac_runtime_controller-7] [INFO] [1786435754.292181644] [rl_hole_search_controller]: APPROACHING: dx=-0.0005 m, depth=-0.0005 m, YZ=(-0.4396, 0.5747) m, YZ_ref=(-0.4364, 0.5714) m, center_error_YZ_mm=(-4.756, 1.814), vx=0.0020 m/s, Fx=0.00 N, contact=False
[sac_runtime_controller-7] [INFO] [1786435755.405799003] [rl_hole_search_controller]: APPROACHING: dx=0.0002 m, depth=0.0003 m, YZ=(-0.4376, 0.5721) m, YZ_ref=(-0.4364, 0.5714) m, center_error_YZ_mm=(-2.779, -0.846), vx=0.0071 m/s, Fx=0.57 N, contact=True
[sac_runtime_controller-7] [INFO] [1786435755.623405527] [rl_hole_search_controller]: SEARCHING: contact at X=0.3245; YZ spiral started
[sac_runtime_controller-7] [INFO] [1786435756.484123074] [rl_hole_search_controller]: SEARCHING: dx=0.0011 m, depth=0.0012 m, YZ=(-0.4367, 0.5735) m, YZ_ref=(-0.4391, 0.5749) m, center_error_YZ_mm=(-1.924, 0.623), vx=0.0034 m/s, Fx=-0.22 N, contact=True
[sac_runtime_controller-7] [INFO] [1786435757.105104873] [rl_hole_search_controller]: RESETTING episode=78, dataset_index=77, offset_yz_mm=(1.723, -0.382)
[sac_runtime_controller-7] [INFO] [1786435757.108822576] [rl_hole_search_controller]: RESETTING: joint_error=0.0787 rad, joint_velocity=0.0695 rad/s
[sac_runtime_controller-7] [INFO] [1786435757.413984613] [rl_hole_search_controller]: RESETTING: 固定外边界板面及真实深方孔已重建，WORLD_HOLE_XYZ=(0.33220, -0.43574, 0.57286) m, HOLE_YZ_ref=(-0.4357, 0.5729) m
[sac_runtime_controller-7] [INFO] [1786435757.960390854] [rl_hole_search_controller]: RESET complete; starting original HOLDING state
[sac_runtime_controller-7] [INFO] [1786435757.963455674] [rl_hole_search_controller]: HOLDING: center=[ 0.32375688 -0.43636834  0.57142576]
[sac_runtime_controller-7] [INFO] [1786435757.964866937] [rl_hole_search_controller]: HOLDING: dx=0.0000 m, depth=0.0001 m, YZ=(-0.4364, 0.5714) m, YZ_ref=(-0.4364, 0.5714) m, center_error_YZ_mm=(-0.630, -1.431), vx=0.0001 m/s, Fx=-0.06 N, contact=True
[sac_runtime_controller-7] [INFO] [1786435757.967234476] [rl_hole_search_controller]: HOLDING: reset tool tilt=0.01 deg
[sac_runtime_controller-7] [INFO] [1786435759.051489276] [rl_hole_search_controller]: HOLDING: dx=-0.0004 m, depth=-0.0004 m, YZ=(-0.4380, 0.5716) m, YZ_ref=(-0.4364, 0.5714) m, center_error_YZ_mm=(-2.277, -1.276), vx=-0.0074 m/s, Fx=0.00 N, contact=False
[sac_runtime_controller-7] [INFO] [1786435760.128428558] [rl_hole_search_controller]: HOLDING: dx=-0.0000 m, depth=0.0001 m, YZ=(-0.4333, 0.5681) m, YZ_ref=(-0.4364, 0.5714) m, center_error_YZ_mm=(2.481, -4.791), vx=-0.0021 m/s, Fx=-0.06 N, contact=True
[sac_runtime_controller-7] [INFO] [1786435761.216889729] [rl_hole_search_controller]: HOLDING: dx=0.0001 m, depth=0.0001 m, YZ=(-0.4322, 0.5694) m, YZ_ref=(-0.4364, 0.5714) m, center_error_YZ_mm=(3.494, -3.490), vx=0.0091 m/s, Fx=-0.30 N, contact=True
[sac_runtime_controller-7] [INFO] [1786435762.367116983] [rl_hole_search_controller]: HOLDING: dx=0.0004 m, depth=0.0004 m, YZ=(-0.4263, 0.5674) m, YZ_ref=(-0.4364, 0.5714) m, center_error_YZ_mm=(9.405, -5.442), vx=0.0086 m/s, Fx=-0.59 N, contact=True
[sac_runtime_controller-7] [INFO] [1786435763.439240272] [rl_hole_search_controller]: APPROACHING: ramping world-X contact force
[sac_runtime_controller-7] [INFO] [1786435763.441996300] [rl_hole_search_controller]: APPROACHING: dx=-0.0006 m, depth=-0.0005 m, YZ=(-0.4317, 0.5701) m, YZ_ref=(-0.4364, 0.5714) m, center_error_YZ_mm=(4.024, -2.760), vx=-0.0055 m/s, Fx=0.00 N, contact=False
[sac_runtime_controller-7] [INFO] [1786435764.514741966] [rl_hole_search_controller]: APPROACHING: dx=0.0001 m, depth=0.0001 m, YZ=(-0.4358, 0.5740) m, YZ_ref=(-0.4364, 0.5714) m, center_error_YZ_mm=(-0.109, 1.186), vx=0.0024 m/s, Fx=0.83 N, contact=True
[sac_runtime_controller-7] [INFO] [1786435764.744157970] [rl_hole_search_controller]: SEARCHING: contact at X=0.3243; YZ spiral started
[sac_runtime_controller-7] [INFO] [1786435764.756252854] [rl_hole_search_controller]: INSERTING: hole alignment/entry detected at 0.0006 m; centering YZ and inserting to 0.0170 m
[sac_runtime_controller-7] [INFO] [1786435764.758246601] [rl_hole_search_controller]: INSERTING handoff: HOLE_YZ_ref=(-0.4357, 0.5729) m, tool_YZ=(-0.4354, 0.5733) m, center_error_YZ_mm=(0.373, 0.486), tool_tilt=1.02 deg
[sac_runtime_controller-7] [INFO] [1786435765.569660291] [rl_hole_search_controller]: INSERTING: dx=0.0021 m, depth=0.0021 m, YZ=(-0.4356, 0.5734) m, YZ_ref=(-0.4357, 0.5729) m, center_error_YZ_mm=(0.174, 0.543), vx=0.0030 m/s, Fx=1.18 N, contact=False
[sac_runtime_controller-7] [INFO] [1786435766.626884149] [rl_hole_search_controller]: INSERTING: dx=0.0043 m, depth=0.0043 m, YZ=(-0.4358, 0.5743) m, YZ_ref=(-0.4357, 0.5729) m, center_error_YZ_mm=(-0.067, 1.452), vx=0.0083 m/s, Fx=1.16 N, contact=False
[sac_runtime_controller-7] [INFO] [1786435767.694294033] [rl_hole_search_controller]: INSERTING: dx=0.0065 m, depth=0.0066 m, YZ=(-0.4345, 0.5725) m, YZ_ref=(-0.4357, 0.5729) m, center_error_YZ_mm=(1.242, -0.373), vx=0.0033 m/s, Fx=1.15 N, contact=False
[sac_runtime_controller-7] [INFO] [1786435768.759436071] [rl_hole_search_controller]: INSERTING: dx=0.0085 m, depth=0.0085 m, YZ=(-0.4350, 0.5740) m, YZ_ref=(-0.4357, 0.5729) m, center_error_YZ_mm=(0.693, 1.101), vx=0.0046 m/s, Fx=1.20 N, contact=False
[sac_runtime_controller-7] [INFO] [1786435769.824675899] [rl_hole_search_controller]: INSERTING: dx=0.0101 m, depth=0.0101 m, YZ=(-0.4357, 0.5737) m, YZ_ref=(-0.4357, 0.5729) m, center_error_YZ_mm=(0.067, 0.794), vx=0.0031 m/s, Fx=1.21 N, contact=False
[sac_runtime_controller-7] [INFO] [1786435770.885887226] [rl_hole_search_controller]: INSERTING: dx=0.0126 m, depth=0.0127 m, YZ=(-0.4338, 0.5724) m, YZ_ref=(-0.4357, 0.5729) m, center_error_YZ_mm=(1.929, -0.470), vx=0.0071 m/s, Fx=1.14 N, contact=False
[sac_runtime_controller-7] [INFO] [1786435771.967404315] [rl_hole_search_controller]: INSERTING: dx=0.0140 m, depth=0.0140 m, YZ=(-0.4348, 0.5730) m, YZ_ref=(-0.4357, 0.5729) m, center_error_YZ_mm=(0.920, 0.148), vx=0.0023 m/s, Fx=1.18 N, contact=False
[sac_runtime_controller-7] [INFO] [1786435773.059032732] [rl_hole_search_controller]: INSERTING: dx=0.0155 m, depth=0.0156 m, YZ=(-0.4356, 0.5737) m, YZ_ref=(-0.4357, 0.5729) m, center_error_YZ_mm=(0.100, 0.798), vx=0.0055 m/s, Fx=1.03 N, contact=False
[sac_runtime_controller-7] [INFO] [1786435774.146154759] [rl_hole_search_controller]: INSERTING: dx=0.0161 m, depth=0.0161 m, YZ=(-0.4354, 0.5727) m, YZ_ref=(-0.4357, 0.5729) m, center_error_YZ_mm=(0.371, -0.110), vx=-0.0094 m/s, Fx=0.70 N, contact=False
[sac_runtime_controller-7] [INFO] [1786435775.247181116] [rl_hole_search_controller]: INSERTING: dx=0.0166 m, depth=0.0166 m, YZ=(-0.4351, 0.5726) m, YZ_ref=(-0.4357, 0.5729) m, center_error_YZ_mm=(0.604, -0.284), vx=-0.0108 m/s, Fx=0.41 N, contact=False
[sac_runtime_controller-7] [INFO] [1786435776.297298500] [rl_hole_search_controller]: INSERTING: dx=0.0167 m, depth=0.0167 m, YZ=(-0.4351, 0.5726) m, YZ_ref=(-0.4357, 0.5729) m, center_error_YZ_mm=(0.600, -0.253), vx=0.0015 m/s, Fx=0.34 N, contact=False
[sac_runtime_controller-7] [INFO] [1786435777.385966367] [rl_hole_search_controller]: INSERTING: dx=0.0171 m, depth=0.0171 m, YZ=(-0.4347, 0.5726) m, YZ_ref=(-0.4357, 0.5729) m, center_error_YZ_mm=(1.041, -0.216), vx=-0.0101 m/s, Fx=0.05 N, contact=False
[sac_runtime_controller-7] [INFO] [1786435778.474898320] [rl_hole_search_controller]: INSERTING: dx=0.0168 m, depth=0.0168 m, YZ=(-0.4347, 0.5732) m, YZ_ref=(-0.4357, 0.5729) m, center_error_YZ_mm=(1.082, 0.318), vx=-0.0033 m/s, Fx=0.35 N, contact=False
[sac_runtime_controller-7] [INFO] [1786435779.640622854] [rl_hole_search_controller]: INSERTING: dx=0.0169 m, depth=0.0169 m, YZ=(-0.4359, 0.5738) m, YZ_ref=(-0.4357, 0.5729) m, center_error_YZ_mm=(-0.177, 0.963), vx=-0.0016 m/s, Fx=0.20 N, contact=False
[sac_runtime_controller-7] [INFO] [1786435780.810307974] [rl_hole_search_controller]: INSERTING: dx=0.0172 m, depth=0.0173 m, YZ=(-0.4349, 0.5719) m, YZ_ref=(-0.4357, 0.5729) m, center_error_YZ_mm=(0.858, -0.941), vx=-0.0127 m/s, Fx=0.10 N, contact=False
[sac_runtime_controller-7] [INFO] [1786435782.236646753] [rl_hole_search_controller]: INSERTING: dx=0.0172 m, depth=0.0173 m, YZ=(-0.4341, 0.5697) m, YZ_ref=(-0.4357, 0.5729) m, center_error_YZ_mm=(1.644, -3.115), vx=-0.0378 m/s, Fx=0.17 N, contact=False
[sac_runtime_controller-7] [INFO] [1786435783.608304855] [rl_hole_search_controller]: INSERTING: dx=0.0168 m, depth=0.0169 m, YZ=(-0.4345, 0.5732) m, YZ_ref=(-0.4357, 0.5729) m, center_error_YZ_mm=(1.189, 0.363), vx=0.0041 m/s, Fx=0.22 N, contact=False
[sac_runtime_controller-7] [INFO] [1786435784.923349334] [rl_hole_search_controller]: INSERTING: dx=0.0166 m, depth=0.0167 m, YZ=(-0.4345, 0.5716) m, YZ_ref=(-0.4357, 0.5729) m, center_error_YZ_mm=(1.189, -1.301), vx=0.0028 m/s, Fx=0.35 N, contact=False
[sac_runtime_controller-7] [INFO] [1786435786.183439544] [rl_hole_search_controller]: INSERTING: dx=0.0182 m, depth=0.0183 m, YZ=(-0.4349, 0.5735) m, YZ_ref=(-0.4357, 0.5729) m, center_error_YZ_mm=(0.809, 0.682), vx=-0.0021 m/s, Fx=-0.29 N, contact=False
[sac_runtime_controller-7] [INFO] [1786435787.393036672] [rl_hole_search_controller]: INSERTING: dx=0.0162 m, depth=0.0163 m, YZ=(-0.4346, 0.5718) m, YZ_ref=(-0.4357, 0.5729) m, center_error_YZ_mm=(1.177, -1.026), vx=0.0015 m/s, Fx=0.60 N, contact=False
[sac_runtime_controller-7] [INFO] [1786435788.463395750] [rl_hole_search_controller]: INSERTING: dx=0.0164 m, depth=0.0165 m, YZ=(-0.4351, 0.5725) m, YZ_ref=(-0.4357, 0.5729) m, center_error_YZ_mm=(0.680, -0.321), vx=-0.0050 m/s, Fx=0.55 N, contact=False
[sac_runtime_controller-7] [INFO] [1786435789.569566381] [rl_hole_search_controller]: INSERTING: dx=0.0168 m, depth=0.0168 m, YZ=(-0.4369, 0.5737) m, YZ_ref=(-0.4357, 0.5729) m, center_error_YZ_mm=(-1.168, 0.839), vx=-0.0124 m/s, Fx=0.34 N, contact=False
[sac_runtime_controller-7] [INFO] [1786435789.759337794] [rl_hole_search_controller]: INSERT_HOLDING: target depth confirmed at 0.0171 m; joint velocity=0.033 rad/s; tool velocity=0.003 m/s; captured current joints and starting MIT-equivalent hold
[sac_runtime_controller-7] [INFO] [1786435790.640747125] [rl_hole_search_controller]: INSERT_HOLDING: MIT joint lock, dx=0.0171 m, depth=0.0171 m, YZ=(-0.4357, 0.5728) m, ramp=1.00, q_error_max=0.0001 rad, dq_max=0.0004 rad/s, tau_max=0.00 Nm, hold_force_max=0.02 N, tip_centered_YZ=True, contact=False
[sac_runtime_controller-7] [INFO] [1786435791.720436539] [rl_hole_search_controller]: INSERT_HOLDING: MIT joint lock, dx=0.0171 m, depth=0.0171 m, YZ=(-0.4357, 0.5728) m, ramp=1.00, q_error_max=0.0001 rad, dq_max=0.0000 rad/s, tau_max=0.00 Nm, hold_force_max=0.02 N, tip_centered_YZ=True, contact=False
[sac_runtime_controller-7] [INFO] [1786435791.899333336] [rl_hole_search_controller]: INSERT_HOLDING complete: physical geometry confirmed; depth=0.0171 m, tip_error_YZ_mm=(-0.011, -0.017), entry_error_YZ_mm=(-0.050, 0.217), tilt=0.80 deg; Episode is an assembly success
[sac_runtime_controller-7] [INFO] [1786435791.919160014] [rl_hole_search_controller]: RESETTING episode=79, dataset_index=78, offset_yz_mm=(2.300, -0.581)
[sac_runtime_controller-7] [INFO] [1786435791.921117163] [rl_hole_search_controller]: RESETTING: joint_error=0.1684 rad, joint_velocity=0.0000 rad/s
[sac_runtime_controller-7] [INFO] [1786435792.310758816] [rl_hole_search_controller]: RESETTING: 固定外边界板面及真实深方孔已重建，WORLD_HOLE_XYZ=(0.33220, -0.43433, 0.57133) m, HOLE_YZ_ref=(-0.4343, 0.5713) m
[sac_runtime_controller-7] [INFO] [1786435792.736379422] [rl_hole_search_controller]: RESET complete; starting original HOLDING state
[sac_runtime_controller-7] [INFO] [1786435792.739379743] [rl_hole_search_controller]: HOLDING: center=[ 0.32378804 -0.43635179  0.57140714]
[sac_runtime_controller-7] [INFO] [1786435792.742045873] [rl_hole_search_controller]: HOLDING: reset tool tilt=0.00 deg
[sac_runtime_controller-7] [INFO] [1786435792.796818633] [rl_hole_search_controller]: HOLDING: dx=0.0000 m, depth=0.0001 m, YZ=(-0.4366, 0.5713) m, YZ_ref=(-0.4364, 0.5714) m, center_error_YZ_mm=(-2.268, -0.071), vx=-0.0000 m/s, Fx=-0.11 N, contact=True
[sac_runtime_controller-7] [INFO] [1786435793.843983087] [rl_hole_search_controller]: HOLDING: dx=0.0002 m, depth=0.0003 m, YZ=(-0.4326, 0.5677) m, YZ_ref=(-0.4364, 0.5714) m, center_error_YZ_mm=(1.681, -3.606), vx=0.0011 m/s, Fx=-0.28 N, contact=True
[sac_runtime_controller-7] [INFO] [1786435794.930797592] [rl_hole_search_controller]: HOLDING: dx=-0.0003 m, depth=-0.0003 m, YZ=(-0.4342, 0.5663) m, YZ_ref=(-0.4364, 0.5714) m, center_error_YZ_mm=(0.112, -5.035), vx=-0.0133 m/s, Fx=0.00 N, contact=False
[sac_runtime_controller-7] [INFO] [1786435796.049286256] [rl_hole_search_controller]: HOLDING: dx=-0.0003 m, depth=-0.0002 m, YZ=(-0.4370, 0.5723) m, YZ_ref=(-0.4364, 0.5714) m, center_error_YZ_mm=(-2.636, 0.970), vx=-0.0023 m/s, Fx=0.00 N, contact=True
[sac_runtime_controller-7] [INFO] [1786435797.118183218] [rl_hole_search_controller]: HOLDING: dx=-0.0001 m, depth=-0.0000 m, YZ=(-0.4361, 0.5715) m, YZ_ref=(-0.4364, 0.5714) m, center_error_YZ_mm=(-1.774, 0.141), vx=0.0079 m/s, Fx=-0.16 N, contact=True
[sac_runtime_controller-7] [INFO] [1786435798.114620080] [rl_hole_search_controller]: APPROACHING: ramping world-X contact force
[sac_runtime_controller-7] [INFO] [1786435798.173934918] [rl_hole_search_controller]: APPROACHING: dx=-0.0003 m, depth=-0.0002 m, YZ=(-0.4374, 0.5721) m, YZ_ref=(-0.4364, 0.5714) m, center_error_YZ_mm=(-3.033, 0.793), vx=0.0048 m/s, Fx=-0.04 N, contact=True
[sac_runtime_controller-7] [INFO] [1786435799.239147662] [rl_hole_search_controller]: APPROACHING: dx=0.0005 m, depth=0.0006 m, YZ=(-0.4367, 0.5725) m, YZ_ref=(-0.4364, 0.5714) m, center_error_YZ_mm=(-2.335, 1.165), vx=-0.0063 m/s, Fx=0.38 N, contact=True
[sac_runtime_controller-7] [INFO] [1786435799.406273959] [rl_hole_search_controller]: SEARCHING: contact at X=0.3242; YZ spiral started
[sac_runtime_controller-7] [INFO] [1786435799.926199665] [rl_hole_search_controller]: INSERTING: hole alignment/entry detected at 0.0011 m; centering YZ and inserting to 0.0170 m
[sac_runtime_controller-7] [INFO] [1786435799.928243511] [rl_hole_search_controller]: INSERTING handoff: HOLE_YZ_ref=(-0.4343, 0.5713) m, tool_YZ=(-0.4346, 0.5716) m, center_error_YZ_mm=(-0.267, 0.302), tool_tilt=0.35 deg
[sac_runtime_controller-7] [INFO] [1786435800.395636897] [rl_hole_search_controller]: INSERTING: dx=0.0021 m, depth=0.0022 m, YZ=(-0.4346, 0.5720) m, YZ_ref=(-0.4343, 0.5713) m, center_error_YZ_mm=(-0.230, 0.665), vx=0.0097 m/s, Fx=1.18 N, contact=False
[sac_runtime_controller-7] [INFO] [1786435801.508514378] [rl_hole_search_controller]: INSERTING: dx=0.0048 m, depth=0.0049 m, YZ=(-0.4330, 0.5707) m, YZ_ref=(-0.4343, 0.5713) m, center_error_YZ_mm=(1.336, -0.678), vx=0.0038 m/s, Fx=1.17 N, contact=False
[sac_runtime_controller-7] [INFO] [1786435802.586935659] [rl_hole_search_controller]: INSERTING: dx=0.0070 m, depth=0.0071 m, YZ=(-0.4337, 0.5719) m, YZ_ref=(-0.4343, 0.5713) m, center_error_YZ_mm=(0.640, 0.579), vx=-0.0035 m/s, Fx=1.17 N, contact=False
[sac_runtime_controller-7] [INFO] [1786435803.654334924] [rl_hole_search_controller]: INSERTING: dx=0.0089 m, depth=0.0090 m, YZ=(-0.4335, 0.5715) m, YZ_ref=(-0.4343, 0.5713) m, center_error_YZ_mm=(0.800, 0.153), vx=-0.0017 m/s, Fx=1.17 N, contact=False
[sac_runtime_controller-7] [INFO] [1786435804.742169245] [rl_hole_search_controller]: INSERTING: dx=0.0105 m, depth=0.0106 m, YZ=(-0.4340, 0.5720) m, YZ_ref=(-0.4343, 0.5713) m, center_error_YZ_mm=(0.357, 0.670), vx=0.0025 m/s, Fx=1.17 N, contact=False
[sac_runtime_controller-7] [INFO] [1786435805.813851684] [rl_hole_search_controller]: INSERTING: dx=0.0124 m, depth=0.0125 m, YZ=(-0.4343, 0.5722) m, YZ_ref=(-0.4343, 0.5713) m, center_error_YZ_mm=(0.022, 0.834), vx=-0.0043 m/s, Fx=1.21 N, contact=False
[sac_runtime_controller-7] [INFO] [1786435806.907979926] [rl_hole_search_controller]: INSERTING: dx=0.0144 m, depth=0.0145 m, YZ=(-0.4337, 0.5715) m, YZ_ref=(-0.4343, 0.5713) m, center_error_YZ_mm=(0.669, 0.127), vx=0.0015 m/s, Fx=1.14 N, contact=False
[sac_runtime_controller-7] [INFO] [1786435807.977396213] [rl_hole_search_controller]: INSERTING: dx=0.0161 m, depth=0.0162 m, YZ=(-0.4339, 0.5713) m, YZ_ref=(-0.4343, 0.5713) m, center_error_YZ_mm=(0.449, -0.053), vx=-0.0094 m/s, Fx=0.67 N, contact=False
[sac_runtime_controller-7] [INFO] [1786435809.029162360] [rl_hole_search_controller]: INSERTING: dx=0.0165 m, depth=0.0166 m, YZ=(-0.4345, 0.5718) m, YZ_ref=(-0.4343, 0.5713) m, center_error_YZ_mm=(-0.156, 0.475), vx=-0.0058 m/s, Fx=0.47 N, contact=False
[sac_runtime_controller-7] [INFO] [1786435810.087293332] [rl_hole_search_controller]: INSERTING: dx=0.0169 m, depth=0.0170 m, YZ=(-0.4334, 0.5707) m, YZ_ref=(-0.4343, 0.5713) m, center_error_YZ_mm=(0.961, -0.682), vx=-0.0066 m/s, Fx=0.11 N, contact=False
[sac_runtime_controller-7] [INFO] [1786435810.824861960] [rl_hole_search_controller]: INSERT_HOLDING: target depth confirmed at 0.0171 m; joint velocity=0.207 rad/s; tool velocity=0.003 m/s; captured current joints and starting MIT-equivalent hold
[sac_runtime_controller-7] [INFO] [1786435811.160049611] [rl_hole_search_controller]: INSERT_HOLDING: MIT joint lock, dx=0.0168 m, depth=0.0169 m, YZ=(-0.4343, 0.5714) m, ramp=1.00, q_error_max=0.0062 rad, dq_max=0.0578 rad/s, tau_max=0.10 Nm, hold_force_max=0.06 N, tip_centered_YZ=True, contact=False
[sac_runtime_controller-7] [INFO] [1786435812.206457681] [rl_hole_search_controller]: INSERT_HOLDING: MIT joint lock, dx=0.0169 m, depth=0.0170 m, YZ=(-0.4343, 0.5714) m, ramp=1.00, q_error_max=0.0006 rad, dq_max=0.0000 rad/s, tau_max=0.00 Nm, hold_force_max=0.05 N, tip_centered_YZ=True, contact=False
[sac_runtime_controller-7] [WARN] [1786435812.938143158] [rl_hole_search_controller]: INSERT_HOLDING failed physical geometry check: depth=0.0170 m, tip_error_YZ_mm=(0.057, 0.020), entry_error_YZ_mm=(0.578, -0.324), tilt=2.11 deg; Episode will reset
[sac_runtime_controller-7] [INFO] [1786435812.954210834] [rl_hole_search_controller]: RESETTING episode=80, dataset_index=79, offset_yz_mm=(-1.226, 2.576)
[sac_runtime_controller-7] [INFO] [1786435812.956976760] [rl_hole_search_controller]: RESETTING: joint_error=0.1585 rad, joint_velocity=0.0002 rad/s
[sac_runtime_controller-7] [INFO] [1786435813.336793628] [rl_hole_search_controller]: RESETTING: 固定外边界板面及真实深方孔已重建，WORLD_HOLE_XYZ=(0.33220, -0.43843, 0.57491) m, HOLE_YZ_ref=(-0.4384, 0.5749) m
[sac_runtime_controller-7] [INFO] [1786435813.775328444] [rl_hole_search_controller]: RESET complete; starting original HOLDING state
[sac_runtime_controller-7] [INFO] [1786435813.779807525] [rl_hole_search_controller]: HOLDING: center=[ 0.32378352 -0.4363762   0.57137457]
[sac_runtime_controller-7] [INFO] [1786435813.782029167] [rl_hole_search_controller]: HOLDING: dx=0.0000 m, depth=0.0001 m, YZ=(-0.4364, 0.5714) m, YZ_ref=(-0.4364, 0.5714) m, center_error_YZ_mm=(2.055, -3.535), vx=-0.0003 m/s, Fx=-0.08 N, contact=True
[sac_runtime_controller-7] [INFO] [1786435813.784066613] [rl_hole_search_controller]: HOLDING: reset tool tilt=0.02 deg
[sac_runtime_controller-7] [INFO] [1786435814.883869856] [rl_hole_search_controller]: HOLDING: dx=-0.0000 m, depth=0.0000 m, YZ=(-0.4370, 0.5709) m, YZ_ref=(-0.4364, 0.5714) m, center_error_YZ_mm=(1.439, -4.024), vx=-0.0034 m/s, Fx=-0.04 N, contact=True
[sac_runtime_controller-7] [INFO] [1786435815.943166964] [rl_hole_search_controller]: HOLDING: dx=-0.0006 m, depth=-0.0005 m, YZ=(-0.4400, 0.5754) m, YZ_ref=(-0.4364, 0.5714) m, center_error_YZ_mm=(-1.609, 0.480), vx=-0.0008 m/s, Fx=0.00 N, contact=False
[sac_runtime_controller-7] [INFO] [1786435817.001081003] [rl_hole_search_controller]: HOLDING: dx=-0.0004 m, depth=-0.0003 m, YZ=(-0.4383, 0.5726) m, YZ_ref=(-0.4364, 0.5714) m, center_error_YZ_mm=(0.115, -2.318), vx=0.0057 m/s, Fx=0.00 N, contact=False
[sac_runtime_controller-7] [INFO] [1786435818.079053605] [rl_hole_search_controller]: HOLDING: dx=-0.0000 m, depth=0.0001 m, YZ=(-0.4362, 0.5707) m, YZ_ref=(-0.4364, 0.5714) m, center_error_YZ_mm=(2.225, -4.175), vx=0.0079 m/s, Fx=-0.22 N, contact=True
[sac_runtime_controller-7] [INFO] [1786435819.120145876] [rl_hole_search_controller]: APPROACHING: ramping world-X contact force
[sac_runtime_controller-7] [INFO] [1786435819.124534660] [rl_hole_search_controller]: APPROACHING: dx=0.0005 m, depth=0.0005 m, YZ=(-0.4285, 0.5666) m, YZ_ref=(-0.4364, 0.5714) m, center_error_YZ_mm=(9.973, -8.346), vx=0.0093 m/s, Fx=-0.71 N, contact=True
[sac_runtime_controller-7] [INFO] [1786435820.188468821] [rl_hole_search_controller]: APPROACHING: dx=0.0006 m, depth=0.0007 m, YZ=(-0.4333, 0.5707) m, YZ_ref=(-0.4364, 0.5714) m, center_error_YZ_mm=(5.088, -4.249), vx=-0.0043 m/s, Fx=0.34 N, contact=True
[sac_runtime_controller-7] [INFO] [1786435820.396264524] [rl_hole_search_controller]: SEARCHING: contact at X=0.3244; YZ spiral started
[sac_runtime_controller-7] [INFO] [1786435821.243158421] [rl_hole_search_controller]: SEARCHING: dx=0.0007 m, depth=0.0008 m, YZ=(-0.4356, 0.5741) m, YZ_ref=(-0.4350, 0.5745) m, center_error_YZ_mm=(2.844, -0.814), vx=0.0006 m/s, Fx=0.23 N, contact=True
[sac_runtime_controller-7] [INFO] [1786435821.602392016] [rl_hole_search_controller]: RESETTING episode=81, dataset_index=80, offset_yz_mm=(1.397, -1.247)
[sac_runtime_controller-7] [INFO] [1786435821.608168664] [rl_hole_search_controller]: RESETTING: waiting for old board deletion
[sac_runtime_controller-7] [INFO] [1786435821.615250576] [rl_hole_search_controller]: RESETTING: 固定外边界板面及真实深方孔已重建，WORLD_HOLE_XYZ=(0.33220, -0.43529, 0.57313) m, HOLE_YZ_ref=(-0.4353, 0.5731) m
[sac_runtime_controller-7] [INFO] [1786435822.442899676] [rl_hole_search_controller]: RESET complete; starting original HOLDING state
[sac_runtime_controller-7] [INFO] [1786435822.446959569] [rl_hole_search_controller]: HOLDING: center=[ 0.32375702 -0.43635172  0.57142759]
[sac_runtime_controller-7] [INFO] [1786435822.449282507] [rl_hole_search_controller]: HOLDING: dx=0.0000 m, depth=0.0001 m, YZ=(-0.4364, 0.5714) m, YZ_ref=(-0.4364, 0.5714) m, center_error_YZ_mm=(-1.059, -1.707), vx=0.0000 m/s, Fx=-0.06 N, contact=True
[sac_runtime_controller-7] [INFO] [1786435822.451562647] [rl_hole_search_controller]: HOLDING: reset tool tilt=0.00 deg
[sac_runtime_controller-7] [INFO] [1786435823.494730939] [rl_hole_search_controller]: HOLDING: dx=-0.0005 m, depth=-0.0004 m, YZ=(-0.4386, 0.5733) m, YZ_ref=(-0.4364, 0.5714) m, center_error_YZ_mm=(-3.299, 0.203), vx=0.0050 m/s, Fx=0.00 N, contact=False
[sac_runtime_controller-7] [INFO] [1786435824.549255524] [rl_hole_search_controller]: HOLDING: dx=-0.0005 m, depth=-0.0004 m, YZ=(-0.4382, 0.5726) m, YZ_ref=(-0.4364, 0.5714) m, center_error_YZ_mm=(-2.889, -0.521), vx=0.0006 m/s, Fx=0.00 N, contact=False
[sac_runtime_controller-7] [INFO] [1786435825.603358315] [rl_hole_search_controller]: HOLDING: dx=-0.0001 m, depth=-0.0000 m, YZ=(-0.4364, 0.5698) m, YZ_ref=(-0.4364, 0.5714) m, center_error_YZ_mm=(-1.138, -3.333), vx=-0.0017 m/s, Fx=0.00 N, contact=True
[sac_runtime_controller-7] [INFO] [1786435826.663870630] [rl_hole_search_controller]: HOLDING: dx=-0.0001 m, depth=-0.0001 m, YZ=(-0.4366, 0.5708) m, YZ_ref=(-0.4364, 0.5714) m, center_error_YZ_mm=(-1.287, -2.331), vx=0.0006 m/s, Fx=-0.01 N, contact=True
[sac_runtime_controller-7] [INFO] [1786435827.733891187] [rl_hole_search_controller]: APPROACHING: ramping world-X contact force
[sac_runtime_controller-7] [INFO] [1786435827.737043104] [rl_hole_search_controller]: APPROACHING: dx=-0.0000 m, depth=0.0000 m, YZ=(-0.4352, 0.5699) m, YZ_ref=(-0.4364, 0.5714) m, center_error_YZ_mm=(0.105, -3.203), vx=0.0000 m/s, Fx=-0.01 N, contact=True
[sac_runtime_controller-7] [INFO] [1786435828.802659272] [rl_hole_search_controller]: APPROACHING: dx=0.0008 m, depth=0.0009 m, YZ=(-0.4323, 0.5700) m, YZ_ref=(-0.4364, 0.5714) m, center_error_YZ_mm=(3.037, -3.175), vx=-0.0082 m/s, Fx=0.11 N, contact=True
[sac_runtime_controller-7] [INFO] [1786435829.020163409] [rl_hole_search_controller]: SEARCHING: contact at X=0.3248; YZ spiral started
[sac_runtime_controller-7] [INFO] [1786435829.874379872] [rl_hole_search_controller]: SEARCHING: dx=0.0007 m, depth=0.0007 m, YZ=(-0.4311, 0.5695) m, YZ_ref=(-0.4309, 0.5710) m, center_error_YZ_mm=(4.185, -3.674), vx=0.0133 m/s, Fx=-0.00 N, contact=True
[sac_runtime_controller-7] [INFO] [1786435830.934192181] [rl_hole_search_controller]: SEARCHING: dx=0.0008 m, depth=0.0009 m, YZ=(-0.4321, 0.5685) m, YZ_ref=(-0.4293, 0.5689) m, center_error_YZ_mm=(3.185, -4.642), vx=-0.0115 m/s, Fx=0.10 N, contact=True
[sac_runtime_controller-7] [INFO] [1786435832.007865117] [rl_hole_search_controller]: SEARCHING: dx=0.0012 m, depth=0.0012 m, YZ=(-0.4311, 0.5692) m, YZ_ref=(-0.4268, 0.5675) m, center_error_YZ_mm=(4.149, -3.906), vx=-0.0012 m/s, Fx=-0.21 N, contact=True
[sac_runtime_controller-7] [INFO] [1786435832.288260581] [rl_hole_search_controller]: RESETTING episode=82, dataset_index=81, offset_yz_mm=(-2.749, -0.601)
[sac_runtime_controller-7] [INFO] [1786435832.290856512] [rl_hole_search_controller]: RESETTING: joint_error=0.0289 rad, joint_velocity=0.0144 rad/s
[sac_runtime_controller-7] [INFO] [1786435832.441774710] [rl_hole_search_controller]: RESETTING: 固定外边界板面及真实深方孔已重建，WORLD_HOLE_XYZ=(0.33220, -0.43623, 0.56737) m, HOLE_YZ_ref=(-0.4362, 0.5674) m
[sac_runtime_controller-7] [INFO] [1786435833.120089324] [rl_hole_search_controller]: RESET complete; starting original HOLDING state
[sac_runtime_controller-7] [INFO] [1786435833.122758353] [rl_hole_search_controller]: HOLDING: center=[ 0.32375299 -0.4363371   0.57138847]
[sac_runtime_controller-7] [INFO] [1786435833.124601104] [rl_hole_search_controller]: HOLDING: dx=0.0000 m, depth=0.0001 m, YZ=(-0.4363, 0.5714) m, YZ_ref=(-0.4363, 0.5714) m, center_error_YZ_mm=(-0.105, 4.021), vx=-0.0001 m/s, Fx=-0.05 N, contact=True
[sac_runtime_controller-7] [INFO] [1786435833.127017640] [rl_hole_search_controller]: HOLDING: reset tool tilt=0.00 deg
[sac_runtime_controller-7] [INFO] [1786435834.204867350] [rl_hole_search_controller]: HOLDING: dx=-0.0001 m, depth=-0.0000 m, YZ=(-0.4343, 0.5696) m, YZ_ref=(-0.4363, 0.5714) m, center_error_YZ_mm=(1.965, 2.202), vx=-0.0064 m/s, Fx=0.00 N, contact=True
[sac_runtime_controller-7] [INFO] [1786435835.277169504] [rl_hole_search_controller]: HOLDING: dx=-0.0000 m, depth=0.0000 m, YZ=(-0.4335, 0.5689) m, YZ_ref=(-0.4363, 0.5714) m, center_error_YZ_mm=(2.758, 1.563), vx=-0.0150 m/s, Fx=-0.02 N, contact=True
[sac_runtime_controller-7] [INFO] [1786435836.374293191] [rl_hole_search_controller]: HOLDING: dx=-0.0007 m, depth=-0.0007 m, YZ=(-0.4371, 0.5709) m, YZ_ref=(-0.4363, 0.5714) m, center_error_YZ_mm=(-0.886, 3.575), vx=-0.0074 m/s, Fx=0.00 N, contact=False
[sac_runtime_controller-7] [INFO] [1786435837.436290207] [rl_hole_search_controller]: HOLDING: dx=-0.0004 m, depth=-0.0004 m, YZ=(-0.4365, 0.5719) m, YZ_ref=(-0.4363, 0.5714) m, center_error_YZ_mm=(-0.260, 4.506), vx=0.0100 m/s, Fx=0.00 N, contact=False
[sac_runtime_controller-7] [INFO] [1786435838.515313267] [rl_hole_search_controller]: APPROACHING: ramping world-X contact force
[sac_runtime_controller-7] [INFO] [1786435838.518439384] [rl_hole_search_controller]: APPROACHING: dx=-0.0005 m, depth=-0.0004 m, YZ=(-0.4369, 0.5725) m, YZ_ref=(-0.4363, 0.5714) m, center_error_YZ_mm=(-0.710, 5.152), vx=0.0019 m/s, Fx=0.00 N, contact=False
[sac_runtime_controller-7] [INFO] [1786435839.606702292] [rl_hole_search_controller]: APPROACHING: dx=0.0009 m, depth=0.0010 m, YZ=(-0.4319, 0.5687) m, YZ_ref=(-0.4363, 0.5714) m, center_error_YZ_mm=(4.378, 1.297), vx=-0.0018 m/s, Fx=0.01 N, contact=True
[sac_runtime_controller-7] [INFO] [1786435839.809777099] [rl_hole_search_controller]: SEARCHING: contact at X=0.3242; YZ spiral started
[sac_runtime_controller-7] [INFO] [1786435840.653599492] [rl_hole_search_controller]: SEARCHING: dx=0.0006 m, depth=0.0007 m, YZ=(-0.4353, 0.5713) m, YZ_ref=(-0.4359, 0.5695) m, center_error_YZ_mm=(0.935, 3.919), vx=0.0082 m/s, Fx=0.16 N, contact=True
[sac_runtime_controller-7] [INFO] [1786435841.728332047] [rl_hole_search_controller]: SEARCHING: dx=0.0006 m, depth=0.0007 m, YZ=(-0.4364, 0.5716) m, YZ_ref=(-0.4367, 0.5698) m, center_error_YZ_mm=(-0.192, 4.254), vx=-0.0057 m/s, Fx=0.35 N, contact=True
[sac_runtime_controller-7] [INFO] [1786435842.807424679] [rl_hole_search_controller]: SEARCHING: dx=0.0011 m, depth=0.0011 m, YZ=(-0.4321, 0.5689) m, YZ_ref=(-0.4356, 0.5698) m, center_error_YZ_mm=(4.139, 1.487), vx=-0.0004 m/s, Fx=-0.14 N, contact=True
[sac_runtime_controller-7] [INFO] [1786435843.873474054] [rl_hole_search_controller]: SEARCHING: dx=0.0009 m, depth=0.0010 m, YZ=(-0.4352, 0.5708) m, YZ_ref=(-0.4350, 0.5698) m, center_error_YZ_mm=(1.046, 3.459), vx=-0.0030 m/s, Fx=0.03 N, contact=True
[sac_runtime_controller-7] [INFO] [1786435844.966867594] [rl_hole_search_controller]: SEARCHING: dx=0.0010 m, depth=0.0010 m, YZ=(-0.4311, 0.5677) m, YZ_ref=(-0.4342, 0.5705) m, center_error_YZ_mm=(5.179, 0.313), vx=-0.0051 m/s, Fx=-0.02 N, contact=True
[sac_runtime_controller-7] [INFO] [1786435846.059963837] [rl_hole_search_controller]: SEARCHING: dx=0.0010 m, depth=0.0011 m, YZ=(-0.4313, 0.5688) m, YZ_ref=(-0.4334, 0.5695) m, center_error_YZ_mm=(4.970, 1.438), vx=-0.0052 m/s, Fx=-0.05 N, contact=True
[sac_runtime_controller-7] [INFO] [1786435847.161433250] [rl_hole_search_controller]: SEARCHING: dx=0.0005 m, depth=0.0005 m, YZ=(-0.4323, 0.5675) m, YZ_ref=(-0.4319, 0.5678) m, center_error_YZ_mm=(3.945, 0.103), vx=-0.0165 m/s, Fx=0.48 N, contact=True
[sac_runtime_controller-7] [INFO] [1786435847.904881080] [rl_hole_search_controller]: RESETTING episode=83, dataset_index=82, offset_yz_mm=(1.493, 1.704)
[sac_runtime_controller-7] [INFO] [1786435847.907069821] [rl_hole_search_controller]: RESETTING: joint_error=0.0197 rad, joint_velocity=0.8098 rad/s
[sac_runtime_controller-7] [INFO] [1786435848.013263597] [rl_hole_search_controller]: RESETTING: 固定外边界板面及真实深方孔已重建，WORLD_HOLE_XYZ=(0.33220, -0.43184, 0.56960) m, HOLE_YZ_ref=(-0.4318, 0.5696) m
[sac_runtime_controller-7] [INFO] [1786435848.715981707] [rl_hole_search_controller]: RESET complete; starting original HOLDING state
[sac_runtime_controller-7] [INFO] [1786435848.717970554] [rl_hole_search_controller]: HOLDING: center=[ 0.32375596 -0.43634726  0.571413  ]
[sac_runtime_controller-7] [INFO] [1786435848.719166122] [rl_hole_search_controller]: HOLDING: dx=0.0000 m, depth=0.0001 m, YZ=(-0.4363, 0.5714) m, YZ_ref=(-0.4363, 0.5714) m, center_error_YZ_mm=(-4.510, 1.815), vx=-0.0001 m/s, Fx=-0.06 N, contact=True
[sac_runtime_controller-7] [INFO] [1786435848.720999573] [rl_hole_search_controller]: HOLDING: reset tool tilt=0.00 deg
[sac_runtime_controller-7] [INFO] [1786435849.800977243] [rl_hole_search_controller]: HOLDING: dx=-0.0006 m, depth=-0.0006 m, YZ=(-0.4392, 0.5741) m, YZ_ref=(-0.4363, 0.5714) m, center_error_YZ_mm=(-7.360, 4.546), vx=-0.0084 m/s, Fx=0.00 N, contact=False
[sac_runtime_controller-7] [INFO] [1786435850.887678730] [rl_hole_search_controller]: HOLDING: dx=-0.0007 m, depth=-0.0007 m, YZ=(-0.4399, 0.5752) m, YZ_ref=(-0.4363, 0.5714) m, center_error_YZ_mm=(-8.074, 5.560), vx=-0.0017 m/s, Fx=0.00 N, contact=False
[sac_runtime_controller-7] [INFO] [1786435851.926216691] [rl_hole_search_controller]: HOLDING: dx=0.0000 m, depth=0.0001 m, YZ=(-0.4363, 0.5703) m, YZ_ref=(-0.4363, 0.5714) m, center_error_YZ_mm=(-4.477, 0.652), vx=-0.0059 m/s, Fx=-0.07 N, contact=True
[sac_runtime_controller-7] [INFO] [1786435852.999913613] [rl_hole_search_controller]: HOLDING: dx=0.0001 m, depth=0.0002 m, YZ=(-0.4347, 0.5687) m, YZ_ref=(-0.4363, 0.5714) m, center_error_YZ_mm=(-2.877, -0.939), vx=-0.0009 m/s, Fx=-0.18 N, contact=True
[sac_runtime_controller-7] [INFO] [1786435854.086800176] [rl_hole_search_controller]: APPROACHING: ramping world-X contact force
[sac_runtime_controller-7] [INFO] [1786435854.090146587] [rl_hole_search_controller]: APPROACHING: dx=-0.0000 m, depth=0.0000 m, YZ=(-0.4363, 0.5702) m, YZ_ref=(-0.4363, 0.5714) m, center_error_YZ_mm=(-4.502, 0.577), vx=0.0022 m/s, Fx=-0.08 N, contact=True
[sac_runtime_controller-7] [INFO] [1786435855.154130255] [rl_hole_search_controller]: APPROACHING: dx=0.0006 m, depth=0.0007 m, YZ=(-0.4349, 0.5708) m, YZ_ref=(-0.4363, 0.5714) m, center_error_YZ_mm=(-3.075, 1.227), vx=0.0023 m/s, Fx=0.27 N, contact=True
[sac_runtime_controller-7] [INFO] [1786435855.372080650] [rl_hole_search_controller]: SEARCHING: contact at X=0.3243; YZ spiral started
[sac_runtime_controller-7] [INFO] [1786435856.216386362] [rl_hole_search_controller]: SEARCHING: dx=0.0007 m, depth=0.0008 m, YZ=(-0.4372, 0.5726) m, YZ_ref=(-0.4389, 0.5748) m, center_error_YZ_mm=(-5.326, 2.970), vx=-0.0112 m/s, Fx=0.25 N, contact=True
[sac_runtime_controller-7] [INFO] [1786435857.289952263] [rl_hole_search_controller]: SEARCHING: dx=0.0008 m, depth=0.0009 m, YZ=(-0.4342, 0.5721) m, YZ_ref=(-0.4401, 0.5754) m, center_error_YZ_mm=(-2.350, 2.551), vx=0.0013 m/s, Fx=0.07 N, contact=True
[sac_runtime_controller-7] [INFO] [1786435857.738716106] [rl_hole_search_controller]: RESETTING episode=84, dataset_index=83, offset_yz_mm=(2.293, 2.318)
[sac_runtime_controller-7] [INFO] [1786435857.741773325] [rl_hole_search_controller]: RESETTING: joint_error=0.0550 rad, joint_velocity=0.0221 rad/s
[sac_runtime_controller-7] [INFO] [1786435858.011016452] [rl_hole_search_controller]: RESETTING: 固定外边界板面及真实深方孔已重建，WORLD_HOLE_XYZ=(0.33220, -0.43404, 0.57449) m, HOLE_YZ_ref=(-0.4340, 0.5745) m
[sac_runtime_controller-7] [INFO] [1786435858.572243596] [rl_hole_search_controller]: RESET complete; starting original HOLDING state
[sac_runtime_controller-7] [INFO] [1786435858.576083794] [rl_hole_search_controller]: HOLDING: center=[ 0.32375732 -0.43634518  0.57142771]
[sac_runtime_controller-7] [INFO] [1786435858.577951144] [rl_hole_search_controller]: HOLDING: dx=0.0000 m, depth=0.0001 m, YZ=(-0.4363, 0.5714) m, YZ_ref=(-0.4363, 0.5714) m, center_error_YZ_mm=(-2.308, -3.066), vx=0.0000 m/s, Fx=-0.06 N, contact=True
[sac_runtime_controller-7] [INFO] [1786435858.581141059] [rl_hole_search_controller]: HOLDING: reset tool tilt=0.00 deg
[sac_runtime_controller-7] [INFO] [1786435859.641617096] [rl_hole_search_controller]: HOLDING: dx=0.0000 m, depth=0.0001 m, YZ=(-0.4349, 0.5704) m, YZ_ref=(-0.4363, 0.5714) m, center_error_YZ_mm=(-0.860, -4.139), vx=-0.0005 m/s, Fx=-0.09 N, contact=True
[sac_runtime_controller-7] [INFO] [1786435860.704932852] [rl_hole_search_controller]: HOLDING: dx=-0.0004 m, depth=-0.0003 m, YZ=(-0.4346, 0.5699) m, YZ_ref=(-0.4363, 0.5714) m, center_error_YZ_mm=(-0.534, -4.616), vx=-0.0043 m/s, Fx=0.00 N, contact=False
[sac_runtime_controller-7] [INFO] [1786435861.862130899] [rl_hole_search_controller]: HOLDING: dx=-0.0005 m, depth=-0.0005 m, YZ=(-0.4376, 0.5723) m, YZ_ref=(-0.4363, 0.5714) m, center_error_YZ_mm=(-3.600, -2.180), vx=0.0015 m/s, Fx=0.00 N, contact=False
[sac_runtime_controller-7] [INFO] [1786435862.939636565] [rl_hole_search_controller]: HOLDING: dx=-0.0001 m, depth=-0.0000 m, YZ=(-0.4369, 0.5712) m, YZ_ref=(-0.4363, 0.5714) m, center_error_YZ_mm=(-2.829, -3.258), vx=0.0025 m/s, Fx=-0.05 N, contact=True
[sac_runtime_controller-7] [INFO] [1786435864.057120559] [rl_hole_search_controller]: APPROACHING: ramping world-X contact force
[sac_runtime_controller-7] [INFO] [1786435864.061299148] [rl_hole_search_controller]: APPROACHING: dx=-0.0004 m, depth=-0.0003 m, YZ=(-0.4392, 0.5740) m, YZ_ref=(-0.4363, 0.5714) m, center_error_YZ_mm=(-5.149, -0.504), vx=-0.0053 m/s, Fx=0.00 N, contact=False
[sac_runtime_controller-7] [INFO] [1786435865.137969324] [rl_hole_search_controller]: APPROACHING: dx=0.0004 m, depth=0.0005 m, YZ=(-0.4389, 0.5746) m, YZ_ref=(-0.4363, 0.5714) m, center_error_YZ_mm=(-4.826, 0.156), vx=0.0033 m/s, Fx=0.48 N, contact=True
[sac_runtime_controller-7] [INFO] [1786435865.353860463] [rl_hole_search_controller]: SEARCHING: contact at X=0.3245; YZ spiral started
[sac_runtime_controller-7] [INFO] [1786435866.224045141] [rl_hole_search_controller]: SEARCHING: dx=0.0006 m, depth=0.0007 m, YZ=(-0.4373, 0.5724) m, YZ_ref=(-0.4381, 0.5731) m, center_error_YZ_mm=(-3.224, -2.118), vx=-0.0040 m/s, Fx=0.30 N, contact=True
[sac_runtime_controller-7] [INFO] [1786435867.245105091] [rl_hole_search_controller]: RESETTING episode=85, dataset_index=84, offset_yz_mm=(-2.230, 0.639)
[sac_runtime_controller-7] [INFO] [1786435867.247790819] [rl_hole_search_controller]: RESETTING: joint_error=0.0122 rad, joint_velocity=0.0057 rad/s
[sac_runtime_controller-7] [INFO] [1786435867.316941273] [rl_hole_search_controller]: RESETTING: 固定外边界板面及真实深方孔已重建，WORLD_HOLE_XYZ=(0.33220, -0.43805, 0.57232) m, HOLE_YZ_ref=(-0.4381, 0.5723) m
[sac_runtime_controller-7] [INFO] [1786435868.081967752] [rl_hole_search_controller]: RESET complete; starting original HOLDING state
[sac_runtime_controller-7] [INFO] [1786435868.085168766] [rl_hole_search_controller]: HOLDING: center=[ 0.32375589 -0.43635042  0.57140918]
[sac_runtime_controller-7] [INFO] [1786435868.087013417] [rl_hole_search_controller]: HOLDING: dx=0.0000 m, depth=0.0001 m, YZ=(-0.4364, 0.5714) m, YZ_ref=(-0.4364, 0.5714) m, center_error_YZ_mm=(1.700, -0.912), vx=-0.0000 m/s, Fx=-0.06 N, contact=True
[sac_runtime_controller-7] [INFO] [1786435868.089027664] [rl_hole_search_controller]: HOLDING: reset tool tilt=0.00 deg
[sac_runtime_controller-7] [INFO] [1786435869.213656439] [rl_hole_search_controller]: HOLDING: dx=0.0001 m, depth=0.0001 m, YZ=(-0.4330, 0.5692) m, YZ_ref=(-0.4364, 0.5714) m, center_error_YZ_mm=(5.088, -3.156), vx=0.0075 m/s, Fx=-0.28 N, contact=True
[sac_runtime_controller-7] [INFO] [1786435870.386671113] [rl_hole_search_controller]: HOLDING: dx=0.0002 m, depth=0.0003 m, YZ=(-0.4336, 0.5675) m, YZ_ref=(-0.4364, 0.5714) m, center_error_YZ_mm=(4.415, -4.846), vx=-0.0449 m/s, Fx=-0.27 N, contact=True
[sac_runtime_controller-7] [INFO] [1786435871.539170531] [rl_hole_search_controller]: HOLDING: dx=-0.0002 m, depth=-0.0001 m, YZ=(-0.4369, 0.5713) m, YZ_ref=(-0.4364, 0.5714) m, center_error_YZ_mm=(1.176, -1.004), vx=-0.0049 m/s, Fx=0.00 N, contact=True
[sac_runtime_controller-7] [INFO] [1786435872.655847396] [rl_hole_search_controller]: HOLDING: dx=-0.0001 m, depth=-0.0000 m, YZ=(-0.4370, 0.5733) m, YZ_ref=(-0.4364, 0.5714) m, center_error_YZ_mm=(1.019, 0.973), vx=0.0064 m/s, Fx=-0.13 N, contact=True
[sac_runtime_controller-7] [INFO] [1786435873.821544347] [rl_hole_search_controller]: APPROACHING: ramping world-X contact force
[sac_runtime_controller-7] [INFO] [1786435873.824942656] [rl_hole_search_controller]: APPROACHING: dx=-0.0000 m, depth=0.0000 m, YZ=(-0.4370, 0.5710) m, YZ_ref=(-0.4364, 0.5714) m, center_error_YZ_mm=(1.066, -1.281), vx=0.0059 m/s, Fx=-0.14 N, contact=True
[sac_runtime_controller-7] [INFO] [1786435874.957698083] [rl_hole_search_controller]: APPROACHING: dx=0.0003 m, depth=0.0003 m, YZ=(-0.4384, 0.5733) m, YZ_ref=(-0.4364, 0.5714) m, center_error_YZ_mm=(-0.353, 1.006), vx=-0.0021 m/s, Fx=0.66 N, contact=True
[sac_runtime_controller-7] [INFO] [1786435875.194613950] [rl_hole_search_controller]: SEARCHING: contact at X=0.3245; YZ spiral started
[sac_runtime_controller-7] [INFO] [1786435875.542091962] [rl_hole_search_controller]: INSERTING: hole alignment/entry detected at 0.0007 m; centering YZ and inserting to 0.0170 m
[sac_runtime_controller-7] [INFO] [1786435875.543963412] [rl_hole_search_controller]: INSERTING handoff: HOLE_YZ_ref=(-0.4381, 0.5723) m, tool_YZ=(-0.4376, 0.5728) m, center_error_YZ_mm=(0.451, 0.455), tool_tilt=0.78 deg
[sac_runtime_controller-7] [INFO] [1786435876.096311347] [rl_hole_search_controller]: INSERTING: dx=0.0019 m, depth=0.0019 m, YZ=(-0.4382, 0.5733) m, YZ_ref=(-0.4381, 0.5723) m, center_error_YZ_mm=(-0.193, 0.952), vx=0.0010 m/s, Fx=1.19 N, contact=False
[sac_runtime_controller-7] [INFO] [1786435877.224523681] [rl_hole_search_controller]: INSERTING: dx=0.0036 m, depth=0.0037 m, YZ=(-0.4378, 0.5732) m, YZ_ref=(-0.4381, 0.5723) m, center_error_YZ_mm=(0.299, 0.917), vx=0.0015 m/s, Fx=1.20 N, contact=False
[sac_runtime_controller-7] [INFO] [1786435878.355325542] [rl_hole_search_controller]: INSERTING: dx=0.0065 m, depth=0.0065 m, YZ=(-0.4369, 0.5715) m, YZ_ref=(-0.4381, 0.5723) m, center_error_YZ_mm=(1.168, -0.786), vx=-0.0029 m/s, Fx=1.19 N, contact=False
[sac_runtime_controller-7] [INFO] [1786435879.478871990] [rl_hole_search_controller]: INSERTING: dx=0.0080 m, depth=0.0081 m, YZ=(-0.4372, 0.5724) m, YZ_ref=(-0.4381, 0.5723) m, center_error_YZ_mm=(0.832, 0.128), vx=-0.0032 m/s, Fx=1.17 N, contact=False
[sac_runtime_controller-7] [INFO] [1786435880.721704041] [rl_hole_search_controller]: INSERTING: dx=0.0091 m, depth=0.0092 m, YZ=(-0.4371, 0.5726) m, YZ_ref=(-0.4381, 0.5723) m, center_error_YZ_mm=(0.902, 0.265), vx=0.0046 m/s, Fx=1.19 N, contact=False
[sac_runtime_controller-7] [INFO] [1786435881.825840496] [rl_hole_search_controller]: INSERTING: dx=0.0102 m, depth=0.0102 m, YZ=(-0.4377, 0.5730) m, YZ_ref=(-0.4381, 0.5723) m, center_error_YZ_mm=(0.374, 0.630), vx=0.0108 m/s, Fx=1.19 N, contact=False
[sac_runtime_controller-7] [INFO] [1786435882.974332058] [rl_hole_search_controller]: INSERTING: dx=0.0129 m, depth=0.0130 m, YZ=(-0.4367, 0.5724) m, YZ_ref=(-0.4381, 0.5723) m, center_error_YZ_mm=(1.307, 0.071), vx=-0.0067 m/s, Fx=1.19 N, contact=False
[sac_runtime_controller-7] [INFO] [1786435884.080355050] [rl_hole_search_controller]: INSERTING: dx=0.0144 m, depth=0.0145 m, YZ=(-0.4374, 0.5729) m, YZ_ref=(-0.4381, 0.5723) m, center_error_YZ_mm=(0.672, 0.538), vx=-0.0094 m/s, Fx=1.20 N, contact=False
[sac_runtime_controller-7] [INFO] [1786435885.234951636] [rl_hole_search_controller]: INSERTING: dx=0.0156 m, depth=0.0157 m, YZ=(-0.4385, 0.5740) m, YZ_ref=(-0.4381, 0.5723) m, center_error_YZ_mm=(-0.428, 1.629), vx=0.0124 m/s, Fx=0.93 N, contact=False
[sac_runtime_controller-7] [INFO] [1786435886.329990911] [rl_hole_search_controller]: INSERTING: dx=0.0162 m, depth=0.0162 m, YZ=(-0.4377, 0.5723) m, YZ_ref=(-0.4381, 0.5723) m, center_error_YZ_mm=(0.381, 0.004), vx=-0.0035 m/s, Fx=0.58 N, contact=False
[sac_runtime_controller-7] [INFO] [1786435887.418977643] [rl_hole_search_controller]: INSERTING: dx=0.0167 m, depth=0.0167 m, YZ=(-0.4382, 0.5725) m, YZ_ref=(-0.4381, 0.5723) m, center_error_YZ_mm=(-0.137, 0.222), vx=-0.0038 m/s, Fx=0.40 N, contact=False
[sac_runtime_controller-7] [INFO] [1786435888.493957044] [rl_hole_search_controller]: INSERTING: dx=0.0170 m, depth=0.0171 m, YZ=(-0.4380, 0.5726) m, YZ_ref=(-0.4381, 0.5723) m, center_error_YZ_mm=(0.037, 0.298), vx=0.0072 m/s, Fx=0.16 N, contact=False
[sac_runtime_controller-7] [INFO] [1786435889.307185655] [rl_hole_search_controller]: INSERT_HOLDING: target depth confirmed at 0.0171 m; joint velocity=0.057 rad/s; tool velocity=0.006 m/s; captured current joints and starting MIT-equivalent hold
[sac_runtime_controller-7] [INFO] [1786435889.640182131] [rl_hole_search_controller]: INSERT_HOLDING: MIT joint lock, dx=0.0170 m, depth=0.0171 m, YZ=(-0.4381, 0.5724) m, ramp=0.98, q_error_max=0.0014 rad, dq_max=0.0118 rad/s, tau_max=0.02 Nm, hold_force_max=0.02 N, tip_centered_YZ=True, contact=False
[sac_runtime_controller-7] [INFO] [1786435890.775249711] [rl_hole_search_controller]: INSERT_HOLDING: MIT joint lock, dx=0.0170 m, depth=0.0171 m, YZ=(-0.4381, 0.5724) m, ramp=1.00, q_error_max=0.0004 rad, dq_max=0.0000 rad/s, tau_max=0.00 Nm, hold_force_max=0.03 N, tip_centered_YZ=True, contact=False
[sac_runtime_controller-7] [WARN] [1786435891.525548100] [rl_hole_search_controller]: INSERT_HOLDING failed physical geometry check: depth=0.0171 m, tip_error_YZ_mm=(-0.010, 0.033), entry_error_YZ_mm=(0.427, -0.136), tilt=1.57 deg; Episode will reset
[sac_runtime_controller-7] [INFO] [1786435891.560104473] [rl_hole_search_controller]: RESETTING episode=86, dataset_index=85, offset_yz_mm=(-0.745, -0.412)
[sac_runtime_controller-7] [INFO] [1786435891.562358113] [rl_hole_search_controller]: RESETTING: joint_error=0.1647 rad, joint_velocity=0.0002 rad/s
[sac_runtime_controller-7] [INFO] [1786435891.959080779] [rl_hole_search_controller]: RESETTING: 固定外边界板面及真实深方孔已重建，WORLD_HOLE_XYZ=(0.33220, -0.43769, 0.57178) m, HOLE_YZ_ref=(-0.4377, 0.5718) m
[sac_runtime_controller-7] [INFO] [1786435892.406654079] [rl_hole_search_controller]: RESET complete; starting original HOLDING state
[sac_runtime_controller-7] [INFO] [1786435892.409649998] [rl_hole_search_controller]: HOLDING: center=[ 0.32378749 -0.43636147  0.57139446]
[sac_runtime_controller-7] [INFO] [1786435892.411141559] [rl_hole_search_controller]: HOLDING: dx=0.0000 m, depth=0.0001 m, YZ=(-0.4364, 0.5714) m, YZ_ref=(-0.4364, 0.5714) m, center_error_YZ_mm=(1.333, -0.387), vx=-0.0003 m/s, Fx=-0.09 N, contact=True
[sac_runtime_controller-7] [INFO] [1786435892.415567840] [rl_hole_search_controller]: HOLDING: reset tool tilt=0.01 deg
[sac_runtime_controller-7] [INFO] [1786435893.508990622] [rl_hole_search_controller]: HOLDING: dx=-0.0002 m, depth=-0.0002 m, YZ=(-0.4375, 0.5712) m, YZ_ref=(-0.4364, 0.5714) m, center_error_YZ_mm=(0.203, -0.619), vx=-0.0087 m/s, Fx=0.00 N, contact=True
[sac_runtime_controller-7] [INFO] [1786435894.630793037] [rl_hole_search_controller]: HOLDING: dx=-0.0002 m, depth=-0.0001 m, YZ=(-0.4383, 0.5726) m, YZ_ref=(-0.4364, 0.5714) m, center_error_YZ_mm=(-0.571, 0.847), vx=-0.0044 m/s, Fx=0.00 N, contact=True
[sac_runtime_controller-7] [INFO] [1786435895.757763108] [rl_hole_search_controller]: HOLDING: dx=0.0002 m, depth=0.0003 m, YZ=(-0.4368, 0.5718) m, YZ_ref=(-0.4364, 0.5714) m, center_error_YZ_mm=(0.935, 0.038), vx=0.0066 m/s, Fx=-0.40 N, contact=True
[sac_runtime_controller-7] [INFO] [1786435896.866888553] [rl_hole_search_controller]: HOLDING: dx=-0.0003 m, depth=-0.0003 m, YZ=(-0.4370, 0.5707) m, YZ_ref=(-0.4364, 0.5714) m, center_error_YZ_mm=(0.676, -1.090), vx=0.0003 m/s, Fx=0.00 N, contact=False
[sac_runtime_controller-7] [INFO] [1786435897.976436780] [rl_hole_search_controller]: APPROACHING: ramping world-X contact force
[sac_runtime_controller-7] [INFO] [1786435897.980495571] [rl_hole_search_controller]: APPROACHING: dx=-0.0003 m, depth=-0.0002 m, YZ=(-0.4359, 0.5697) m, YZ_ref=(-0.4364, 0.5714) m, center_error_YZ_mm=(1.809, -2.104), vx=-0.0023 m/s, Fx=0.00 N, contact=True
[sac_runtime_controller-7] [INFO] [1786435899.077721922] [rl_hole_search_controller]: APPROACHING: dx=0.0006 m, depth=0.0007 m, YZ=(-0.4341, 0.5701) m, YZ_ref=(-0.4364, 0.5714) m, center_error_YZ_mm=(3.634, -1.715), vx=0.0052 m/s, Fx=0.19 N, contact=True
[sac_runtime_controller-7] [INFO] [1786435899.304285640] [rl_hole_search_controller]: SEARCHING: contact at X=0.3245; YZ spiral started
[sac_runtime_controller-7] [INFO] [1786435900.165300627] [rl_hole_search_controller]: SEARCHING: dx=0.0005 m, depth=0.0005 m, YZ=(-0.4348, 0.5709) m, YZ_ref=(-0.4327, 0.5691) m, center_error_YZ_mm=(2.906, -0.885), vx=0.0008 m/s, Fx=0.44 N, contact=True
[sac_runtime_controller-7] [INFO] [1786435901.284322383] [rl_hole_search_controller]: SEARCHING: dx=0.0010 m, depth=0.0011 m, YZ=(-0.4346, 0.5705) m, YZ_ref=(-0.4328, 0.5704) m, center_error_YZ_mm=(3.053, -1.303), vx=-0.0078 m/s, Fx=-0.05 N, contact=True
[sac_runtime_controller-7] [INFO] [1786435902.430161213] [rl_hole_search_controller]: SEARCHING: dx=0.0007 m, depth=0.0007 m, YZ=(-0.4348, 0.5725) m, YZ_ref=(-0.4334, 0.5719) m, center_error_YZ_mm=(2.905, 0.750), vx=0.0030 m/s, Fx=0.19 N, contact=True
[sac_runtime_controller-7] [INFO] [1786435903.520381931] [rl_hole_search_controller]: SEARCHING: dx=0.0008 m, depth=0.0009 m, YZ=(-0.4326, 0.5685) m, YZ_ref=(-0.4344, 0.5698) m, center_error_YZ_mm=(5.097, -3.237), vx=-0.0068 m/s, Fx=0.08 N, contact=True
[sac_runtime_controller-7] [INFO] [1786435904.646242685] [rl_hole_search_controller]: SEARCHING: dx=0.0003 m, depth=0.0003 m, YZ=(-0.4329, 0.5673) m, YZ_ref=(-0.4356, 0.5668) m, center_error_YZ_mm=(4.820, -4.483), vx=0.0110 m/s, Fx=0.44 N, contact=True
[sac_runtime_controller-7] [INFO] [1786435904.795110586] [rl_hole_search_controller]: RESETTING episode=87, dataset_index=86, offset_yz_mm=(-1.253, -2.678)
[sac_runtime_controller-7] [INFO] [1786435904.798649791] [rl_hole_search_controller]: RESETTING: joint_error=0.0479 rad, joint_velocity=0.0713 rad/s
[sac_runtime_controller-7] [INFO] [1786435905.039289026] [rl_hole_search_controller]: RESETTING: 固定外边界板面及真实深方孔已重建，WORLD_HOLE_XYZ=(0.33220, -0.43790, 0.56927) m, HOLE_YZ_ref=(-0.4379, 0.5693) m
[sac_runtime_controller-7] [INFO] [1786435905.651230682] [rl_hole_search_controller]: RESET complete; starting original HOLDING state
[sac_runtime_controller-7] [INFO] [1786435905.656071252] [rl_hole_search_controller]: HOLDING: center=[ 0.32375262 -0.43633339  0.57137181]
[sac_runtime_controller-7] [INFO] [1786435905.659242767] [rl_hole_search_controller]: HOLDING: reset tool tilt=0.01 deg
[sac_runtime_controller-7] [INFO] [1786435905.789202875] [rl_hole_search_controller]: HOLDING: dx=-0.0001 m, depth=0.0000 m, YZ=(-0.4358, 0.5705) m, YZ_ref=(-0.4363, 0.5714) m, center_error_YZ_mm=(2.075, 1.236), vx=-0.0001 m/s, Fx=-0.00 N, contact=True
[sac_runtime_controller-7] [INFO] [1786435906.886430985] [rl_hole_search_controller]: HOLDING: dx=0.0000 m, depth=0.0001 m, YZ=(-0.4351, 0.5701) m, YZ_ref=(-0.4363, 0.5714) m, center_error_YZ_mm=(2.773, 0.825), vx=0.0102 m/s, Fx=-0.26 N, contact=True
[sac_runtime_controller-7] [INFO] [1786435908.018118964] [rl_hole_search_controller]: HOLDING: dx=-0.0011 m, depth=-0.0010 m, YZ=(-0.4395, 0.5731) m, YZ_ref=(-0.4363, 0.5714) m, center_error_YZ_mm=(-1.644, 3.854), vx=0.0013 m/s, Fx=0.00 N, contact=False
[sac_runtime_controller-7] [INFO] [1786435909.095843391] [rl_hole_search_controller]: HOLDING: dx=-0.0000 m, depth=0.0000 m, YZ=(-0.4352, 0.5700) m, YZ_ref=(-0.4363, 0.5714) m, center_error_YZ_mm=(2.716, 0.742), vx=-0.0009 m/s, Fx=-0.03 N, contact=True
[sac_runtime_controller-7] [INFO] [1786435910.208048584] [rl_hole_search_controller]: HOLDING: dx=-0.0005 m, depth=-0.0005 m, YZ=(-0.4383, 0.5721) m, YZ_ref=(-0.4363, 0.5714) m, center_error_YZ_mm=(-0.441, 2.817), vx=0.0016 m/s, Fx=0.00 N, contact=False
[sac_runtime_controller-7] [INFO] [1786435911.171269378] [rl_hole_search_controller]: APPROACHING: ramping world-X contact force
[sac_runtime_controller-7] [INFO] [1786435911.304982181] [rl_hole_search_controller]: APPROACHING: dx=0.0002 m, depth=0.0002 m, YZ=(-0.4324, 0.5667) m, YZ_ref=(-0.4363, 0.5714) m, center_error_YZ_mm=(5.491, -2.608), vx=-0.0077 m/s, Fx=-0.10 N, contact=True
[sac_runtime_controller-7] [INFO] [1786435912.394445475] [rl_hole_search_controller]: APPROACHING: dx=0.0007 m, depth=0.0008 m, YZ=(-0.4331, 0.5689) m, YZ_ref=(-0.4363, 0.5714) m, center_error_YZ_mm=(4.779, -0.356), vx=-0.0040 m/s, Fx=0.23 N, contact=True
[sac_runtime_controller-7] [INFO] [1786435912.504066526] [rl_hole_search_controller]: SEARCHING: contact at X=0.3241; YZ spiral started
[sac_runtime_controller-7] [INFO] [1786435913.485406724] [rl_hole_search_controller]: SEARCHING: dx=0.0004 m, depth=0.0005 m, YZ=(-0.4366, 0.5721) m, YZ_ref=(-0.4382, 0.5732) m, center_error_YZ_mm=(1.344, 2.833), vx=0.0086 m/s, Fx=0.33 N, contact=True
[sac_runtime_controller-7] [INFO] [1786435914.196145000] [rl_hole_search_controller]: RESETTING episode=88, dataset_index=87, offset_yz_mm=(0.141, 1.600)
[sac_runtime_controller-7] [INFO] [1786435914.201298061] [rl_hole_search_controller]: RESETTING: joint_error=0.0144 rad, joint_velocity=0.0829 rad/s
[sac_runtime_controller-7] [INFO] [1786435914.265299739] [rl_hole_search_controller]: RESETTING: 固定外边界板面及真实深方孔已重建，WORLD_HOLE_XYZ=(0.33220, -0.43454, 0.57187) m, HOLE_YZ_ref=(-0.4345, 0.5719) m
[sac_runtime_controller-7] [INFO] [1786435915.029851764] [rl_hole_search_controller]: RESET complete; starting original HOLDING state
[sac_runtime_controller-7] [INFO] [1786435915.033612062] [rl_hole_search_controller]: HOLDING: center=[ 0.32375961 -0.43636004  0.57144966]
[sac_runtime_controller-7] [INFO] [1786435915.034820330] [rl_hole_search_controller]: HOLDING: dx=0.0000 m, depth=0.0001 m, YZ=(-0.4364, 0.5714) m, YZ_ref=(-0.4364, 0.5714) m, center_error_YZ_mm=(-1.824, -0.416), vx=-0.0001 m/s, Fx=-0.06 N, contact=True
[sac_runtime_controller-7] [INFO] [1786435915.037125168] [rl_hole_search_controller]: HOLDING: reset tool tilt=0.00 deg
[sac_runtime_controller-7] [INFO] [1786435916.109276310] [rl_hole_search_controller]: HOLDING: dx=-0.0001 m, depth=-0.0001 m, YZ=(-0.4356, 0.5696) m, YZ_ref=(-0.4364, 0.5714) m, center_error_YZ_mm=(-1.038, -2.270), vx=-0.0080 m/s, Fx=0.00 N, contact=True
[sac_runtime_controller-7] [INFO] [1786435917.144889831] [rl_hole_search_controller]: HOLDING: dx=0.0002 m, depth=0.0003 m, YZ=(-0.4327, 0.5708) m, YZ_ref=(-0.4364, 0.5714) m, center_error_YZ_mm=(1.802, -1.110), vx=-0.0092 m/s, Fx=-0.26 N, contact=True
[sac_runtime_controller-7] [INFO] [1786435918.205263080] [rl_hole_search_controller]: HOLDING: dx=-0.0004 m, depth=-0.0003 m, YZ=(-0.4352, 0.5712) m, YZ_ref=(-0.4364, 0.5714) m, center_error_YZ_mm=(-0.664, -0.675), vx=-0.0033 m/s, Fx=0.00 N, contact=False
[sac_runtime_controller-7] [INFO] [1786435919.352643180] [rl_hole_search_controller]: HOLDING: dx=-0.0003 m, depth=-0.0002 m, YZ=(-0.4373, 0.5723) m, YZ_ref=(-0.4364, 0.5714) m, center_error_YZ_mm=(-2.726, 0.480), vx=0.0048 m/s, Fx=0.00 N, contact=False
[sac_runtime_controller-7] [INFO] [1786435920.411169569] [rl_hole_search_controller]: APPROACHING: ramping world-X contact force
[sac_runtime_controller-7] [INFO] [1786435920.414338583] [rl_hole_search_controller]: APPROACHING: dx=0.0000 m, depth=0.0001 m, YZ=(-0.4360, 0.5717) m, YZ_ref=(-0.4364, 0.5714) m, center_error_YZ_mm=(-1.462, -0.171), vx=-0.0068 m/s, Fx=-0.10 N, contact=True
[sac_runtime_controller-7] [INFO] [1786435921.475228704] [rl_hole_search_controller]: APPROACHING: dx=0.0005 m, depth=0.0005 m, YZ=(-0.4347, 0.5709) m, YZ_ref=(-0.4364, 0.5714) m, center_error_YZ_mm=(-0.145, -0.920), vx=0.0055 m/s, Fx=0.37 N, contact=True
[sac_runtime_controller-7] [INFO] [1786435921.840243870] [rl_hole_search_controller]: SEARCHING: contact at X=0.3243; YZ spiral started
[sac_runtime_controller-7] [INFO] [1786435922.236955081] [rl_hole_search_controller]: INSERTING: hole alignment/entry detected at 0.0007 m; centering YZ and inserting to 0.0170 m
[sac_runtime_controller-7] [INFO] [1786435922.239128922] [rl_hole_search_controller]: INSERTING handoff: HOLE_YZ_ref=(-0.4345, 0.5719) m, tool_YZ=(-0.4345, 0.5715) m, center_error_YZ_mm=(0.036, -0.396), tool_tilt=0.53 deg
[sac_runtime_controller-7] [INFO] [1786435922.541322280] [rl_hole_search_controller]: INSERTING: dx=0.0013 m, depth=0.0014 m, YZ=(-0.4343, 0.5722) m, YZ_ref=(-0.4345, 0.5719) m, center_error_YZ_mm=(0.276, 0.376), vx=0.0079 m/s, Fx=1.16 N, contact=False
[sac_runtime_controller-7] [INFO] [1786435923.597286722] [rl_hole_search_controller]: INSERTING: dx=0.0041 m, depth=0.0041 m, YZ=(-0.4340, 0.5723) m, YZ_ref=(-0.4345, 0.5719) m, center_error_YZ_mm=(0.520, 0.427), vx=0.0094 m/s, Fx=1.19 N, contact=False
[sac_runtime_controller-7] [INFO] [1786435924.637098695] [rl_hole_search_controller]: INSERTING: dx=0.0062 m, depth=0.0062 m, YZ=(-0.4341, 0.5723) m, YZ_ref=(-0.4345, 0.5719) m, center_error_YZ_mm=(0.408, 0.474), vx=-0.0009 m/s, Fx=1.17 N, contact=False
[sac_runtime_controller-7] [INFO] [1786435925.677240556] [rl_hole_search_controller]: INSERTING: dx=0.0082 m, depth=0.0083 m, YZ=(-0.4338, 0.5723) m, YZ_ref=(-0.4345, 0.5719) m, center_error_YZ_mm=(0.703, 0.393), vx=-0.0033 m/s, Fx=1.20 N, contact=False
[sac_runtime_controller-7] [INFO] [1786435926.720756420] [rl_hole_search_controller]: INSERTING: dx=0.0101 m, depth=0.0101 m, YZ=(-0.4335, 0.5718) m, YZ_ref=(-0.4345, 0.5719) m, center_error_YZ_mm=(1.074, -0.101), vx=0.0074 m/s, Fx=1.16 N, contact=False
[sac_runtime_controller-7] [INFO] [1786435927.774225412] [rl_hole_search_controller]: INSERTING: dx=0.0118 m, depth=0.0118 m, YZ=(-0.4340, 0.5726) m, YZ_ref=(-0.4345, 0.5719) m, center_error_YZ_mm=(0.514, 0.686), vx=0.0000 m/s, Fx=1.20 N, contact=False
[sac_runtime_controller-7] [INFO] [1786435928.817059785] [rl_hole_search_controller]: INSERTING: dx=0.0132 m, depth=0.0132 m, YZ=(-0.4342, 0.5721) m, YZ_ref=(-0.4345, 0.5719) m, center_error_YZ_mm=(0.353, 0.264), vx=-0.0051 m/s, Fx=1.18 N, contact=False
[sac_runtime_controller-7] [INFO] [1786435929.877937467] [rl_hole_search_controller]: INSERTING: dx=0.0148 m, depth=0.0149 m, YZ=(-0.4344, 0.5726) m, YZ_ref=(-0.4345, 0.5719) m, center_error_YZ_mm=(0.109, 0.715), vx=-0.0003 m/s, Fx=1.23 N, contact=False
[sac_runtime_controller-7] [INFO] [1786435930.913935515] [rl_hole_search_controller]: INSERTING: dx=0.0161 m, depth=0.0161 m, YZ=(-0.4344, 0.5723) m, YZ_ref=(-0.4345, 0.5719) m, center_error_YZ_mm=(0.167, 0.446), vx=-0.0048 m/s, Fx=0.74 N, contact=False
[sac_runtime_controller-7] [INFO] [1786435931.982362384] [rl_hole_search_controller]: INSERTING: dx=0.0166 m, depth=0.0167 m, YZ=(-0.4348, 0.5720) m, YZ_ref=(-0.4345, 0.5719) m, center_error_YZ_mm=(-0.216, 0.183), vx=-0.0014 m/s, Fx=0.40 N, contact=False
[sac_runtime_controller-7] [INFO] [1786435933.053912763] [rl_hole_search_controller]: INSERTING: dx=0.0168 m, depth=0.0168 m, YZ=(-0.4348, 0.5724) m, YZ_ref=(-0.4345, 0.5719) m, center_error_YZ_mm=(-0.242, 0.538), vx=0.0079 m/s, Fx=0.37 N, contact=False
[sac_runtime_controller-7] [INFO] [1786435934.121826236] [rl_hole_search_controller]: INSERTING: dx=0.0168 m, depth=0.0169 m, YZ=(-0.4350, 0.5725) m, YZ_ref=(-0.4345, 0.5719) m, center_error_YZ_mm=(-0.459, 0.632), vx=-0.0060 m/s, Fx=0.33 N, contact=False
[sac_runtime_controller-7] [INFO] [1786435935.176805953] [rl_hole_search_controller]: INSERTING: dx=0.0165 m, depth=0.0166 m, YZ=(-0.4360, 0.5730) m, YZ_ref=(-0.4345, 0.5719) m, center_error_YZ_mm=(-1.488, 1.113), vx=-0.0084 m/s, Fx=0.62 N, contact=False
[sac_runtime_controller-7] [INFO] [1786435935.662859928] [rl_hole_search_controller]: INSERT_HOLDING: target depth confirmed at 0.0171 m; joint velocity=0.226 rad/s; tool velocity=0.011 m/s; captured current joints and starting MIT-equivalent hold
[sac_runtime_controller-7] [INFO] [1786435936.244013334] [rl_hole_search_controller]: INSERT_HOLDING: MIT joint lock, dx=0.0170 m, depth=0.0170 m, YZ=(-0.4345, 0.5719) m, ramp=1.00, q_error_max=0.0007 rad, dq_max=0.0031 rad/s, tau_max=0.00 Nm, hold_force_max=0.07 N, tip_centered_YZ=True, contact=False
[sac_runtime_controller-7] [INFO] [1786435937.293638188] [rl_hole_search_controller]: INSERT_HOLDING: MIT joint lock, dx=0.0170 m, depth=0.0170 m, YZ=(-0.4345, 0.5719) m, ramp=1.00, q_error_max=0.0007 rad, dq_max=0.0000 rad/s, tau_max=0.00 Nm, hold_force_max=0.07 N, tip_centered_YZ=True, contact=False
[sac_runtime_controller-7] [INFO] [1786435937.779094975] [rl_hole_search_controller]: INSERT_HOLDING complete: physical geometry confirmed; depth=0.0170 m, tip_error_YZ_mm=(0.080, -0.002), entry_error_YZ_mm=(0.169, 0.063), tilt=0.37 deg; Episode is an assembly success
[sac_runtime_controller-7] [INFO] [1786435937.821946518] [rl_hole_search_controller]: RESETTING episode=89, dataset_index=88, offset_yz_mm=(2.570, 1.380)
[sac_runtime_controller-7] [INFO] [1786435937.825065034] [rl_hole_search_controller]: RESETTING: joint_error=0.1581 rad, joint_velocity=0.0004 rad/s
[sac_runtime_controller-7] [INFO] [1786435938.213239048] [rl_hole_search_controller]: RESETTING: 固定外边界板面及真实深方孔已重建，WORLD_HOLE_XYZ=(0.33220, -0.43422, 0.57348) m, HOLE_YZ_ref=(-0.4342, 0.5735) m
[sac_runtime_controller-7] [INFO] [1786435938.647598414] [rl_hole_search_controller]: RESET complete; starting original HOLDING state
[sac_runtime_controller-7] [INFO] [1786435938.651577506] [rl_hole_search_controller]: HOLDING: center=[ 0.32378601 -0.43635643  0.57139471]
[sac_runtime_controller-7] [INFO] [1786435938.653056067] [rl_hole_search_controller]: HOLDING: dx=0.0000 m, depth=0.0001 m, YZ=(-0.4364, 0.5714) m, YZ_ref=(-0.4364, 0.5714) m, center_error_YZ_mm=(-2.138, -2.086), vx=-0.0003 m/s, Fx=-0.09 N, contact=True
[sac_runtime_controller-7] [INFO] [1786435938.656024086] [rl_hole_search_controller]: HOLDING: reset tool tilt=0.01 deg
[sac_runtime_controller-7] [INFO] [1786435939.701435942] [rl_hole_search_controller]: HOLDING: dx=0.0000 m, depth=0.0001 m, YZ=(-0.4349, 0.5702) m, YZ_ref=(-0.4364, 0.5714) m, center_error_YZ_mm=(-0.636, -3.280), vx=-0.0059 m/s, Fx=-0.13 N, contact=True
[sac_runtime_controller-7] [INFO] [1786435940.757610902] [rl_hole_search_controller]: HOLDING: dx=-0.0006 m, depth=-0.0005 m, YZ=(-0.4364, 0.5703) m, YZ_ref=(-0.4364, 0.5714) m, center_error_YZ_mm=(-2.224, -3.205), vx=0.0098 m/s, Fx=0.00 N, contact=False
[sac_runtime_controller-7] [INFO] [1786435941.808028813] [rl_hole_search_controller]: HOLDING: dx=-0.0004 m, depth=-0.0003 m, YZ=(-0.4380, 0.5719) m, YZ_ref=(-0.4364, 0.5714) m, center_error_YZ_mm=(-3.733, -1.571), vx=-0.0003 m/s, Fx=0.00 N, contact=False
[sac_runtime_controller-7] [INFO] [1786435942.868164857] [rl_hole_search_controller]: HOLDING: dx=0.0002 m, depth=0.0003 m, YZ=(-0.4337, 0.5694) m, YZ_ref=(-0.4364, 0.5714) m, center_error_YZ_mm=(0.488, -4.097), vx=0.0007 m/s, Fx=-0.34 N, contact=True
[sac_runtime_controller-7] [INFO] [1786435943.909901193] [rl_hole_search_controller]: APPROACHING: ramping world-X contact force
[sac_runtime_controller-7] [INFO] [1786435943.912572421] [rl_hole_search_controller]: APPROACHING: dx=0.0001 m, depth=0.0002 m, YZ=(-0.4336, 0.5691) m, YZ_ref=(-0.4364, 0.5714) m, center_error_YZ_mm=(0.579, -4.429), vx=-0.0080 m/s, Fx=-0.23 N, contact=True
[sac_runtime_controller-7] [INFO] [1786435944.966033336] [rl_hole_search_controller]: APPROACHING: dx=0.0003 m, depth=0.0004 m, YZ=(-0.4360, 0.5725) m, YZ_ref=(-0.4364, 0.5714) m, center_error_YZ_mm=(-1.772, -0.931), vx=0.0067 m/s, Fx=0.44 N, contact=True
[sac_runtime_controller-7] [INFO] [1786435945.212730264] [rl_hole_search_controller]: SEARCHING: contact at X=0.3242; YZ spiral started
[sac_runtime_controller-7] [INFO] [1786435946.089009066] [rl_hole_search_controller]: SEARCHING: dx=0.0004 m, depth=0.0005 m, YZ=(-0.4382, 0.5754) m, YZ_ref=(-0.4345, 0.5710) m, center_error_YZ_mm=(-4.020, 1.960), vx=-0.0021 m/s, Fx=0.47 N, contact=True
[sac_runtime_controller-7] [INFO] [1786435946.902610458] [rl_hole_search_controller]: RESETTING episode=90, dataset_index=89, offset_yz_mm=(0.829, 1.184)
[sac_runtime_controller-7] [INFO] [1786435946.904638504] [rl_hole_search_controller]: RESETTING: joint_error=0.0160 rad, joint_velocity=0.0313 rad/s
[sac_runtime_controller-7] [INFO] [1786435947.009759361] [rl_hole_search_controller]: RESETTING: 固定外边界板面及真实深方孔已重建，WORLD_HOLE_XYZ=(0.33220, -0.43325, 0.57001) m, HOLE_YZ_ref=(-0.4333, 0.5700) m
[sac_runtime_controller-7] [INFO] [1786435947.717695809] [rl_hole_search_controller]: RESET complete; starting original HOLDING state
[sac_runtime_controller-7] [INFO] [1786435947.719308365] [rl_hole_search_controller]: HOLDING: center=[ 0.32375614 -0.43635366  0.5714098 ]
[sac_runtime_controller-7] [INFO] [1786435947.721876796] [rl_hole_search_controller]: HOLDING: dx=0.0000 m, depth=0.0001 m, YZ=(-0.4364, 0.5714) m, YZ_ref=(-0.4364, 0.5714) m, center_error_YZ_mm=(-3.100, 1.400), vx=-0.0000 m/s, Fx=-0.06 N, contact=True
[sac_runtime_controller-7] [INFO] [1786435947.725162107] [rl_hole_search_controller]: HOLDING: reset tool tilt=0.00 deg
[sac_runtime_controller-7] [INFO] [1786435948.781203934] [rl_hole_search_controller]: HOLDING: dx=0.0001 m, depth=0.0001 m, YZ=(-0.4342, 0.5695) m, YZ_ref=(-0.4364, 0.5714) m, center_error_YZ_mm=(-0.896, -0.517), vx=0.0057 m/s, Fx=-0.22 N, contact=True
[sac_runtime_controller-7] [INFO] [1786435949.902121701] [rl_hole_search_controller]: HOLDING: dx=-0.0011 m, depth=-0.0011 m, YZ=(-0.4411, 0.5748) m, YZ_ref=(-0.4364, 0.5714) m, center_error_YZ_mm=(-7.803, 4.793), vx=-0.0051 m/s, Fx=0.00 N, contact=False
[sac_runtime_controller-7] [INFO] [1786435950.970333490] [rl_hole_search_controller]: HOLDING: dx=-0.0004 m, depth=-0.0003 m, YZ=(-0.4380, 0.5727) m, YZ_ref=(-0.4364, 0.5714) m, center_error_YZ_mm=(-4.775, 2.647), vx=0.0072 m/s, Fx=0.00 N, contact=False
[sac_runtime_controller-7] [INFO] [1786435952.031429767] [rl_hole_search_controller]: HOLDING: dx=-0.0002 m, depth=-0.0001 m, YZ=(-0.4380, 0.5725) m, YZ_ref=(-0.4364, 0.5714) m, center_error_YZ_mm=(-4.747, 2.509), vx=-0.0032 m/s, Fx=0.00 N, contact=True
[sac_runtime_controller-7] [INFO] [1786435953.085978417] [rl_hole_search_controller]: APPROACHING: ramping world-X contact force
[sac_runtime_controller-7] [INFO] [1786435953.090364598] [rl_hole_search_controller]: APPROACHING: dx=0.0001 m, depth=0.0002 m, YZ=(-0.4355, 0.5701) m, YZ_ref=(-0.4364, 0.5714) m, center_error_YZ_mm=(-2.254, 0.136), vx=0.0016 m/s, Fx=-0.20 N, contact=True
[sac_runtime_controller-7] [INFO] [1786435954.132549177] [rl_hole_search_controller]: APPROACHING: dx=0.0005 m, depth=0.0005 m, YZ=(-0.4371, 0.5724) m, YZ_ref=(-0.4364, 0.5714) m, center_error_YZ_mm=(-3.820, 2.432), vx=0.0029 m/s, Fx=0.43 N, contact=True
[sac_runtime_controller-7] [INFO] [1786435954.344650234] [rl_hole_search_controller]: SEARCHING: contact at X=0.3242; YZ spiral started
[sac_runtime_controller-7] [INFO] [1786435955.196602860] [rl_hole_search_controller]: SEARCHING: dx=0.0005 m, depth=0.0006 m, YZ=(-0.4391, 0.5756) m, YZ_ref=(-0.4375, 0.5729) m, center_error_YZ_mm=(-5.893, 5.637), vx=0.0013 m/s, Fx=0.40 N, contact=True
[sac_runtime_controller-7] [INFO] [1786435956.246647617] [rl_hole_search_controller]: SEARCHING: dx=0.0005 m, depth=0.0006 m, YZ=(-0.4399, 0.5770) m, YZ_ref=(-0.4387, 0.5764) m, center_error_YZ_mm=(-6.672, 7.010), vx=0.0019 m/s, Fx=0.36 N, contact=True
[sac_runtime_controller-7] [INFO] [1786435956.763249522] [rl_hole_search_controller]: RESETTING episode=91, dataset_index=90, offset_yz_mm=(1.761, 1.222)
[sac_runtime_controller-7] [INFO] [1786435956.766998521] [rl_hole_search_controller]: RESETTING: joint_error=0.0984 rad, joint_velocity=0.0416 rad/s
[sac_runtime_controller-7] [INFO] [1786435957.087909827] [rl_hole_search_controller]: RESETTING: 固定外边界板面及真实深方孔已重建，WORLD_HOLE_XYZ=(0.33220, -0.43527, 0.57313) m, HOLE_YZ_ref=(-0.4353, 0.5731) m
[sac_runtime_controller-7] [INFO] [1786435957.629519353] [rl_hole_search_controller]: RESET complete; starting original HOLDING state
[sac_runtime_controller-7] [INFO] [1786435957.631692594] [rl_hole_search_controller]: HOLDING: center=[ 0.32375779 -0.43637443  0.57143388]
[sac_runtime_controller-7] [INFO] [1786435957.632830263] [rl_hole_search_controller]: HOLDING: dx=0.0000 m, depth=0.0001 m, YZ=(-0.4364, 0.5714) m, YZ_ref=(-0.4364, 0.5714) m, center_error_YZ_mm=(-1.107, -1.694), vx=0.0001 m/s, Fx=-0.06 N, contact=True
[sac_runtime_controller-7] [INFO] [1786435957.634678713] [rl_hole_search_controller]: HOLDING: reset tool tilt=0.01 deg
[sac_runtime_controller-7] [INFO] [1786435958.798389080] [rl_hole_search_controller]: HOLDING: dx=-0.0004 m, depth=-0.0003 m, YZ=(-0.4368, 0.5719) m, YZ_ref=(-0.4364, 0.5714) m, center_error_YZ_mm=(-1.494, -1.204), vx=-0.0037 m/s, Fx=0.00 N, contact=False
[sac_runtime_controller-7] [INFO] [1786435959.850312071] [rl_hole_search_controller]: HOLDING: dx=-0.0003 m, depth=-0.0002 m, YZ=(-0.4365, 0.5709) m, YZ_ref=(-0.4364, 0.5714) m, center_error_YZ_mm=(-1.239, -2.185), vx=0.0010 m/s, Fx=0.00 N, contact=False
[sac_runtime_controller-7] [INFO] [1786435960.897416288] [rl_hole_search_controller]: HOLDING: dx=-0.0003 m, depth=-0.0003 m, YZ=(-0.4376, 0.5723) m, YZ_ref=(-0.4364, 0.5714) m, center_error_YZ_mm=(-2.292, -0.816), vx=-0.0012 m/s, Fx=0.00 N, contact=False
[sac_runtime_controller-7] [INFO] [1786435961.948018905] [rl_hole_search_controller]: HOLDING: dx=-0.0002 m, depth=-0.0001 m, YZ=(-0.4371, 0.5724) m, YZ_ref=(-0.4364, 0.5714) m, center_error_YZ_mm=(-1.861, -0.755), vx=0.0068 m/s, Fx=-0.14 N, contact=True
[sac_runtime_controller-7] [INFO] [1786435963.010446799] [rl_hole_search_controller]: APPROACHING: ramping world-X contact force
[sac_runtime_controller-7] [INFO] [1786435963.013379919] [rl_hole_search_controller]: APPROACHING: dx=-0.0005 m, depth=-0.0004 m, YZ=(-0.4382, 0.5732) m, YZ_ref=(-0.4364, 0.5714) m, center_error_YZ_mm=(-2.946, 0.050), vx=0.0019 m/s, Fx=0.00 N, contact=False
[sac_runtime_controller-7] [INFO] [1786435964.067077344] [rl_hole_search_controller]: APPROACHING: dx=0.0007 m, depth=0.0008 m, YZ=(-0.4342, 0.5696) m, YZ_ref=(-0.4364, 0.5714) m, center_error_YZ_mm=(1.070, -3.502), vx=0.0106 m/s, Fx=0.04 N, contact=True
[sac_runtime_controller-7] [INFO] [1786435964.280274462] [rl_hole_search_controller]: SEARCHING: contact at X=0.3249; YZ spiral started
[sac_runtime_controller-7] [INFO] [1786435965.140684924] [rl_hole_search_controller]: SEARCHING: dx=0.0005 m, depth=0.0005 m, YZ=(-0.4340, 0.5712) m, YZ_ref=(-0.4325, 0.5692) m, center_error_YZ_mm=(1.274, -1.936), vx=0.0103 m/s, Fx=0.27 N, contact=True
[sac_runtime_controller-7] [INFO] [1786435966.200997961] [rl_hole_search_controller]: SEARCHING: dx=0.0006 m, depth=0.0006 m, YZ=(-0.4334, 0.5684) m, YZ_ref=(-0.4334, 0.5660) m, center_error_YZ_mm=(1.912, -4.757), vx=0.0084 m/s, Fx=0.22 N, contact=True
[sac_runtime_controller-7] [INFO] [1786435967.264402209] [rl_hole_search_controller]: SEARCHING: dx=0.0007 m, depth=0.0008 m, YZ=(-0.4342, 0.5681) m, YZ_ref=(-0.4314, 0.5659) m, center_error_YZ_mm=(1.038, -5.058), vx=-0.0060 m/s, Fx=0.22 N, contact=True
[sac_runtime_controller-7] [INFO] [1786435968.334968758] [rl_hole_search_controller]: SEARCHING: dx=0.0011 m, depth=0.0011 m, YZ=(-0.4328, 0.5678) m, YZ_ref=(-0.4290, 0.5667) m, center_error_YZ_mm=(2.462, -5.325), vx=0.0035 m/s, Fx=-0.19 N, contact=True
[sac_runtime_controller-7] [INFO] [1786435969.008277186] [rl_hole_search_controller]: RESETTING episode=92, dataset_index=91, offset_yz_mm=(-1.670, 0.851)
[sac_runtime_controller-7] [INFO] [1786435969.009845443] [rl_hole_search_controller]: RESETTING: joint_error=0.0645 rad, joint_velocity=0.0255 rad/s
[sac_runtime_controller-7] [INFO] [1786435969.273234594] [rl_hole_search_controller]: RESETTING: 固定外边界板面及真实深方孔已重建，WORLD_HOLE_XYZ=(0.33220, -0.43815, 0.57208) m, HOLE_YZ_ref=(-0.4381, 0.5721) m
[sac_runtime_controller-7] [INFO] [1786435969.834844150] [rl_hole_search_controller]: RESET complete; starting original HOLDING state
[sac_runtime_controller-7] [INFO] [1786435969.837297383] [rl_hole_search_controller]: HOLDING: center=[ 0.32375427 -0.4363569   0.57139635]
[sac_runtime_controller-7] [INFO] [1786435969.838934739] [rl_hole_search_controller]: HOLDING: dx=0.0000 m, depth=0.0001 m, YZ=(-0.4364, 0.5714) m, YZ_ref=(-0.4364, 0.5714) m, center_error_YZ_mm=(1.793, -0.682), vx=-0.0000 m/s, Fx=-0.05 N, contact=True
[sac_runtime_controller-7] [INFO] [1786435969.841199777] [rl_hole_search_controller]: HOLDING: reset tool tilt=0.01 deg
[sac_runtime_controller-7] [INFO] [1786435970.893647607] [rl_hole_search_controller]: HOLDING: dx=-0.0002 m, depth=-0.0002 m, YZ=(-0.4369, 0.5718) m, YZ_ref=(-0.4364, 0.5714) m, center_error_YZ_mm=(1.203, -0.324), vx=0.0069 m/s, Fx=-0.14 N, contact=True
[sac_runtime_controller-7] [INFO] [1786435971.957019137] [rl_hole_search_controller]: HOLDING: dx=-0.0001 m, depth=-0.0001 m, YZ=(-0.4360, 0.5700) m, YZ_ref=(-0.4364, 0.5714) m, center_error_YZ_mm=(2.169, -2.082), vx=0.0029 m/s, Fx=-0.06 N, contact=True
[sac_runtime_controller-7] [INFO] [1786435973.002887237] [rl_hole_search_controller]: HOLDING: dx=-0.0002 m, depth=-0.0002 m, YZ=(-0.4353, 0.5701) m, YZ_ref=(-0.4364, 0.5714) m, center_error_YZ_mm=(2.858, -2.012), vx=0.0084 m/s, Fx=-0.17 N, contact=True
[sac_runtime_controller-7] [INFO] [1786435974.045733214] [rl_hole_search_controller]: HOLDING: dx=-0.0003 m, depth=-0.0002 m, YZ=(-0.4353, 0.5707) m, YZ_ref=(-0.4364, 0.5714) m, center_error_YZ_mm=(2.810, -1.358), vx=-0.0014 m/s, Fx=0.00 N, contact=False
[sac_runtime_controller-7] [INFO] [1786435975.109488420] [rl_hole_search_controller]: APPROACHING: ramping world-X contact force
[sac_runtime_controller-7] [INFO] [1786435975.112741031] [rl_hole_search_controller]: APPROACHING: dx=-0.0006 m, depth=-0.0006 m, YZ=(-0.4382, 0.5715) m, YZ_ref=(-0.4364, 0.5714) m, center_error_YZ_mm=(-0.038, -0.621), vx=0.0055 m/s, Fx=0.00 N, contact=False
[sac_runtime_controller-7] [INFO] [1786435976.176754625] [rl_hole_search_controller]: APPROACHING: dx=0.0003 m, depth=0.0004 m, YZ=(-0.4362, 0.5712) m, YZ_ref=(-0.4364, 0.5714) m, center_error_YZ_mm=(1.973, -0.852), vx=-0.0090 m/s, Fx=0.60 N, contact=True
[sac_runtime_controller-7] [INFO] [1786435976.395230789] [rl_hole_search_controller]: SEARCHING: contact at X=0.3241; YZ spiral started
[sac_runtime_controller-7] [INFO] [1786435977.263176006] [rl_hole_search_controller]: SEARCHING: dx=0.0006 m, depth=0.0007 m, YZ=(-0.4368, 0.5742) m, YZ_ref=(-0.4363, 0.5730) m, center_error_YZ_mm=(1.346, 2.080), vx=0.0035 m/s, Fx=0.25 N, contact=True
[sac_runtime_controller-7] [INFO] [1786435978.318079337] [rl_hole_search_controller]: SEARCHING: dx=0.0010 m, depth=0.0011 m, YZ=(-0.4312, 0.5692) m, YZ_ref=(-0.4339, 0.5729) m, center_error_YZ_mm=(6.901, -2.920), vx=-0.0014 m/s, Fx=-0.10 N, contact=True
[sac_runtime_controller-7] [INFO] [1786435978.878999994] [rl_hole_search_controller]: RESETTING episode=93, dataset_index=92, offset_yz_mm=(-0.988, 1.755)
[sac_runtime_controller-7] [INFO] [1786435978.881379329] [rl_hole_search_controller]: RESETTING: joint_error=0.0304 rad, joint_velocity=0.0123 rad/s
[sac_runtime_controller-7] [INFO] [1786435979.060381265] [rl_hole_search_controller]: RESETTING: 固定外边界板面及真实深方孔已重建，WORLD_HOLE_XYZ=(0.33220, -0.43674, 0.57368) m, HOLE_YZ_ref=(-0.4367, 0.5737) m
[sac_runtime_controller-7] [INFO] [1786435979.693182464] [rl_hole_search_controller]: RESET complete; starting original HOLDING state
[sac_runtime_controller-7] [INFO] [1786435979.695022314] [rl_hole_search_controller]: HOLDING: center=[ 0.32375626 -0.43634566  0.57142124]
[sac_runtime_controller-7] [INFO] [1786435979.697296853] [rl_hole_search_controller]: HOLDING: dx=0.0000 m, depth=0.0001 m, YZ=(-0.4363, 0.5714) m, YZ_ref=(-0.4363, 0.5714) m, center_error_YZ_mm=(0.394, -2.254), vx=0.0000 m/s, Fx=-0.06 N, contact=True
[sac_runtime_controller-7] [INFO] [1786435979.700228473] [rl_hole_search_controller]: HOLDING: reset tool tilt=0.00 deg
[sac_runtime_controller-7] [INFO] [1786435980.764506841] [rl_hole_search_controller]: HOLDING: dx=-0.0001 m, depth=-0.0000 m, YZ=(-0.4359, 0.5701) m, YZ_ref=(-0.4363, 0.5714) m, center_error_YZ_mm=(0.808, -3.613), vx=-0.0019 m/s, Fx=0.00 N, contact=True
[sac_runtime_controller-7] [INFO] [1786435981.804998653] [rl_hole_search_controller]: HOLDING: dx=0.0003 m, depth=0.0003 m, YZ=(-0.4315, 0.5686) m, YZ_ref=(-0.4363, 0.5714) m, center_error_YZ_mm=(5.254, -5.037), vx=-0.0111 m/s, Fx=-0.34 N, contact=True
[sac_runtime_controller-7] [INFO] [1786435982.878738457] [rl_hole_search_controller]: HOLDING: dx=-0.0007 m, depth=-0.0006 m, YZ=(-0.4375, 0.5722) m, YZ_ref=(-0.4363, 0.5714) m, center_error_YZ_mm=(-0.748, -1.436), vx=0.0043 m/s, Fx=0.00 N, contact=False
[sac_runtime_controller-7] [INFO] [1786435983.926294169] [rl_hole_search_controller]: HOLDING: dx=-0.0003 m, depth=-0.0002 m, YZ=(-0.4359, 0.5707) m, YZ_ref=(-0.4363, 0.5714) m, center_error_YZ_mm=(0.831, -2.956), vx=-0.0065 m/s, Fx=0.00 N, contact=True
[sac_runtime_controller-7] [INFO] [1786435984.974816349] [rl_hole_search_controller]: APPROACHING: ramping world-X contact force
[sac_runtime_controller-7] [INFO] [1786435984.977987663] [rl_hole_search_controller]: APPROACHING: dx=-0.0001 m, depth=-0.0000 m, YZ=(-0.4342, 0.5693) m, YZ_ref=(-0.4363, 0.5714) m, center_error_YZ_mm=(2.492, -4.368), vx=-0.0005 m/s, Fx=0.00 N, contact=True
[sac_runtime_controller-7] [INFO] [1786435986.014559764] [rl_hole_search_controller]: APPROACHING: dx=0.0005 m, depth=0.0005 m, YZ=(-0.4350, 0.5701) m, YZ_ref=(-0.4363, 0.5714) m, center_error_YZ_mm=(1.764, -3.602), vx=-0.0088 m/s, Fx=0.46 N, contact=True
[sac_runtime_controller-7] [INFO] [1786435986.229041928] [rl_hole_search_controller]: SEARCHING: contact at X=0.3241; YZ spiral started
[sac_runtime_controller-7] [INFO] [1786435986.540936741] [rl_hole_search_controller]: INSERTING: hole alignment/entry detected at 0.0005 m; centering YZ and inserting to 0.0170 m
[sac_runtime_controller-7] [INFO] [1786435986.542720892] [rl_hole_search_controller]: INSERTING handoff: HOLE_YZ_ref=(-0.4367, 0.5737) m, tool_YZ=(-0.4372, 0.5733) m, center_error_YZ_mm=(-0.452, -0.404), tool_tilt=0.28 deg
[sac_runtime_controller-7] [INFO] [1786435987.077681637] [rl_hole_search_controller]: INSERTING: dx=0.0023 m, depth=0.0023 m, YZ=(-0.4358, 0.5734) m, YZ_ref=(-0.4367, 0.5737) m, center_error_YZ_mm=(0.931, -0.250), vx=-0.0035 m/s, Fx=1.18 N, contact=False
[sac_runtime_controller-7] [INFO] [1786435988.113498448] [rl_hole_search_controller]: INSERTING: dx=0.0042 m, depth=0.0043 m, YZ=(-0.4365, 0.5744) m, YZ_ref=(-0.4367, 0.5737) m, center_error_YZ_mm=(0.242, 0.748), vx=0.0021 m/s, Fx=1.19 N, contact=False
[sac_runtime_controller-7] [INFO] [1786435989.172255631] [rl_hole_search_controller]: INSERTING: dx=0.0060 m, depth=0.0060 m, YZ=(-0.4362, 0.5741) m, YZ_ref=(-0.4367, 0.5737) m, center_error_YZ_mm=(0.566, 0.394), vx=-0.0007 m/s, Fx=1.16 N, contact=False
[sac_runtime_controller-7] [INFO] [1786435990.227981392] [rl_hole_search_controller]: INSERTING: dx=0.0077 m, depth=0.0078 m, YZ=(-0.4360, 0.5739) m, YZ_ref=(-0.4367, 0.5737) m, center_error_YZ_mm=(0.778, 0.230), vx=-0.0019 m/s, Fx=1.18 N, contact=False
[sac_runtime_controller-7] [INFO] [1786435991.286642570] [rl_hole_search_controller]: INSERTING: dx=0.0100 m, depth=0.0100 m, YZ=(-0.4354, 0.5738) m, YZ_ref=(-0.4367, 0.5737) m, center_error_YZ_mm=(1.315, 0.117), vx=-0.0002 m/s, Fx=1.18 N, contact=False
[sac_runtime_controller-7] [INFO] [1786435992.342696013] [rl_hole_search_controller]: INSERTING: dx=0.0115 m, depth=0.0116 m, YZ=(-0.4349, 0.5742) m, YZ_ref=(-0.4367, 0.5737) m, center_error_YZ_mm=(1.819, 0.574), vx=-0.0061 m/s, Fx=1.20 N, contact=False
[sac_runtime_controller-7] [INFO] [1786435993.388983419] [rl_hole_search_controller]: INSERTING: dx=0.0117 m, depth=0.0117 m, YZ=(-0.4366, 0.5739) m, YZ_ref=(-0.4367, 0.5737) m, center_error_YZ_mm=(0.094, 0.267), vx=-0.0096 m/s, Fx=1.24 N, contact=False
[sac_runtime_controller-7] [INFO] [1786435994.433063981] [rl_hole_search_controller]: INSERTING: dx=0.0137 m, depth=0.0138 m, YZ=(-0.4355, 0.5737) m, YZ_ref=(-0.4367, 0.5737) m, center_error_YZ_mm=(1.259, 0.072), vx=-0.0065 m/s, Fx=1.18 N, contact=False
[sac_runtime_controller-7] [INFO] [1786435995.509321962] [rl_hole_search_controller]: INSERTING: dx=0.0151 m, depth=0.0151 m, YZ=(-0.4377, 0.5747) m, YZ_ref=(-0.4367, 0.5737) m, center_error_YZ_mm=(-0.923, 1.017), vx=0.0025 m/s, Fx=1.22 N, contact=False
[sac_runtime_controller-7] [INFO] [1786435996.579233612] [rl_hole_search_controller]: INSERTING: dx=0.0163 m, depth=0.0164 m, YZ=(-0.4372, 0.5735) m, YZ_ref=(-0.4367, 0.5737) m, center_error_YZ_mm=(-0.474, -0.132), vx=-0.0206 m/s, Fx=0.63 N, contact=False
[sac_runtime_controller-7] [INFO] [1786435997.638714441] [rl_hole_search_controller]: INSERTING: dx=0.0166 m, depth=0.0167 m, YZ=(-0.4363, 0.5742) m, YZ_ref=(-0.4367, 0.5737) m, center_error_YZ_mm=(0.399, 0.528), vx=0.0015 m/s, Fx=0.36 N, contact=False
[sac_runtime_controller-7] [INFO] [1786435998.652367815] [rl_hole_search_controller]: INSERT_HOLDING: target depth confirmed at 0.0171 m; joint velocity=0.135 rad/s; tool velocity=0.003 m/s; captured current joints and starting MIT-equivalent hold
[sac_runtime_controller-7] [INFO] [1786435998.685218419] [rl_hole_search_controller]: INSERT_HOLDING: MIT joint lock, dx=0.0172 m, depth=0.0172 m, YZ=(-0.4367, 0.5738) m, ramp=0.11, q_error_max=0.0106 rad, dq_max=0.0727 rad/s, tau_max=0.22 Nm, hold_force_max=0.32 N, tip_centered_YZ=True, contact=False
[sac_runtime_controller-7] [INFO] [1786435999.733351249] [rl_hole_search_controller]: INSERT_HOLDING: MIT joint lock, dx=0.0170 m, depth=0.0171 m, YZ=(-0.4368, 0.5737) m, ramp=1.00, q_error_max=0.0002 rad, dq_max=0.0001 rad/s, tau_max=0.00 Nm, hold_force_max=0.02 N, tip_centered_YZ=True, contact=False
[sac_runtime_controller-7] [INFO] [1786436000.732006324] [rl_hole_search_controller]: INSERT_HOLDING complete: physical geometry confirmed; depth=0.0171 m, tip_error_YZ_mm=(-0.018, 0.008), entry_error_YZ_mm=(0.203, 0.023), tilt=0.74 deg; Episode is an assembly success
[sac_runtime_controller-7] [INFO] [1786436000.775335643] [rl_hole_search_controller]: RESETTING episode=94, dataset_index=93, offset_yz_mm=(2.162, -2.665)
[sac_runtime_controller-7] [INFO] [1786436000.777870974] [rl_hole_search_controller]: RESETTING: joint_error=0.1634 rad, joint_velocity=0.0001 rad/s
[sac_runtime_controller-7] [INFO] [1786436001.156953538] [rl_hole_search_controller]: RESETTING: 固定外边界板面及真实深方孔已重建，WORLD_HOLE_XYZ=(0.33220, -0.43461, 0.56929) m, HOLE_YZ_ref=(-0.4346, 0.5693) m
[sac_runtime_controller-7] [INFO] [1786436001.592871253] [rl_hole_search_controller]: RESET complete; starting original HOLDING state
[sac_runtime_controller-7] [INFO] [1786436001.595425683] [rl_hole_search_controller]: HOLDING: center=[ 0.32378714 -0.43636104  0.57140625]
[sac_runtime_controller-7] [INFO] [1786436001.596868343] [rl_hole_search_controller]: HOLDING: dx=0.0000 m, depth=0.0001 m, YZ=(-0.4364, 0.5714) m, YZ_ref=(-0.4364, 0.5714) m, center_error_YZ_mm=(-1.751, 2.121), vx=-0.0003 m/s, Fx=-0.09 N, contact=True
[sac_runtime_controller-7] [INFO] [1786436001.599426674] [rl_hole_search_controller]: HOLDING: reset tool tilt=0.01 deg
[sac_runtime_controller-7] [INFO] [1786436002.651696380] [rl_hole_search_controller]: HOLDING: dx=-0.0006 m, depth=-0.0005 m, YZ=(-0.4385, 0.5735) m, YZ_ref=(-0.4364, 0.5714) m, center_error_YZ_mm=(-3.865, 4.203), vx=0.0001 m/s, Fx=0.00 N, contact=False
[sac_runtime_controller-7] [INFO] [1786436003.709102341] [rl_hole_search_controller]: HOLDING: dx=-0.0002 m, depth=-0.0001 m, YZ=(-0.4362, 0.5716) m, YZ_ref=(-0.4364, 0.5714) m, center_error_YZ_mm=(-1.556, 2.364), vx=0.0019 m/s, Fx=-0.04 N, contact=True
[sac_runtime_controller-7] [INFO] [1786436004.773956496] [rl_hole_search_controller]: HOLDING: dx=-0.0005 m, depth=-0.0004 m, YZ=(-0.4380, 0.5725) m, YZ_ref=(-0.4364, 0.5714) m, center_error_YZ_mm=(-3.352, 3.174), vx=0.0035 m/s, Fx=0.00 N, contact=False
[sac_runtime_controller-7] [INFO] [1786436005.837346686] [rl_hole_search_controller]: HOLDING: dx=-0.0007 m, depth=-0.0006 m, YZ=(-0.4392, 0.5735) m, YZ_ref=(-0.4364, 0.5714) m, center_error_YZ_mm=(-4.585, 4.248), vx=0.0069 m/s, Fx=0.00 N, contact=False
[sac_runtime_controller-7] [INFO] [1786436006.899931294] [rl_hole_search_controller]: APPROACHING: ramping world-X contact force
[sac_runtime_controller-7] [INFO] [1786436006.902936712] [rl_hole_search_controller]: APPROACHING: dx=-0.0000 m, depth=0.0000 m, YZ=(-0.4361, 0.5697) m, YZ_ref=(-0.4364, 0.5714) m, center_error_YZ_mm=(-1.486, 0.384), vx=0.0074 m/s, Fx=-0.18 N, contact=True
[sac_runtime_controller-7] [INFO] [1786436007.966335993] [rl_hole_search_controller]: APPROACHING: dx=-0.0002 m, depth=-0.0001 m, YZ=(-0.4394, 0.5746) m, YZ_ref=(-0.4364, 0.5714) m, center_error_YZ_mm=(-4.751, 5.340), vx=0.0061 m/s, Fx=0.88 N, contact=True
[sac_runtime_controller-7] [INFO] [1786436008.192148931] [rl_hole_search_controller]: SEARCHING: contact at X=0.3241; YZ spiral started
[sac_runtime_controller-7] [INFO] [1786436009.051283482] [rl_hole_search_controller]: SEARCHING: dx=0.0008 m, depth=0.0009 m, YZ=(-0.4368, 0.5743) m, YZ_ref=(-0.4399, 0.5773) m, center_error_YZ_mm=(-2.172, 5.042), vx=0.0017 m/s, Fx=0.03 N, contact=True
[sac_runtime_controller-7] [INFO] [1786436010.117889968] [rl_hole_search_controller]: SEARCHING: dx=0.0012 m, depth=0.0013 m, YZ=(-0.4360, 0.5738) m, YZ_ref=(-0.4396, 0.5764) m, center_error_YZ_mm=(-1.422, 4.528), vx=0.0037 m/s, Fx=-0.39 N, contact=True
[sac_runtime_controller-7] [INFO] [1786436011.193235210] [rl_hole_search_controller]: SEARCHING: dx=0.0006 m, depth=0.0007 m, YZ=(-0.4387, 0.5756) m, YZ_ref=(-0.4394, 0.5745) m, center_error_YZ_mm=(-4.098, 6.314), vx=-0.0087 m/s, Fx=0.32 N, contact=True
[sac_runtime_controller-7] [INFO] [1786436012.249741062] [rl_hole_search_controller]: SEARCHING: dx=0.0007 m, depth=0.0008 m, YZ=(-0.4354, 0.5719) m, YZ_ref=(-0.4389, 0.5730) m, center_error_YZ_mm=(-0.817, 2.627), vx=-0.0050 m/s, Fx=0.18 N, contact=True
[sac_runtime_controller-7] [INFO] [1786436013.323495039] [rl_hole_search_controller]: SEARCHING: dx=0.0002 m, depth=0.0002 m, YZ=(-0.4399, 0.5758) m, YZ_ref=(-0.4384, 0.5716) m, center_error_YZ_mm=(-5.335, 6.547), vx=-0.0050 m/s, Fx=0.75 N, contact=True
[sac_runtime_controller-7] [INFO] [1786436014.256284560] [rl_hole_search_controller]: RESETTING episode=95, dataset_index=94, offset_yz_mm=(1.938, -2.568)
[sac_runtime_controller-7] [INFO] [1786436014.260478146] [rl_hole_search_controller]: RESETTING: joint_error=0.0392 rad, joint_velocity=0.0615 rad/s
[sac_runtime_controller-7] [INFO] [1786436014.479511162] [rl_hole_search_controller]: RESETTING: 固定外边界板面及真实深方孔已重建，WORLD_HOLE_XYZ=(0.33220, -0.43644, 0.57177) m, HOLE_YZ_ref=(-0.4364, 0.5718) m
[sac_runtime_controller-7] [INFO] [1786436015.085405109] [rl_hole_search_controller]: RESET complete; starting original HOLDING state
[sac_runtime_controller-7] [INFO] [1786436015.087581550] [rl_hole_search_controller]: HOLDING: center=[ 0.32375525 -0.43635608  0.57140119]
[sac_runtime_controller-7] [INFO] [1786436015.088875114] [rl_hole_search_controller]: HOLDING: dx=0.0000 m, depth=0.0001 m, YZ=(-0.4364, 0.5714) m, YZ_ref=(-0.4364, 0.5714) m, center_error_YZ_mm=(0.082, -0.371), vx=0.0001 m/s, Fx=0.00 N, contact=False
[sac_runtime_controller-7] [INFO] [1786436015.090731864] [rl_hole_search_controller]: HOLDING: reset tool tilt=0.01 deg
[sac_runtime_controller-7] [INFO] [1786436016.146923208] [rl_hole_search_controller]: HOLDING: dx=0.0000 m, depth=0.0001 m, YZ=(-0.4356, 0.5712) m, YZ_ref=(-0.4364, 0.5714) m, center_error_YZ_mm=(0.804, -0.582), vx=0.0033 m/s, Fx=-0.15 N, contact=True
[sac_runtime_controller-7] [INFO] [1786436017.237642606] [rl_hole_search_controller]: HOLDING: dx=-0.0006 m, depth=-0.0006 m, YZ=(-0.4372, 0.5719) m, YZ_ref=(-0.4364, 0.5714) m, center_error_YZ_mm=(-0.748, 0.102), vx=-0.0125 m/s, Fx=0.00 N, contact=False
[sac_runtime_controller-7] [INFO] [1786436018.301930123] [rl_hole_search_controller]: HOLDING: dx=-0.0002 m, depth=-0.0001 m, YZ=(-0.4367, 0.5706) m, YZ_ref=(-0.4364, 0.5714) m, center_error_YZ_mm=(-0.264, -1.219), vx=-0.0000 m/s, Fx=0.00 N, contact=True
[sac_runtime_controller-7] [INFO] [1786436019.372534662] [rl_hole_search_controller]: HOLDING: dx=-0.0001 m, depth=-0.0001 m, YZ=(-0.4342, 0.5699) m, YZ_ref=(-0.4364, 0.5714) m, center_error_YZ_mm=(2.206, -1.877), vx=-0.0027 m/s, Fx=0.00 N, contact=True
[sac_runtime_controller-7] [INFO] [1786436020.432200496] [rl_hole_search_controller]: APPROACHING: ramping world-X contact force
[sac_runtime_controller-7] [INFO] [1786436020.436759071] [rl_hole_search_controller]: APPROACHING: dx=-0.0004 m, depth=-0.0003 m, YZ=(-0.4379, 0.5726) m, YZ_ref=(-0.4364, 0.5714) m, center_error_YZ_mm=(-1.464, 0.874), vx=-0.0048 m/s, Fx=0.00 N, contact=False
[sac_runtime_controller-7] [INFO] [1786436021.492976098] [rl_hole_search_controller]: APPROACHING: dx=0.0004 m, depth=0.0005 m, YZ=(-0.4377, 0.5738) m, YZ_ref=(-0.4364, 0.5714) m, center_error_YZ_mm=(-1.259, 1.987), vx=0.0051 m/s, Fx=0.44 N, contact=True
[sac_runtime_controller-7] [INFO] [1786436022.623955074] [rl_hole_search_controller]: SEARCHING: contact at X=0.3246; YZ spiral started
[sac_runtime_controller-7] [INFO] [1786436022.641295800] [rl_hole_search_controller]: SEARCHING: dx=0.0008 m, depth=0.0009 m, YZ=(-0.4386, 0.5753) m, YZ_ref=(-0.4380, 0.5739) m, center_error_YZ_mm=(-2.155, 3.541), vx=0.0034 m/s, Fx=0.06 N, contact=True
[sac_runtime_controller-7] [INFO] [1786436022.726077981] [rl_hole_search_controller]: INSERTING: hole alignment/entry detected at 0.0014 m; centering YZ and inserting to 0.0170 m
[sac_runtime_controller-7] [INFO] [1786436022.728604013] [rl_hole_search_controller]: INSERTING handoff: HOLE_YZ_ref=(-0.4364, 0.5718) m, tool_YZ=(-0.4367, 0.5721) m, center_error_YZ_mm=(-0.276, 0.332), tool_tilt=0.64 deg
[sac_runtime_controller-7] [INFO] [1786436023.754049571] [rl_hole_search_controller]: INSERTING: dx=0.0026 m, depth=0.0027 m, YZ=(-0.4363, 0.5724) m, YZ_ref=(-0.4364, 0.5718) m, center_error_YZ_mm=(0.120, 0.616), vx=0.0038 m/s, Fx=1.19 N, contact=False
[sac_runtime_controller-7] [INFO] [1786436024.901159498] [rl_hole_search_controller]: INSERTING: dx=0.0057 m, depth=0.0058 m, YZ=(-0.4365, 0.5726) m, YZ_ref=(-0.4364, 0.5718) m, center_error_YZ_mm=(-0.024, 0.827), vx=-0.0068 m/s, Fx=1.16 N, contact=False
[sac_runtime_controller-7] [INFO] [1786436026.014121253] [rl_hole_search_controller]: INSERTING: dx=0.0078 m, depth=0.0079 m, YZ=(-0.4359, 0.5727) m, YZ_ref=(-0.4364, 0.5718) m, center_error_YZ_mm=(0.533, 0.897), vx=0.0042 m/s, Fx=1.18 N, contact=False
[sac_runtime_controller-7] [INFO] [1786436027.125860437] [rl_hole_search_controller]: INSERTING: dx=0.0100 m, depth=0.0100 m, YZ=(-0.4362, 0.5734) m, YZ_ref=(-0.4364, 0.5718) m, center_error_YZ_mm=(0.208, 1.650), vx=0.0115 m/s, Fx=1.19 N, contact=False
[sac_runtime_controller-7] [INFO] [1786436028.228824858] [rl_hole_search_controller]: INSERTING: dx=0.0117 m, depth=0.0117 m, YZ=(-0.4364, 0.5731) m, YZ_ref=(-0.4364, 0.5718) m, center_error_YZ_mm=(0.082, 1.306), vx=-0.0065 m/s, Fx=1.22 N, contact=False
[sac_runtime_controller-7] [INFO] [1786436029.326392721] [rl_hole_search_controller]: INSERTING: dx=0.0136 m, depth=0.0137 m, YZ=(-0.4355, 0.5717) m, YZ_ref=(-0.4364, 0.5718) m, center_error_YZ_mm=(0.945, -0.035), vx=0.0048 m/s, Fx=1.16 N, contact=False
[sac_runtime_controller-7] [INFO] [1786436030.441854590] [rl_hole_search_controller]: INSERTING: dx=0.0151 m, depth=0.0152 m, YZ=(-0.4353, 0.5716) m, YZ_ref=(-0.4364, 0.5718) m, center_error_YZ_mm=(1.097, -0.134), vx=0.0001 m/s, Fx=1.18 N, contact=False
[sac_runtime_controller-7] [INFO] [1786436031.523245888] [rl_hole_search_controller]: INSERTING: dx=0.0164 m, depth=0.0165 m, YZ=(-0.4357, 0.5716) m, YZ_ref=(-0.4364, 0.5718) m, center_error_YZ_mm=(0.751, -0.198), vx=0.0008 m/s, Fx=0.47 N, contact=False
[sac_runtime_controller-7] [INFO] [1786436032.653946232] [rl_hole_search_controller]: INSERTING: dx=0.0166 m, depth=0.0167 m, YZ=(-0.4359, 0.5716) m, YZ_ref=(-0.4364, 0.5718) m, center_error_YZ_mm=(0.580, -0.220), vx=0.0012 m/s, Fx=0.29 N, contact=False
[sac_runtime_controller-7] [INFO] [1786436033.740442282] [rl_hole_search_controller]: INSERTING: dx=0.0169 m, depth=0.0170 m, YZ=(-0.4353, 0.5706) m, YZ_ref=(-0.4364, 0.5718) m, center_error_YZ_mm=(1.153, -1.122), vx=0.0113 m/s, Fx=0.20 N, contact=False
[sac_runtime_controller-7] [INFO] [1786436034.970527495] [rl_hole_search_controller]: INSERTING: dx=0.0170 m, depth=0.0171 m, YZ=(-0.4367, 0.5724) m, YZ_ref=(-0.4364, 0.5718) m, center_error_YZ_mm=(-0.296, 0.635), vx=-0.0182 m/s, Fx=0.10 N, contact=False
[sac_runtime_controller-7] [INFO] [1786436036.058663189] [rl_hole_search_controller]: INSERTING: dx=0.0166 m, depth=0.0167 m, YZ=(-0.4369, 0.5725) m, YZ_ref=(-0.4364, 0.5718) m, center_error_YZ_mm=(-0.474, 0.767), vx=0.0082 m/s, Fx=0.41 N, contact=False
[sac_runtime_controller-7] [INFO] [1786436037.137024950] [rl_hole_search_controller]: INSERTING: dx=0.0169 m, depth=0.0169 m, YZ=(-0.4366, 0.5715) m, YZ_ref=(-0.4364, 0.5718) m, center_error_YZ_mm=(-0.137, -0.285), vx=-0.0059 m/s, Fx=0.28 N, contact=False
[sac_runtime_controller-7] [INFO] [1786436037.784559209] [rl_hole_search_controller]: INSERT_HOLDING: target depth confirmed at 0.0171 m; joint velocity=0.010 rad/s; tool velocity=0.001 m/s; captured current joints and starting MIT-equivalent hold
[sac_runtime_controller-7] [INFO] [1786436038.213351661] [rl_hole_search_controller]: INSERT_HOLDING: MIT joint lock, dx=0.0170 m, depth=0.0170 m, YZ=(-0.4364, 0.5718) m, ramp=1.00, q_error_max=0.0015 rad, dq_max=0.0142 rad/s, tau_max=0.02 Nm, hold_force_max=0.04 N, tip_centered_YZ=True, contact=False
[sac_runtime_controller-7] [INFO] [1786436039.303597587] [rl_hole_search_controller]: INSERT_HOLDING: MIT joint lock, dx=0.0170 m, depth=0.0170 m, YZ=(-0.4364, 0.5718) m, ramp=1.00, q_error_max=0.0006 rad, dq_max=0.0000 rad/s, tau_max=0.00 Nm, hold_force_max=0.04 N, tip_centered_YZ=True, contact=False
[sac_runtime_controller-7] [INFO] [1786436039.948081026] [rl_hole_search_controller]: INSERT_HOLDING complete: physical geometry confirmed; depth=0.0170 m, tip_error_YZ_mm=(0.047, 0.041), entry_error_YZ_mm=(0.291, 0.005), tilt=0.83 deg; Episode is an assembly success
[sac_runtime_controller-7] [INFO] [1786436039.994617951] [rl_hole_search_controller]: RESETTING episode=96, dataset_index=95, offset_yz_mm=(0.980, 1.054)
[sac_runtime_controller-7] [INFO] [1786436039.999294723] [rl_hole_search_controller]: RESETTING: joint_error=0.1609 rad, joint_velocity=0.0004 rad/s
[sac_runtime_controller-7] [INFO] [1786436040.385972225] [rl_hole_search_controller]: RESETTING: 固定外边界板面及真实深方孔已重建，WORLD_HOLE_XYZ=(0.33220, -0.43587, 0.57322) m, HOLE_YZ_ref=(-0.4359, 0.5732) m
[sac_runtime_controller-7] [INFO] [1786436040.823363537] [rl_hole_search_controller]: RESET complete; starting original HOLDING state
[sac_runtime_controller-7] [INFO] [1786436040.826241658] [rl_hole_search_controller]: HOLDING: center=[ 0.32378711 -0.43635667  0.57139625]
[sac_runtime_controller-7] [INFO] [1786436040.827918613] [rl_hole_search_controller]: HOLDING: dx=0.0000 m, depth=0.0001 m, YZ=(-0.4364, 0.5714) m, YZ_ref=(-0.4364, 0.5714) m, center_error_YZ_mm=(-0.486, -1.823), vx=-0.0003 m/s, Fx=-0.09 N, contact=True
[sac_runtime_controller-7] [INFO] [1786436040.830169251] [rl_hole_search_controller]: HOLDING: reset tool tilt=0.01 deg
[sac_runtime_controller-7] [INFO] [1786436041.874432827] [rl_hole_search_controller]: HOLDING: dx=0.0001 m, depth=0.0002 m, YZ=(-0.4339, 0.5695) m, YZ_ref=(-0.4364, 0.5714) m, center_error_YZ_mm=(1.959, -3.684), vx=0.0020 m/s, Fx=-0.25 N, contact=True
[sac_runtime_controller-7] [INFO] [1786436042.924267048] [rl_hole_search_controller]: HOLDING: dx=-0.0007 m, depth=-0.0006 m, YZ=(-0.4391, 0.5737) m, YZ_ref=(-0.4364, 0.5714) m, center_error_YZ_mm=(-3.212, 0.468), vx=-0.0006 m/s, Fx=0.00 N, contact=False
[sac_runtime_controller-7] [INFO] [1786436044.013897473] [rl_hole_search_controller]: HOLDING: dx=-0.0002 m, depth=-0.0001 m, YZ=(-0.4371, 0.5714) m, YZ_ref=(-0.4364, 0.5714) m, center_error_YZ_mm=(-1.200, -1.809), vx=-0.0066 m/s, Fx=0.00 N, contact=True
[sac_runtime_controller-7] [INFO] [1786436045.134228452] [rl_hole_search_controller]: HOLDING: dx=-0.0003 m, depth=-0.0002 m, YZ=(-0.4373, 0.5715) m, YZ_ref=(-0.4364, 0.5714) m, center_error_YZ_mm=(-1.462, -1.698), vx=-0.0099 m/s, Fx=0.00 N, contact=False
[sac_runtime_controller-7] [INFO] [1786436046.206757138] [rl_hole_search_controller]: APPROACHING: ramping world-X contact force
[sac_runtime_controller-7] [INFO] [1786436046.210961023] [rl_hole_search_controller]: APPROACHING: dx=-0.0004 m, depth=-0.0003 m, YZ=(-0.4387, 0.5732) m, YZ_ref=(-0.4364, 0.5714) m, center_error_YZ_mm=(-2.850, -0.062), vx=-0.0031 m/s, Fx=0.01 N, contact=False
[sac_runtime_controller-7] [INFO] [1786436047.311972523] [rl_hole_search_controller]: APPROACHING: dx=0.0007 m, depth=0.0008 m, YZ=(-0.4359, 0.5715) m, YZ_ref=(-0.4364, 0.5714) m, center_error_YZ_mm=(-0.070, -1.684), vx=0.0006 m/s, Fx=0.18 N, contact=True
[sac_runtime_controller-7] [INFO] [1786436047.522805340] [rl_hole_search_controller]: SEARCHING: contact at X=0.3246; YZ spiral started
[sac_runtime_controller-7] [INFO] [1786436048.384053313] [rl_hole_search_controller]: SEARCHING: dx=0.0004 m, depth=0.0005 m, YZ=(-0.4377, 0.5727) m, YZ_ref=(-0.4374, 0.5712) m, center_error_YZ_mm=(-1.824, -0.473), vx=-0.0078 m/s, Fx=0.51 N, contact=True
[sac_runtime_controller-7] [INFO] [1786436049.468116871] [rl_hole_search_controller]: SEARCHING: dx=0.0007 m, depth=0.0008 m, YZ=(-0.4378, 0.5731) m, YZ_ref=(-0.4381, 0.5704) m, center_error_YZ_mm=(-1.905, -0.125), vx=0.0036 m/s, Fx=0.11 N, contact=True
[sac_runtime_controller-7] [INFO] [1786436050.316725085] [rl_hole_search_controller]: RESETTING episode=97, dataset_index=96, offset_yz_mm=(2.267, 1.315)
[sac_runtime_controller-7] [INFO] [1786436050.320185291] [rl_hole_search_controller]: RESETTING: joint_error=0.0458 rad, joint_velocity=0.0716 rad/s
[sac_runtime_controller-7] [INFO] [1786436050.549304003] [rl_hole_search_controller]: RESETTING: 固定外边界板面及真实深方孔已重建，WORLD_HOLE_XYZ=(0.33220, -0.43548, 0.57418) m, HOLE_YZ_ref=(-0.4355, 0.5742) m
[sac_runtime_controller-7] [INFO] [1786436051.126314469] [rl_hole_search_controller]: RESET complete; starting original HOLDING state
[sac_runtime_controller-7] [INFO] [1786436051.128064821] [rl_hole_search_controller]: HOLDING: center=[ 0.32375381 -0.43635196  0.57137954]
[sac_runtime_controller-7] [INFO] [1786436051.129228789] [rl_hole_search_controller]: HOLDING: dx=0.0000 m, depth=0.0001 m, YZ=(-0.4364, 0.5714) m, YZ_ref=(-0.4364, 0.5714) m, center_error_YZ_mm=(-0.875, -2.800), vx=0.0000 m/s, Fx=-0.05 N, contact=True
[sac_runtime_controller-7] [INFO] [1786436051.131110837] [rl_hole_search_controller]: HOLDING: reset tool tilt=0.01 deg
[sac_runtime_controller-7] [INFO] [1786436052.219754858] [rl_hole_search_controller]: HOLDING: dx=-0.0004 m, depth=-0.0004 m, YZ=(-0.4388, 0.5729) m, YZ_ref=(-0.4364, 0.5714) m, center_error_YZ_mm=(-3.301, -1.314), vx=-0.0045 m/s, Fx=0.00 N, contact=False
[sac_runtime_controller-7] [INFO] [1786436053.276702146] [rl_hole_search_controller]: HOLDING: dx=0.0001 m, depth=0.0002 m, YZ=(-0.4333, 0.5682) m, YZ_ref=(-0.4364, 0.5714) m, center_error_YZ_mm=(2.184, -5.973), vx=-0.0063 m/s, Fx=-0.19 N, contact=True
[sac_runtime_controller-7] [INFO] [1786436054.330015429] [rl_hole_search_controller]: HOLDING: dx=-0.0003 m, depth=-0.0003 m, YZ=(-0.4360, 0.5707) m, YZ_ref=(-0.4364, 0.5714) m, center_error_YZ_mm=(-0.523, -3.490), vx=0.0005 m/s, Fx=0.00 N, contact=False
[sac_runtime_controller-7] [INFO] [1786436055.449870482] [rl_hole_search_controller]: HOLDING: dx=-0.0006 m, depth=-0.0005 m, YZ=(-0.4377, 0.5719) m, YZ_ref=(-0.4364, 0.5714) m, center_error_YZ_mm=(-2.183, -2.328), vx=0.0091 m/s, Fx=0.00 N, contact=False
[sac_runtime_controller-7] [INFO] [1786436056.549493284] [rl_hole_search_controller]: APPROACHING: ramping world-X contact force
[sac_runtime_controller-7] [INFO] [1786436056.554207754] [rl_hole_search_controller]: APPROACHING: dx=-0.0002 m, depth=-0.0002 m, YZ=(-0.4339, 0.5681) m, YZ_ref=(-0.4364, 0.5714) m, center_error_YZ_mm=(1.603, -6.100), vx=-0.0031 m/s, Fx=0.00 N, contact=True
[sac_runtime_controller-7] [INFO] [1786436057.633137122] [rl_hole_search_controller]: APPROACHING: dx=0.0003 m, depth=0.0004 m, YZ=(-0.4380, 0.5734) m, YZ_ref=(-0.4364, 0.5714) m, center_error_YZ_mm=(-2.501, -0.811), vx=0.0078 m/s, Fx=0.44 N, contact=True
[sac_runtime_controller-7] [INFO] [1786436057.854622339] [rl_hole_search_controller]: SEARCHING: contact at X=0.3245; YZ spiral started
[sac_runtime_controller-7] [INFO] [1786436058.782543252] [rl_hole_search_controller]: SEARCHING: dx=0.0008 m, depth=0.0009 m, YZ=(-0.4358, 0.5690) m, YZ_ref=(-0.4388, 0.5744) m, center_error_YZ_mm=(-0.359, -5.183), vx=0.0048 m/s, Fx=0.02 N, contact=True
[sac_runtime_controller-7] [INFO] [1786436059.854269610] [rl_hole_search_controller]: SEARCHING: dx=0.0004 m, depth=0.0004 m, YZ=(-0.4415, 0.5781) m, YZ_ref=(-0.4406, 0.5735) m, center_error_YZ_mm=(-6.007, 3.873), vx=0.0078 m/s, Fx=0.42 N, contact=True
[sac_runtime_controller-7] [INFO] [1786436059.986873667] [rl_hole_search_controller]: RESETTING episode=98, dataset_index=97, offset_yz_mm=(-1.515, 0.414)
[sac_runtime_controller-7] [INFO] [1786436059.988576220] [rl_hole_search_controller]: RESETTING: joint_error=0.0792 rad, joint_velocity=0.0403 rad/s
[sac_runtime_controller-7] [INFO] [1786436060.267229564] [rl_hole_search_controller]: RESETTING: 固定外边界板面及真实深方孔已重建，WORLD_HOLE_XYZ=(0.33220, -0.43836, 0.57168) m, HOLE_YZ_ref=(-0.4384, 0.5717) m
[sac_runtime_controller-7] [INFO] [1786436060.826075710] [rl_hole_search_controller]: RESET complete; starting original HOLDING state
[sac_runtime_controller-7] [INFO] [1786436060.829848206] [rl_hole_search_controller]: HOLDING: center=[ 0.32376059 -0.43637899  0.57145829]
[sac_runtime_controller-7] [INFO] [1786436060.832162643] [rl_hole_search_controller]: HOLDING: reset tool tilt=0.01 deg
[sac_runtime_controller-7] [INFO] [1786436060.953230116] [rl_hole_search_controller]: HOLDING: dx=0.0000 m, depth=0.0001 m, YZ=(-0.4358, 0.5701) m, YZ_ref=(-0.4364, 0.5715) m, center_error_YZ_mm=(2.511, -1.569), vx=-0.0044 m/s, Fx=-0.08 N, contact=True
[sac_runtime_controller-7] [INFO] [1786436062.012223617] [rl_hole_search_controller]: HOLDING: dx=-0.0003 m, depth=-0.0002 m, YZ=(-0.4374, 0.5708) m, YZ_ref=(-0.4364, 0.5715) m, center_error_YZ_mm=(0.924, -0.842), vx=-0.0025 m/s, Fx=0.00 N, contact=False
[sac_runtime_controller-7] [INFO] [1786436063.091728650] [rl_hole_search_controller]: HOLDING: dx=-0.0002 m, depth=-0.0001 m, YZ=(-0.4350, 0.5702) m, YZ_ref=(-0.4364, 0.5715) m, center_error_YZ_mm=(3.377, -1.474), vx=0.0037 m/s, Fx=-0.07 N, contact=True
[sac_runtime_controller-7] [INFO] [1786436064.171624568] [rl_hole_search_controller]: HOLDING: dx=-0.0003 m, depth=-0.0002 m, YZ=(-0.4334, 0.5688) m, YZ_ref=(-0.4364, 0.5715) m, center_error_YZ_mm=(4.984, -2.912), vx=-0.0099 m/s, Fx=0.00 N, contact=False
[sac_runtime_controller-7] [INFO] [1786436065.276395299] [rl_hole_search_controller]: HOLDING: dx=-0.0012 m, depth=-0.0012 m, YZ=(-0.4305, 0.5679) m, YZ_ref=(-0.4364, 0.5715) m, center_error_YZ_mm=(7.838, -3.794), vx=0.0482 m/s, Fx=0.00 N, contact=False
[sac_runtime_controller-7] [INFO] [1786436066.223976948] [rl_hole_search_controller]: APPROACHING: ramping world-X contact force
[sac_runtime_controller-7] [INFO] [1786436066.349364600] [rl_hole_search_controller]: APPROACHING: dx=-0.0007 m, depth=-0.0006 m, YZ=(-0.4382, 0.5718) m, YZ_ref=(-0.4364, 0.5715) m, center_error_YZ_mm=(0.177, 0.168), vx=-0.0047 m/s, Fx=0.12 N, contact=False
[sac_runtime_controller-7] [INFO] [1786436067.458728897] [rl_hole_search_controller]: APPROACHING: dx=0.0003 m, depth=0.0004 m, YZ=(-0.4347, 0.5713) m, YZ_ref=(-0.4364, 0.5715) m, center_error_YZ_mm=(3.657, -0.384), vx=0.0086 m/s, Fx=0.44 N, contact=True
[sac_runtime_controller-7] [INFO] [1786436067.545402413] [rl_hole_search_controller]: SEARCHING: contact at X=0.3242; YZ spiral started
[sac_runtime_controller-7] [INFO] [1786436068.555136045] [rl_hole_search_controller]: SEARCHING: dx=0.0009 m, depth=0.0010 m, YZ=(-0.4333, 0.5718) m, YZ_ref=(-0.4373, 0.5757) m, center_error_YZ_mm=(5.091, 0.120), vx=-0.0108 m/s, Fx=0.00 N, contact=True
[sac_runtime_controller-7] [INFO] [1786436068.735248392] [rl_hole_search_controller]: RESETTING episode=99, dataset_index=98, offset_yz_mm=(2.006, -0.284)
[sac_runtime_controller-7] [INFO] [1786436068.739364279] [rl_hole_search_controller]: RESETTING: joint_error=0.0521 rad, joint_velocity=0.0216 rad/s
[sac_runtime_controller-7] [INFO] [1786436069.052269173] [rl_hole_search_controller]: RESETTING: 固定外边界板面及真实深方孔已重建，WORLD_HOLE_XYZ=(0.33220, -0.43382, 0.57127) m, HOLE_YZ_ref=(-0.4338, 0.5713) m
[sac_runtime_controller-7] [INFO] [1786436069.684066495] [rl_hole_search_controller]: RESET complete; starting original HOLDING state
[sac_runtime_controller-7] [INFO] [1786436069.686713922] [rl_hole_search_controller]: HOLDING: center=[ 0.32375695 -0.43634207  0.57142981]
[sac_runtime_controller-7] [INFO] [1786436069.689690340] [rl_hole_search_controller]: HOLDING: reset tool tilt=0.00 deg
[sac_runtime_controller-7] [INFO] [1786436069.788871712] [rl_hole_search_controller]: HOLDING: dx=-0.0003 m, depth=-0.0003 m, YZ=(-0.4374, 0.5715) m, YZ_ref=(-0.4363, 0.5714) m, center_error_YZ_mm=(-3.588, 0.199), vx=-0.0192 m/s, Fx=0.00 N, contact=False
[sac_runtime_controller-7] [INFO] [1786436070.970319113] [rl_hole_search_controller]: HOLDING: dx=-0.0004 m, depth=-0.0003 m, YZ=(-0.4369, 0.5714) m, YZ_ref=(-0.4363, 0.5714) m, center_error_YZ_mm=(-3.100, 0.177), vx=0.0074 m/s, Fx=0.00 N, contact=False
[sac_runtime_controller-7] [INFO] [1786436072.149268477] [rl_hole_search_controller]: HOLDING: dx=-0.0008 m, depth=-0.0007 m, YZ=(-0.4389, 0.5735) m, YZ_ref=(-0.4363, 0.5714) m, center_error_YZ_mm=(-5.109, 2.243), vx=0.0062 m/s, Fx=0.00 N, contact=False
[sac_runtime_controller-7] [INFO] [1786436073.310667321] [rl_hole_search_controller]: HOLDING: dx=-0.0000 m, depth=0.0000 m, YZ=(-0.4394, 0.5747) m, YZ_ref=(-0.4363, 0.5714) m, center_error_YZ_mm=(-5.553, 3.396), vx=-0.0081 m/s, Fx=-0.03 N, contact=True
[sac_runtime_controller-7] [INFO] [1786436074.434812984] [rl_hole_search_controller]: HOLDING: dx=-0.0002 m, depth=-0.0002 m, YZ=(-0.4384, 0.5736) m, YZ_ref=(-0.4363, 0.5714) m, center_error_YZ_mm=(-4.604, 2.381), vx=0.0092 m/s, Fx=-0.18 N, contact=True
[sac_runtime_controller-7] [INFO] [1786436075.417562137] [rl_hole_search_controller]: APPROACHING: ramping world-X contact force
[sac_runtime_controller-7] [INFO] [1786436075.513034109] [rl_hole_search_controller]: APPROACHING: dx=-0.0001 m, depth=-0.0001 m, YZ=(-0.4358, 0.5692) m, YZ_ref=(-0.4363, 0.5714) m, center_error_YZ_mm=(-1.941, -2.051), vx=0.0040 m/s, Fx=0.01 N, contact=True
[sac_runtime_controller-7] [INFO] [1786436076.584282921] [rl_hole_search_controller]: APPROACHING: dx=0.0006 m, depth=0.0006 m, YZ=(-0.4346, 0.5700) m, YZ_ref=(-0.4363, 0.5714) m, center_error_YZ_mm=(-0.816, -1.288), vx=0.0090 m/s, Fx=0.17 N, contact=True
[sac_runtime_controller-7] [INFO] [1786436076.706170466] [rl_hole_search_controller]: SEARCHING: contact at X=0.3246; YZ spiral started
[sac_runtime_controller-7] [INFO] [1786436077.768071731] [rl_hole_search_controller]: SEARCHING: dx=0.0013 m, depth=0.0013 m, YZ=(-0.4269, 0.5666) m, YZ_ref=(-0.4341, 0.5724) m, center_error_YZ_mm=(6.868, -4.676), vx=-0.0170 m/s, Fx=-0.35 N, contact=True
[sac_runtime_controller-7] [INFO] [1786436078.130123263] [rl_hole_search_controller]: RESETTING episode=100, dataset_index=99, offset_yz_mm=(-2.820, -2.388)
[sac_runtime_controller-7] [INFO] [1786436078.133602467] [rl_hole_search_controller]: RESETTING: joint_error=0.1149 rad, joint_velocity=0.0453 rad/s
[sac_runtime_controller-7] [INFO] [1786436078.493975345] [rl_hole_search_controller]: RESETTING: 固定外边界板面及真实深方孔已重建，WORLD_HOLE_XYZ=(0.33220, -0.43875, 0.56932) m, HOLE_YZ_ref=(-0.4387, 0.5693) m
[sac_runtime_controller-7] [INFO] [1786436078.993177200] [rl_hole_search_controller]: RESET complete; starting original HOLDING state
[sac_runtime_controller-7] [INFO] [1786436078.995735630] [rl_hole_search_controller]: HOLDING: center=[ 0.32375301 -0.43631626  0.57138674]
[sac_runtime_controller-7] [INFO] [1786436078.997394184] [rl_hole_search_controller]: HOLDING: dx=0.0000 m, depth=0.0001 m, YZ=(-0.4363, 0.5714) m, YZ_ref=(-0.4363, 0.5714) m, center_error_YZ_mm=(2.430, 2.070), vx=-0.0000 m/s, Fx=-0.05 N, contact=True
[sac_runtime_controller-7] [INFO] [1786436079.000887488] [rl_hole_search_controller]: HOLDING: reset tool tilt=0.01 deg
[sac_runtime_controller-7] [INFO] [1786436080.123364778] [rl_hole_search_controller]: HOLDING: dx=-0.0001 m, depth=-0.0000 m, YZ=(-0.4336, 0.5682) m, YZ_ref=(-0.4363, 0.5714) m, center_error_YZ_mm=(5.178, -1.100), vx=0.0093 m/s, Fx=-0.19 N, contact=True
[sac_runtime_controller-7] [INFO] [1786436081.294861512] [rl_hole_search_controller]: HOLDING: dx=-0.0000 m, depth=0.0000 m, YZ=(-0.4341, 0.5689) m, YZ_ref=(-0.4363, 0.5714) m, center_error_YZ_mm=(4.682, -0.448), vx=-0.0038 m/s, Fx=-0.04 N, contact=True
[sac_runtime_controller-7] [INFO] [1786436082.427941699] [rl_hole_search_controller]: HOLDING: dx=-0.0010 m, depth=-0.0010 m, YZ=(-0.4319, 0.5624) m, YZ_ref=(-0.4363, 0.5714) m, center_error_YZ_mm=(6.817, -6.880), vx=-0.1086 m/s, Fx=0.00 N, contact=False
[sac_runtime_controller-7] [INFO] [1786436083.504216448] [rl_hole_search_controller]: HOLDING: dx=-0.0006 m, depth=-0.0005 m, YZ=(-0.4350, 0.5697) m, YZ_ref=(-0.4363, 0.5714) m, center_error_YZ_mm=(3.743, 0.419), vx=-0.0059 m/s, Fx=0.00 N, contact=False
[sac_runtime_controller-7] [INFO] [1786436084.600382946] [rl_hole_search_controller]: APPROACHING: ramping world-X contact force
[sac_runtime_controller-7] [INFO] [1786436084.605434908] [rl_hole_search_controller]: APPROACHING: dx=-0.0004 m, depth=-0.0004 m, YZ=(-0.4362, 0.5703) m, YZ_ref=(-0.4363, 0.5714) m, center_error_YZ_mm=(2.559, 1.024), vx=-0.0006 m/s, Fx=0.00 N, contact=False
[sac_runtime_controller-7] [INFO] [1786436085.758715928] [rl_hole_search_controller]: APPROACHING: dx=-0.0006 m, depth=-0.0005 m, YZ=(-0.4286, 0.5651) m, YZ_ref=(-0.4363, 0.5714) m, center_error_YZ_mm=(10.116, -4.191), vx=0.0460 m/s, Fx=1.00 N, contact=False
[sac_runtime_controller-7] [INFO] [1786436086.203671266] [rl_hole_search_controller]: SEARCHING: contact at X=0.3243; YZ spiral started
[sac_runtime_controller-7] [INFO] [1786436086.888137902] [rl_hole_search_controller]: SEARCHING: dx=0.0008 m, depth=0.0009 m, YZ=(-0.4372, 0.5739) m, YZ_ref=(-0.4369, 0.5741) m, center_error_YZ_mm=(1.500, 4.616), vx=-0.0079 m/s, Fx=0.13 N, contact=True
