====================================================================================================
[Episode 1 START]
字段: Episode | Step | GlobalStep | Source | action_y | action_z | magnitude | angle_deg | direction | turn_angle_deg
方向角: +Y=0deg, +Z=+90deg, -Y=+/-180deg, -Z=-90deg
当前实验 sac_action_step = 0.05 mm；实际每轴参考增量 = action × 0.05 mm
----------------------------------------------------------------------------------------------------
Episode=1 | Step=1 | GlobalStep=1 | Source=WARMUP_RANDOM | action_y=-0.460973 | action_z=+0.412706 | magnitude=0.618726 | angle_deg=+138.16 | direction=-Y+Z | turn_angle_deg=N/A
Episode=1 | Step=2 | GlobalStep=2 | Source=WARMUP_RANDOM | action_y=-0.559729 | action_z=-0.091764 | magnitude=0.567202 | angle_deg=-170.69 | direction=-Y | turn_angle_deg=51.15
Episode=1 | Step=3 | GlobalStep=3 | Source=WARMUP_RANDOM | action_y=-0.288196 | action_z=-0.504632 | magnitude=0.581128 | angle_deg=-119.73 | direction=-Y-Z | turn_angle_deg=50.96
Episode=1 | Step=4 | GlobalStep=4 | Source=WARMUP_RANDOM | action_y=+0.409199 | action_z=+0.935825 | magnitude=1.021378 | angle_deg=+66.38 | direction=+Y+Z | turn_angle_deg=173.89
Episode=1 | Step=5 | GlobalStep=5 | Source=WARMUP_RANDOM | action_y=+0.819709 | action_z=+0.223793 | magnitude=0.849709 | angle_deg=+15.27 | direction=+Y | turn_angle_deg=51.11
Episode=1 | Step=6 | GlobalStep=6 | Source=WARMUP_RANDOM | action_y=+0.749941 | action_z=-0.952632 | magnitude=1.212402 | angle_deg=-51.79 | direction=+Y-Z | turn_angle_deg=67.06
Episode=1 | Step=7 | GlobalStep=7 | Source=WARMUP_RANDOM | action_y=-0.990281 | action_z=+0.360874 | magnitude=1.053986 | angle_deg=+159.98 | direction=-Y | turn_angle_deg=148.23
Episode=1 | Step=8 | GlobalStep=8 | Source=WARMUP_RANDOM | action_y=-0.926207 | action_z=+0.415089 | magnitude=1.014967 | angle_deg=+155.86 | direction=-Y+Z | turn_angle_deg=4.12
Episode=1 | Step=9 | GlobalStep=9 | Source=WARMUP_RANDOM | action_y=-0.659191 | action_z=-0.600769 | magnitude=0.891884 | angle_deg=-137.65 | direction=-Y-Z | turn_angle_deg=66.49
Episode=1 | Step=10 | GlobalStep=10 | Source=WARMUP_RANDOM | action_y=+0.210864 | action_z=+0.512022 | magnitude=0.553742 | angle_deg=+67.62 | direction=+Z | turn_angle_deg=154.73
Episode=1 | Step=11 | GlobalStep=11 | Source=WARMUP_RANDOM | action_y=+0.371321 | action_z=-0.018523 | magnitude=0.371783 | angle_deg=-2.86 | direction=+Y | turn_angle_deg=70.47
Episode=1 | Step=12 | GlobalStep=12 | Source=WARMUP_RANDOM | action_y=+0.752854 | action_z=-0.847338 | magnitude=1.133478 | angle_deg=-48.38 | direction=+Y-Z | turn_angle_deg=45.52
Episode=1 | Step=13 | GlobalStep=13 | Source=WARMUP_RANDOM | action_y=+0.551542 | action_z=+0.835236 | magnitude=1.000909 | angle_deg=+56.56 | direction=+Y+Z | turn_angle_deg=104.94
Episode=1 | Step=14 | GlobalStep=14 | Source=WARMUP_RANDOM | action_y=+0.182754 | action_z=+0.658567 | magnitude=0.683454 | angle_deg=+74.49 | direction=+Z | turn_angle_deg=17.93
Episode=1 | Step=15 | GlobalStep=15 | Source=WARMUP_RANDOM | action_y=-0.807519 | action_z=-0.849971 | magnitude=1.172407 | angle_deg=-133.53 | direction=-Y-Z | turn_angle_deg=151.98
Episode=1 | Step=16 | GlobalStep=16 | Source=WARMUP_RANDOM | action_y=-0.213919 | action_z=+0.957785 | magnitude=0.981383 | angle_deg=+102.59 | direction=+Z | turn_angle_deg=123.88
Episode=1 | Step=17 | GlobalStep=17 | Source=WARMUP_RANDOM | action_y=+0.937008 | action_z=+0.740313 | magnitude=1.194172 | angle_deg=+38.31 | direction=+Y+Z | turn_angle_deg=64.28
Episode=1 | Step=18 | GlobalStep=18 | Source=WARMUP_RANDOM | action_y=-0.652032 | action_z=-0.750286 | magnitude=0.994019 | angle_deg=-130.99 | direction=-Y-Z | turn_angle_deg=169.30
Episode=1 | Step=19 | GlobalStep=19 | Source=WARMUP_RANDOM | action_y=+0.739877 | action_z=+0.135836 | magnitude=0.752243 | angle_deg=+10.40 | direction=+Y | turn_angle_deg=141.40
Episode=1 | Step=20 | GlobalStep=20 | Source=WARMUP_RANDOM | action_y=-0.103049 | action_z=-0.220652 | magnitude=0.243529 | angle_deg=-115.03 | direction=-Y-Z | turn_angle_deg=125.44
Episode=1 | Step=21 | GlobalStep=21 | Source=WARMUP_RANDOM | action_y=+0.824421 | action_z=+0.001732 | magnitude=0.824423 | angle_deg=+0.12 | direction=+Y | turn_angle_deg=115.15
Episode=1 | Step=22 | GlobalStep=22 | Source=WARMUP_RANDOM | action_y=+0.696830 | action_z=+0.058480 | magnitude=0.699279 | angle_deg=+4.80 | direction=+Y | turn_angle_deg=4.68
Episode=1 | Step=23 | GlobalStep=23 | Source=WARMUP_RANDOM | action_y=-0.247090 | action_z=+0.548566 | magnitude=0.601646 | angle_deg=+114.25 | direction=-Y+Z | turn_angle_deg=109.45
Episode=1 | Step=24 | GlobalStep=24 | Source=WARMUP_RANDOM | action_y=+0.394313 | action_z=+0.053713 | magnitude=0.397955 | angle_deg=+7.76 | direction=+Y | turn_angle_deg=106.49
Episode=1 | Step=25 | GlobalStep=25 | Source=WARMUP_RANDOM | action_y=-0.412104 | action_z=+0.884011 | magnitude=0.975349 | angle_deg=+114.99 | direction=-Y+Z | turn_angle_deg=107.24
Episode=1 | Step=26 | GlobalStep=26 | Source=WARMUP_RANDOM | action_y=+0.998886 | action_z=-0.029651 | magnitude=0.999326 | angle_deg=-1.70 | direction=+Y | turn_angle_deg=116.69
Episode=1 | Step=27 | GlobalStep=27 | Source=WARMUP_RANDOM | action_y=-0.342433 | action_z=-0.304161 | magnitude=0.458012 | angle_deg=-138.39 | direction=-Y-Z | turn_angle_deg=136.69
Episode=1 | Step=28 | GlobalStep=28 | Source=WARMUP_RANDOM | action_y=+0.961497 | action_z=+0.412411 | magnitude=1.046211 | angle_deg=+23.22 | direction=+Y+Z | turn_angle_deg=161.60
Episode=1 | Step=29 | GlobalStep=29 | Source=WARMUP_RANDOM | action_y=+0.562334 | action_z=+0.722795 | magnitude=0.915780 | angle_deg=+52.12 | direction=+Y+Z | turn_angle_deg=28.90
Episode=1 | Step=30 | GlobalStep=30 | Source=WARMUP_RANDOM | action_y=+0.405457 | action_z=-0.947370 | magnitude=1.030488 | angle_deg=-66.83 | direction=+Y-Z | turn_angle_deg=118.95
Episode=1 | Step=31 | GlobalStep=31 | Source=WARMUP_RANDOM | action_y=-0.168186 | action_z=+0.275035 | magnitude=0.322383 | angle_deg=+121.45 | direction=-Y+Z | turn_angle_deg=171.72
Episode=1 | Step=32 | GlobalStep=32 | Source=WARMUP_RANDOM | action_y=+0.473540 | action_z=-0.166185 | magnitude=0.501854 | angle_deg=-19.34 | direction=+Y | turn_angle_deg=140.78
Episode=1 | Step=33 | GlobalStep=33 | Source=WARMUP_RANDOM | action_y=-0.723766 | action_z=-0.706660 | magnitude=1.011536 | angle_deg=-135.69 | direction=-Y-Z | turn_angle_deg=116.35
Episode=1 | Step=34 | GlobalStep=34 | Source=WARMUP_RANDOM | action_y=-0.527663 | action_z=+0.860654 | magnitude=1.009532 | angle_deg=+121.51 | direction=-Y+Z | turn_angle_deg=102.80
Episode=1 | Step=35 | GlobalStep=35 | Source=WARMUP_RANDOM | action_y=+0.952626 | action_z=+0.193103 | magnitude=0.972000 | angle_deg=+11.46 | direction=+Y | turn_angle_deg=110.05
Episode=1 | Step=36 | GlobalStep=36 | Source=WARMUP_RANDOM | action_y=+0.713590 | action_z=+0.076979 | magnitude=0.717730 | angle_deg=+6.16 | direction=+Y | turn_angle_deg=5.30
Episode=1 | Step=37 | GlobalStep=37 | Source=WARMUP_RANDOM | action_y=+0.871378 | action_z=-0.479375 | magnitude=0.994535 | angle_deg=-28.82 | direction=+Y-Z | turn_angle_deg=34.97
Episode=1 | Step=38 | GlobalStep=38 | Source=WARMUP_RANDOM | action_y=-0.527219 | action_z=-0.754361 | magnitude=0.920337 | angle_deg=-124.95 | direction=-Y-Z | turn_angle_deg=96.13
Episode=1 | Step=39 | GlobalStep=39 | Source=WARMUP_RANDOM | action_y=-0.603887 | action_z=-0.907893 | magnitude=1.090390 | angle_deg=-123.63 | direction=-Y-Z | turn_angle_deg=1.32
Episode=1 | Step=40 | GlobalStep=40 | Source=WARMUP_RANDOM | action_y=-0.147415 | action_z=-0.133290 | magnitude=0.198740 | angle_deg=-137.88 | direction=-Y-Z | turn_angle_deg=14.25
Episode=1 | Step=41 | GlobalStep=41 | Source=WARMUP_RANDOM | action_y=+0.091918 | action_z=-0.836881 | magnitude=0.841914 | angle_deg=-83.73 | direction=-Z | turn_angle_deg=54.15
Episode=1 | Step=42 | GlobalStep=42 | Source=WARMUP_RANDOM | action_y=-0.631513 | action_z=-0.378558 | magnitude=0.736284 | angle_deg=-149.06 | direction=-Y-Z | turn_angle_deg=65.33
Episode=1 | Step=43 | GlobalStep=43 | Source=WARMUP_RANDOM | action_y=+0.805690 | action_z=+0.930881 | magnitude=1.231128 | angle_deg=+49.12 | direction=+Y+Z | turn_angle_deg=161.82
Episode=1 | Step=44 | GlobalStep=44 | Source=WARMUP_RANDOM | action_y=-0.039788 | action_z=-0.021364 | magnitude=0.045161 | angle_deg=-151.77 | direction=-Y-Z | turn_angle_deg=159.11
Episode=1 | Step=45 | GlobalStep=45 | Source=WARMUP_RANDOM | action_y=+0.572108 | action_z=+0.283481 | magnitude=0.638490 | angle_deg=+26.36 | direction=+Y+Z | turn_angle_deg=178.12
Episode=1 | Step=46 | GlobalStep=46 | Source=WARMUP_RANDOM | action_y=+0.613453 | action_z=-0.533090 | magnitude=0.812718 | angle_deg=-40.99 | direction=+Y-Z | turn_angle_deg=67.35
Episode=1 | Step=47 | GlobalStep=47 | Source=WARMUP_RANDOM | action_y=-0.230551 | action_z=-0.189903 | magnitude=0.298693 | angle_deg=-140.52 | direction=-Y-Z | turn_angle_deg=99.53
Episode=1 | Step=48 | GlobalStep=48 | Source=WARMUP_RANDOM | action_y=+0.654507 | action_z=-0.943125 | magnitude=1.147983 | angle_deg=-55.24 | direction=+Y-Z | turn_angle_deg=85.28
Episode=1 | Step=49 | GlobalStep=49 | Source=WARMUP_RANDOM | action_y=-0.769224 | action_z=-0.293462 | magnitude=0.823302 | angle_deg=-159.12 | direction=-Y | turn_angle_deg=103.88
Episode=1 | Step=50 | GlobalStep=50 | Source=WARMUP_RANDOM | action_y=+0.810124 | action_z=+0.338103 | magnitude=0.877847 | angle_deg=+22.65 | direction=+Y+Z | turn_angle_deg=178.23
Episode=1 | Step=51 | GlobalStep=51 | Source=WARMUP_RANDOM | action_y=+0.726316 | action_z=+0.027865 | magnitude=0.726850 | angle_deg=+2.20 | direction=+Y | turn_angle_deg=20.46
Episode=1 | Step=52 | GlobalStep=52 | Source=WARMUP_RANDOM | action_y=-0.393675 | action_z=+0.075362 | magnitude=0.400824 | angle_deg=+169.16 | direction=-Y | turn_angle_deg=166.97
Episode=1 | Step=53 | GlobalStep=53 | Source=WARMUP_RANDOM | action_y=-0.210316 | action_z=-0.041896 | magnitude=0.214448 | angle_deg=-168.73 | direction=-Y | turn_angle_deg=22.10
Episode=1 | Step=54 | GlobalStep=54 | Source=WARMUP_RANDOM | action_y=-0.617179 | action_z=+0.222121 | magnitude=0.655932 | angle_deg=+160.21 | direction=-Y | turn_angle_deg=31.06
Episode=1 | Step=55 | GlobalStep=55 | Source=WARMUP_RANDOM | action_y=+0.995115 | action_z=-0.349884 | magnitude=1.054833 | angle_deg=-19.37 | direction=+Y | turn_angle_deg=179.58
Episode=1 | Step=56 | GlobalStep=56 | Source=WARMUP_RANDOM | action_y=+0.028563 | action_z=-0.838205 | magnitude=0.838691 | angle_deg=-88.05 | direction=-Z | turn_angle_deg=68.68
Episode=1 | Step=57 | GlobalStep=57 | Source=WARMUP_RANDOM | action_y=-0.431362 | action_z=+0.825308 | magnitude=0.931239 | angle_deg=+117.59 | direction=-Y+Z | turn_angle_deg=154.36
Episode=1 | Step=58 | GlobalStep=58 | Source=WARMUP_RANDOM | action_y=-0.392349 | action_z=-0.695732 | magnitude=0.798737 | angle_deg=-119.42 | direction=-Y-Z | turn_angle_deg=122.99
Episode=1 | Step=59 | GlobalStep=59 | Source=WARMUP_RANDOM | action_y=-0.398952 | action_z=+0.211440 | magnitude=0.451519 | angle_deg=+152.08 | direction=-Y+Z | turn_angle_deg=88.50
Episode=1 | Step=60 | GlobalStep=60 | Source=WARMUP_RANDOM | action_y=-0.433780 | action_z=+0.655823 | magnitude=0.786301 | angle_deg=+123.48 | direction=-Y+Z | turn_angle_deg=28.60
Episode=1 | Step=61 | GlobalStep=61 | Source=WARMUP_RANDOM | action_y=+0.114514 | action_z=+0.453498 | magnitude=0.467732 | angle_deg=+75.83 | direction=+Z | turn_angle_deg=47.65
Episode=1 | Step=62 | GlobalStep=62 | Source=WARMUP_RANDOM | action_y=+0.880555 | action_z=-0.610298 | magnitude=1.071374 | angle_deg=-34.73 | direction=+Y-Z | turn_angle_deg=110.55
Episode=1 | Step=63 | GlobalStep=63 | Source=WARMUP_RANDOM | action_y=-0.625620 | action_z=+0.132627 | magnitude=0.639523 | angle_deg=+168.03 | direction=-Y | turn_angle_deg=157.24
Episode=1 | Step=64 | GlobalStep=64 | Source=WARMUP_RANDOM | action_y=-0.409006 | action_z=+0.640088 | magnitude=0.759604 | angle_deg=+122.58 | direction=-Y+Z | turn_angle_deg=45.45
Episode=1 | Step=65 | GlobalStep=65 | Source=WARMUP_RANDOM | action_y=-0.111259 | action_z=+0.031644 | magnitude=0.115671 | angle_deg=+164.12 | direction=-Y | turn_angle_deg=41.55
Episode=1 | Step=66 | GlobalStep=66 | Source=WARMUP_RANDOM | action_y=+0.922548 | action_z=+0.416668 | magnitude=1.012278 | angle_deg=+24.31 | direction=+Y+Z | turn_angle_deg=139.82
Episode=1 | Step=67 | GlobalStep=67 | Source=WARMUP_RANDOM | action_y=+0.987508 | action_z=+0.311351 | magnitude=1.035428 | angle_deg=+17.50 | direction=+Y | turn_angle_deg=6.81
Episode=1 | Step=68 | GlobalStep=68 | Source=WARMUP_RANDOM | action_y=+0.821037 | action_z=+0.349723 | magnitude=0.892416 | angle_deg=+23.07 | direction=+Y+Z | turn_angle_deg=5.57
Episode=1 | Step=69 | GlobalStep=69 | Source=WARMUP_RANDOM | action_y=+0.719737 | action_z=+0.088177 | magnitude=0.725119 | angle_deg=+6.98 | direction=+Y | turn_angle_deg=16.09
Episode=1 | Step=70 | GlobalStep=70 | Source=WARMUP_RANDOM | action_y=+0.522025 | action_z=-0.621486 | magnitude=0.811637 | angle_deg=-49.97 | direction=+Y-Z | turn_angle_deg=56.96
Episode=1 | Step=71 | GlobalStep=71 | Source=WARMUP_RANDOM | action_y=+0.514252 | action_z=+0.632432 | magnitude=0.815124 | angle_deg=+50.88 | direction=+Y+Z | turn_angle_deg=100.86
Episode=1 | Step=72 | GlobalStep=72 | Source=WARMUP_RANDOM | action_y=+0.371597 | action_z=+0.520807 | magnitude=0.639784 | angle_deg=+54.49 | direction=+Y+Z | turn_angle_deg=3.61
Episode=1 | Step=73 | GlobalStep=73 | Source=WARMUP_RANDOM | action_y=+0.783494 | action_z=+0.195986 | magnitude=0.807634 | angle_deg=+14.04 | direction=+Y | turn_angle_deg=40.45
Episode=1 | Step=74 | GlobalStep=74 | Source=WARMUP_RANDOM | action_y=+0.656736 | action_z=-0.674749 | magnitude=0.941588 | angle_deg=-45.78 | direction=+Y-Z | turn_angle_deg=59.82
Episode=1 | Step=75 | GlobalStep=75 | Source=WARMUP_RANDOM | action_y=+0.513292 | action_z=+0.652106 | magnitude=0.829886 | angle_deg=+51.79 | direction=+Y+Z | turn_angle_deg=97.57
Episode=1 | Step=76 | GlobalStep=76 | Source=WARMUP_RANDOM | action_y=+0.221457 | action_z=+0.505782 | magnitude=0.552140 | angle_deg=+66.35 | direction=+Y+Z | turn_angle_deg=14.56
Episode=1 | Step=77 | GlobalStep=77 | Source=WARMUP_RANDOM | action_y=+0.188606 | action_z=+0.846033 | magnitude=0.866801 | angle_deg=+77.43 | direction=+Z | turn_angle_deg=11.08
Episode=1 | Step=78 | GlobalStep=78 | Source=WARMUP_RANDOM | action_y=+0.952831 | action_z=+0.639551 | magnitude=1.147568 | angle_deg=+33.87 | direction=+Y+Z | turn_angle_deg=43.56
Episode=1 | Step=79 | GlobalStep=79 | Source=WARMUP_RANDOM | action_y=+0.578332 | action_z=+0.069954 | magnitude=0.582548 | angle_deg=+6.90 | direction=+Y | turn_angle_deg=26.97
Episode=1 | Step=80 | GlobalStep=80 | Source=WARMUP_RANDOM | action_y=+0.792257 | action_z=-0.023355 | magnitude=0.792601 | angle_deg=-1.69 | direction=+Y | turn_angle_deg=8.59
Episode=1 | Step=81 | GlobalStep=81 | Source=WARMUP_RANDOM | action_y=-0.745188 | action_z=+0.855293 | magnitude=1.134386 | angle_deg=+131.06 | direction=-Y+Z | turn_angle_deg=132.75
Episode=1 | Step=82 | GlobalStep=82 | Source=WARMUP_RANDOM | action_y=+0.648229 | action_z=+0.917784 | magnitude=1.123623 | angle_deg=+54.77 | direction=+Y+Z | turn_angle_deg=76.30
Episode=1 | Step=83 | GlobalStep=83 | Source=WARMUP_RANDOM | action_y=-0.940395 | action_z=-0.793271 | magnitude=1.230293 | angle_deg=-139.85 | direction=-Y-Z | turn_angle_deg=165.38
Episode=1 | Step=84 | GlobalStep=84 | Source=WARMUP_RANDOM | action_y=-0.549166 | action_z=+0.865436 | magnitude=1.024969 | angle_deg=+122.40 | direction=-Y+Z | turn_angle_deg=97.75
Episode=1 | Step=85 | GlobalStep=85 | Source=WARMUP_RANDOM | action_y=-0.372732 | action_z=+0.071115 | magnitude=0.379456 | angle_deg=+169.20 | direction=-Y | turn_angle_deg=46.80
Episode=1 | Step=86 | GlobalStep=86 | Source=WARMUP_RANDOM | action_y=-0.689921 | action_z=-0.320292 | magnitude=0.760644 | angle_deg=-155.10 | direction=-Y-Z | turn_angle_deg=35.70
Episode=1 | Step=87 | GlobalStep=87 | Source=WARMUP_RANDOM | action_y=-0.112890 | action_z=+0.624112 | magnitude=0.634239 | angle_deg=+100.25 | direction=+Z | turn_angle_deg=104.65
Episode=1 | Step=88 | GlobalStep=88 | Source=WARMUP_RANDOM | action_y=-0.610206 | action_z=-0.830227 | magnitude=1.030353 | angle_deg=-126.32 | direction=-Y-Z | turn_angle_deg=133.43
Episode=1 | Step=89 | GlobalStep=89 | Source=WARMUP_RANDOM | action_y=+0.857097 | action_z=-0.071423 | magnitude=0.860067 | angle_deg=-4.76 | direction=+Y | turn_angle_deg=121.55
Episode=1 | Step=90 | GlobalStep=90 | Source=WARMUP_RANDOM | action_y=+0.529857 | action_z=-0.366400 | magnitude=0.644203 | angle_deg=-34.66 | direction=+Y-Z | turn_angle_deg=29.90
Episode=1 | Step=91 | GlobalStep=91 | Source=WARMUP_RANDOM | action_y=-0.877366 | action_z=-0.166740 | magnitude=0.893070 | angle_deg=-169.24 | direction=-Y | turn_angle_deg=134.58
Episode=1 | Step=92 | GlobalStep=92 | Source=WARMUP_RANDOM | action_y=+0.730158 | action_z=-0.327759 | magnitude=0.800348 | angle_deg=-24.17 | direction=+Y-Z | turn_angle_deg=145.06
Episode=1 | Step=93 | GlobalStep=93 | Source=WARMUP_RANDOM | action_y=+0.878874 | action_z=+0.805746 | magnitude=1.192328 | angle_deg=+42.51 | direction=+Y+Z | turn_angle_deg=66.69
Episode=1 | Step=94 | GlobalStep=94 | Source=WARMUP_RANDOM | action_y=-0.839427 | action_z=-0.098038 | magnitude=0.845133 | angle_deg=-173.34 | direction=-Y | turn_angle_deg=144.15
Episode=1 | Step=95 | GlobalStep=95 | Source=WARMUP_RANDOM | action_y=-0.239325 | action_z=+0.773130 | magnitude=0.809325 | angle_deg=+107.20 | direction=+Z | turn_angle_deg=79.46
Episode=1 | Step=96 | GlobalStep=96 | Source=WARMUP_RANDOM | action_y=-0.400758 | action_z=-0.992691 | magnitude=1.070533 | angle_deg=-111.98 | direction=-Z | turn_angle_deg=140.82
Episode=1 | Step=97 | GlobalStep=97 | Source=WARMUP_RANDOM | action_y=+0.342316 | action_z=+0.042791 | magnitude=0.344980 | angle_deg=+7.13 | direction=+Y | turn_angle_deg=119.11
Episode=1 | Step=98 | GlobalStep=98 | Source=WARMUP_RANDOM | action_y=+0.886814 | action_z=-0.286809 | magnitude=0.932040 | angle_deg=-17.92 | direction=+Y | turn_angle_deg=25.05
Episode=1 | Step=99 | GlobalStep=99 | Source=WARMUP_RANDOM | action_y=-0.032815 | action_z=+0.010199 | magnitude=0.034363 | angle_deg=+162.73 | direction=-Y | turn_angle_deg=179.34
Episode=1 | Step=100 | GlobalStep=100 | Source=WARMUP_RANDOM | action_y=+0.767405 | action_z=+0.121744 | magnitude=0.777001 | angle_deg=+9.01 | direction=+Y | turn_angle_deg=153.72
Episode=1 | Step=101 | GlobalStep=101 | Source=WARMUP_RANDOM | action_y=+0.819861 | action_z=+0.070253 | magnitude=0.822866 | angle_deg=+4.90 | direction=+Y | turn_angle_deg=4.12
Episode=1 | Step=102 | GlobalStep=102 | Source=WARMUP_RANDOM | action_y=+0.867048 | action_z=+0.841965 | magnitude=1.208585 | angle_deg=+44.16 | direction=+Y+Z | turn_angle_deg=39.26
Episode=1 | Step=103 | GlobalStep=103 | Source=WARMUP_RANDOM | action_y=+0.327173 | action_z=+0.703560 | magnitude=0.775912 | angle_deg=+65.06 | direction=+Y+Z | turn_angle_deg=20.90
Episode=1 | Step=104 | GlobalStep=104 | Source=WARMUP_RANDOM | action_y=+0.094494 | action_z=-0.231454 | magnitude=0.250001 | angle_deg=-67.79 | direction=-Z | turn_angle_deg=132.85
Episode=1 | Step=105 | GlobalStep=105 | Source=WARMUP_RANDOM | action_y=+0.757953 | action_z=+0.915468 | magnitude=1.188518 | angle_deg=+50.38 | direction=+Y+Z | turn_angle_deg=118.17
Episode=1 | Step=106 | GlobalStep=106 | Source=WARMUP_RANDOM | action_y=+0.012472 | action_z=-0.343668 | magnitude=0.343894 | angle_deg=-87.92 | direction=-Z | turn_angle_deg=138.30
Episode=1 | Step=107 | GlobalStep=107 | Source=WARMUP_RANDOM | action_y=-0.635710 | action_z=-0.542888 | magnitude=0.835975 | angle_deg=-139.50 | direction=-Y-Z | turn_angle_deg=51.58
Episode=1 | Step=108 | GlobalStep=108 | Source=WARMUP_RANDOM | action_y=+0.242201 | action_z=+0.860852 | magnitude=0.894275 | angle_deg=+74.29 | direction=+Z | turn_angle_deg=146.21
Episode=1 | Step=109 | GlobalStep=109 | Source=WARMUP_RANDOM | action_y=+0.979758 | action_z=+0.363290 | magnitude=1.044942 | angle_deg=+20.34 | direction=+Y | turn_angle_deg=53.94
Episode=1 | Step=110 | GlobalStep=110 | Source=WARMUP_RANDOM | action_y=+0.847681 | action_z=-0.498883 | magnitude=0.983589 | angle_deg=-30.48 | direction=+Y-Z | turn_angle_deg=50.82
Episode=1 | Step=111 | GlobalStep=111 | Source=WARMUP_RANDOM | action_y=+0.560783 | action_z=-0.246299 | magnitude=0.612488 | angle_deg=-23.71 | direction=+Y-Z | turn_angle_deg=6.77
Episode=1 | Step=112 | GlobalStep=112 | Source=WARMUP_RANDOM | action_y=+0.483047 | action_z=-0.649855 | magnitude=0.809720 | angle_deg=-53.38 | direction=+Y-Z | turn_angle_deg=29.66
Episode=1 | Step=113 | GlobalStep=113 | Source=WARMUP_RANDOM | action_y=-0.485439 | action_z=-0.728169 | magnitude=0.875146 | angle_deg=-123.69 | direction=-Y-Z | turn_angle_deg=70.31
Episode=1 | Step=114 | GlobalStep=114 | Source=WARMUP_RANDOM | action_y=-0.818807 | action_z=-0.104056 | magnitude=0.825392 | angle_deg=-172.76 | direction=-Y | turn_angle_deg=49.07
Episode=1 | Step=115 | GlobalStep=115 | Source=WARMUP_RANDOM | action_y=-0.686497 | action_z=+0.045086 | magnitude=0.687976 | angle_deg=+176.24 | direction=-Y | turn_angle_deg=11.00
Episode=1 | Step=116 | GlobalStep=116 | Source=WARMUP_RANDOM | action_y=+0.603462 | action_z=+0.258217 | magnitude=0.656386 | angle_deg=+23.17 | direction=+Y+Z | turn_angle_deg=153.08
Episode=1 | Step=117 | GlobalStep=117 | Source=WARMUP_RANDOM | action_y=-0.962289 | action_z=+0.361086 | magnitude=1.027805 | angle_deg=+159.43 | direction=-Y | turn_angle_deg=136.27
Episode=1 | Step=118 | GlobalStep=118 | Source=WARMUP_RANDOM | action_y=+0.608749 | action_z=+0.699549 | magnitude=0.927332 | angle_deg=+48.97 | direction=+Y+Z | turn_angle_deg=110.46
Episode=1 | Step=119 | GlobalStep=119 | Source=WARMUP_RANDOM | action_y=+0.191172 | action_z=+0.642156 | magnitude=0.670008 | angle_deg=+73.42 | direction=+Z | turn_angle_deg=24.45
Episode=1 | Step=120 | GlobalStep=120 | Source=WARMUP_RANDOM | action_y=-0.283173 | action_z=-0.141617 | magnitude=0.316611 | angle_deg=-153.43 | direction=-Y-Z | turn_angle_deg=133.15
Episode=1 | Step=121 | GlobalStep=121 | Source=WARMUP_RANDOM | action_y=-0.773537 | action_z=-0.397755 | magnitude=0.869810 | angle_deg=-152.79 | direction=-Y-Z | turn_angle_deg=0.64
Episode=1 | Step=122 | GlobalStep=122 | Source=WARMUP_RANDOM | action_y=+0.718233 | action_z=-0.257197 | magnitude=0.762895 | angle_deg=-19.70 | direction=+Y | turn_angle_deg=133.09
Episode=1 | Step=123 | GlobalStep=123 | Source=WARMUP_RANDOM | action_y=-0.544718 | action_z=-0.726850 | magnitude=0.908311 | angle_deg=-126.85 | direction=-Y-Z | turn_angle_deg=107.15
Episode=1 | Step=124 | GlobalStep=124 | Source=WARMUP_RANDOM | action_y=-0.660866 | action_z=+0.341838 | magnitude=0.744041 | angle_deg=+152.65 | direction=-Y+Z | turn_angle_deg=80.50
Episode=1 | Step=125 | GlobalStep=125 | Source=WARMUP_RANDOM | action_y=+0.436607 | action_z=-0.852629 | magnitude=0.957915 | angle_deg=-62.88 | direction=+Y-Z | turn_angle_deg=144.47
Episode=1 | Step=126 | GlobalStep=126 | Source=WARMUP_RANDOM | action_y=+0.693676 | action_z=+0.282152 | magnitude=0.748863 | angle_deg=+22.13 | direction=+Y | turn_angle_deg=85.02
Episode=1 | Step=127 | GlobalStep=127 | Source=WARMUP_RANDOM | action_y=+0.764934 | action_z=+0.802540 | magnitude=1.108691 | angle_deg=+46.37 | direction=+Y+Z | turn_angle_deg=24.24
Episode=1 | Step=128 | GlobalStep=128 | Source=WARMUP_RANDOM | action_y=+0.206884 | action_z=+0.522108 | magnitude=0.561602 | angle_deg=+68.38 | direction=+Z | turn_angle_deg=22.01
Episode=1 | Step=129 | GlobalStep=129 | Source=WARMUP_RANDOM | action_y=+0.640766 | action_z=+0.380938 | magnitude=0.745449 | angle_deg=+30.73 | direction=+Y+Z | turn_angle_deg=37.65
Episode=1 | Step=130 | GlobalStep=130 | Source=WARMUP_RANDOM | action_y=-0.313733 | action_z=-0.296677 | magnitude=0.431793 | angle_deg=-136.60 | direction=-Y-Z | turn_angle_deg=167.33
Episode=1 | Step=131 | GlobalStep=131 | Source=WARMUP_RANDOM | action_y=+0.382838 | action_z=-0.993539 | magnitude=1.064746 | angle_deg=-68.93 | direction=-Z | turn_angle_deg=67.67
Episode=1 | Step=132 | GlobalStep=132 | Source=WARMUP_RANDOM | action_y=+0.833447 | action_z=-0.547683 | magnitude=0.997291 | angle_deg=-33.31 | direction=+Y-Z | turn_angle_deg=35.62
Episode=1 | Step=133 | GlobalStep=133 | Source=WARMUP_RANDOM | action_y=-0.786851 | action_z=-0.522455 | magnitude=0.944507 | angle_deg=-146.42 | direction=-Y-Z | turn_angle_deg=113.11
Episode=1 | Step=134 | GlobalStep=134 | Source=WARMUP_RANDOM | action_y=+0.381322 | action_z=+0.872191 | magnitude=0.951905 | angle_deg=+66.39 | direction=+Y+Z | turn_angle_deg=147.20
Episode=1 | Step=135 | GlobalStep=135 | Source=WARMUP_RANDOM | action_y=-0.131964 | action_z=+0.778742 | magnitude=0.789844 | angle_deg=+99.62 | direction=+Z | turn_angle_deg=33.23
Episode=1 | Step=136 | GlobalStep=136 | Source=WARMUP_RANDOM | action_y=+0.567398 | action_z=-0.579020 | magnitude=0.810681 | angle_deg=-45.58 | direction=+Y-Z | turn_angle_deg=145.20
Episode=1 | Step=137 | GlobalStep=137 | Source=WARMUP_RANDOM | action_y=+0.789895 | action_z=+0.138575 | magnitude=0.801958 | angle_deg=+9.95 | direction=+Y | turn_angle_deg=55.53
Episode=1 | Step=138 | GlobalStep=138 | Source=WARMUP_RANDOM | action_y=-0.045777 | action_z=+0.913564 | magnitude=0.914710 | angle_deg=+92.87 | direction=+Z | turn_angle_deg=82.92
Episode=1 | Step=139 | GlobalStep=139 | Source=WARMUP_RANDOM | action_y=-0.774773 | action_z=+0.291088 | magnitude=0.827651 | angle_deg=+159.41 | direction=-Y | turn_angle_deg=66.54
Episode=1 | Step=140 | GlobalStep=140 | Source=WARMUP_RANDOM | action_y=+0.056921 | action_z=-0.223370 | magnitude=0.230509 | angle_deg=-75.70 | direction=-Z | turn_angle_deg=124.89
Episode=1 | Step=141 | GlobalStep=141 | Source=WARMUP_RANDOM | action_y=-0.404134 | action_z=-0.613685 | magnitude=0.734801 | angle_deg=-123.37 | direction=-Y-Z | turn_angle_deg=47.66
Episode=1 | Step=142 | GlobalStep=142 | Source=WARMUP_RANDOM | action_y=+0.621292 | action_z=-0.502282 | magnitude=0.798931 | angle_deg=-38.95 | direction=+Y-Z | turn_angle_deg=84.41
Episode=1 | Step=143 | GlobalStep=143 | Source=WARMUP_RANDOM | action_y=-0.095357 | action_z=-0.904114 | magnitude=0.909128 | angle_deg=-96.02 | direction=-Z | turn_angle_deg=57.07
Episode=1 | Step=144 | GlobalStep=144 | Source=WARMUP_RANDOM | action_y=-0.735082 | action_z=+0.383744 | magnitude=0.829219 | angle_deg=+152.43 | direction=-Y+Z | turn_angle_deg=111.55
Episode=1 | Step=145 | GlobalStep=145 | Source=WARMUP_RANDOM | action_y=+0.198225 | action_z=+0.792987 | magnitude=0.817387 | angle_deg=+75.97 | direction=+Z | turn_angle_deg=76.47
Episode=1 | Step=146 | GlobalStep=146 | Source=WARMUP_RANDOM | action_y=+0.492012 | action_z=-0.837919 | magnitude=0.971691 | angle_deg=-59.58 | direction=+Y-Z | turn_angle_deg=135.54
Episode=1 | Step=147 | GlobalStep=147 | Source=WARMUP_RANDOM | action_y=+0.389986 | action_z=+0.901309 | magnitude=0.982063 | angle_deg=+66.60 | direction=+Y+Z | turn_angle_deg=126.18
Episode=1 | Step=148 | GlobalStep=148 | Source=WARMUP_RANDOM | action_y=-0.210803 | action_z=+0.909147 | magnitude=0.933267 | angle_deg=+103.05 | direction=+Z | turn_angle_deg=36.45
Episode=1 | Step=149 | GlobalStep=149 | Source=WARMUP_RANDOM | action_y=-0.024043 | action_z=+0.963428 | magnitude=0.963728 | angle_deg=+91.43 | direction=+Z | turn_angle_deg=11.62
Episode=1 | Step=150 | GlobalStep=150 | Source=WARMUP_RANDOM | action_y=-0.275028 | action_z=+0.117562 | magnitude=0.299100 | angle_deg=+156.86 | direction=-Y+Z | turn_angle_deg=65.43
Episode=1 | Step=151 | GlobalStep=151 | Source=WARMUP_RANDOM | action_y=-0.204041 | action_z=-0.978002 | magnitude=0.999060 | angle_deg=-101.78 | direction=-Z | turn_angle_deg=101.36
Episode=1 | Step=152 | GlobalStep=152 | Source=WARMUP_RANDOM | action_y=+0.037675 | action_z=+0.040411 | magnitude=0.055249 | angle_deg=+47.01 | direction=+Y+Z | turn_angle_deg=148.79
Episode=1 | Step=153 | GlobalStep=153 | Source=WARMUP_RANDOM | action_y=+0.366987 | action_z=+0.645738 | magnitude=0.742736 | angle_deg=+60.39 | direction=+Y+Z | turn_angle_deg=13.38
Episode=1 | Step=154 | GlobalStep=154 | Source=WARMUP_RANDOM | action_y=-0.419615 | action_z=+0.491001 | magnitude=0.645879 | angle_deg=+130.52 | direction=-Y+Z | turn_angle_deg=70.13
Episode=1 | Step=155 | GlobalStep=155 | Source=WARMUP_RANDOM | action_y=+0.898897 | action_z=-0.781725 | magnitude=1.191264 | angle_deg=-41.01 | direction=+Y-Z | turn_angle_deg=171.53
Episode=1 | Step=156 | GlobalStep=156 | Source=WARMUP_RANDOM | action_y=+0.051631 | action_z=-0.779828 | magnitude=0.781536 | angle_deg=-86.21 | direction=-Z | turn_angle_deg=45.20
Episode=1 | Step=157 | GlobalStep=157 | Source=WARMUP_RANDOM | action_y=-0.260240 | action_z=-0.502337 | magnitude=0.565745 | angle_deg=-117.39 | direction=-Y-Z | turn_angle_deg=31.17
Episode=1 | Step=158 | GlobalStep=158 | Source=WARMUP_RANDOM | action_y=-0.007417 | action_z=-0.237206 | magnitude=0.237322 | angle_deg=-91.79 | direction=-Z | turn_angle_deg=25.60
Episode=1 | Step=159 | GlobalStep=159 | Source=WARMUP_RANDOM | action_y=+0.440885 | action_z=-0.189697 | magnitude=0.479963 | angle_deg=-23.28 | direction=+Y-Z | turn_angle_deg=68.51
Episode=1 | Step=160 | GlobalStep=160 | Source=WARMUP_RANDOM | action_y=-0.811453 | action_z=+0.794058 | magnitude=1.135334 | angle_deg=+135.62 | direction=-Y+Z | turn_angle_deg=158.90
Episode=1 | Step=161 | GlobalStep=161 | Source=WARMUP_RANDOM | action_y=+0.768610 | action_z=-0.698486 | magnitude=1.038578 | angle_deg=-42.26 | direction=+Y-Z | turn_angle_deg=177.88
Episode=1 | Step=162 | GlobalStep=162 | Source=WARMUP_RANDOM | action_y=-0.676932 | action_z=-0.189140 | magnitude=0.702859 | angle_deg=-164.39 | direction=-Y | turn_angle_deg=122.13
Episode=1 | Step=163 | GlobalStep=163 | Source=WARMUP_RANDOM | action_y=-0.579255 | action_z=-0.325836 | magnitude=0.664609 | angle_deg=-150.64 | direction=-Y-Z | turn_angle_deg=13.75
Episode=1 | Step=164 | GlobalStep=164 | Source=WARMUP_RANDOM | action_y=-0.639800 | action_z=+0.842316 | magnitude=1.057753 | angle_deg=+127.22 | direction=-Y+Z | turn_angle_deg=82.14
Episode=1 | Step=165 | GlobalStep=165 | Source=WARMUP_RANDOM | action_y=-0.006087 | action_z=+0.941355 | magnitude=0.941375 | angle_deg=+90.37 | direction=+Z | turn_angle_deg=36.85
Episode=1 | Step=166 | GlobalStep=166 | Source=WARMUP_RANDOM | action_y=-0.353587 | action_z=-0.051319 | magnitude=0.357291 | angle_deg=-171.74 | direction=-Y | turn_angle_deg=97.89
Episode=1 | Step=167 | GlobalStep=167 | Source=WARMUP_RANDOM | action_y=+0.554825 | action_z=-0.655616 | magnitude=0.858873 | angle_deg=-49.76 | direction=+Y-Z | turn_angle_deg=121.98
Episode=1 | Step=168 | GlobalStep=168 | Source=WARMUP_RANDOM | action_y=+0.617795 | action_z=+0.713211 | magnitude=0.943578 | angle_deg=+49.10 | direction=+Y+Z | turn_angle_deg=98.86
Episode=1 | Step=169 | GlobalStep=169 | Source=WARMUP_RANDOM | action_y=+0.775326 | action_z=+0.333576 | magnitude=0.844040 | angle_deg=+23.28 | direction=+Y+Z | turn_angle_deg=25.82
Episode=1 | Step=170 | GlobalStep=170 | Source=WARMUP_RANDOM | action_y=-0.247744 | action_z=-0.652423 | magnitude=0.697877 | angle_deg=-110.79 | direction=-Z | turn_angle_deg=134.07
Episode=1 | Step=171 | GlobalStep=171 | Source=WARMUP_RANDOM | action_y=-0.455280 | action_z=+0.723517 | magnitude=0.854843 | angle_deg=+122.18 | direction=-Y+Z | turn_angle_deg=127.03
Episode=1 | Step=172 | GlobalStep=172 | Source=WARMUP_RANDOM | action_y=+0.855271 | action_z=-0.719899 | magnitude=1.117919 | angle_deg=-40.09 | direction=+Y-Z | turn_angle_deg=162.27
Episode=1 | Step=173 | GlobalStep=173 | Source=WARMUP_RANDOM | action_y=+0.890056 | action_z=-0.359701 | magnitude=0.959992 | angle_deg=-22.01 | direction=+Y | turn_angle_deg=18.08
Episode=1 | Step=174 | GlobalStep=174 | Source=WARMUP_RANDOM | action_y=-0.250367 | action_z=-0.498726 | magnitude=0.558042 | angle_deg=-116.66 | direction=-Y-Z | turn_angle_deg=94.65
Episode=1 | Step=175 | GlobalStep=175 | Source=WARMUP_RANDOM | action_y=+0.799675 | action_z=+0.935239 | magnitude=1.230508 | angle_deg=+49.47 | direction=+Y+Z | turn_angle_deg=166.13
Episode=1 | Step=176 | GlobalStep=176 | Source=WARMUP_RANDOM | action_y=-0.418581 | action_z=-0.231788 | magnitude=0.478472 | angle_deg=-151.02 | direction=-Y-Z | turn_angle_deg=159.51
Episode=1 | Step=177 | GlobalStep=177 | Source=WARMUP_RANDOM | action_y=-0.061862 | action_z=-0.850427 | magnitude=0.852674 | angle_deg=-94.16 | direction=-Z | turn_angle_deg=56.86
Episode=1 | Step=178 | GlobalStep=178 | Source=WARMUP_RANDOM | action_y=+0.946792 | action_z=-0.962811 | magnitude=1.350340 | angle_deg=-45.48 | direction=+Y-Z | turn_angle_deg=48.68
Episode=1 | Step=179 | GlobalStep=179 | Source=WARMUP_RANDOM | action_y=-0.035456 | action_z=+0.486320 | magnitude=0.487611 | angle_deg=+94.17 | direction=+Z | turn_angle_deg=139.65
Episode=1 | Step=180 | GlobalStep=180 | Source=WARMUP_RANDOM | action_y=-0.937579 | action_z=-0.835298 | magnitude=1.255697 | angle_deg=-138.30 | direction=-Y-Z | turn_angle_deg=127.53
Episode=1 | Step=181 | GlobalStep=181 | Source=WARMUP_RANDOM | action_y=+0.245067 | action_z=+0.291686 | magnitude=0.380970 | angle_deg=+49.96 | direction=+Y+Z | turn_angle_deg=171.73
Episode=1 | Step=182 | GlobalStep=182 | Source=WARMUP_RANDOM | action_y=-0.880511 | action_z=+0.450961 | magnitude=0.989275 | angle_deg=+152.88 | direction=-Y+Z | turn_angle_deg=102.92
Episode=1 | Step=183 | GlobalStep=183 | Source=WARMUP_RANDOM | action_y=-0.151455 | action_z=+0.436303 | magnitude=0.461843 | angle_deg=+109.14 | direction=+Z | turn_angle_deg=43.74
Episode=1 | Step=184 | GlobalStep=184 | Source=WARMUP_RANDOM | action_y=+0.947954 | action_z=+0.548613 | magnitude=1.095260 | angle_deg=+30.06 | direction=+Y+Z | turn_angle_deg=79.08
Episode=1 | Step=185 | GlobalStep=185 | Source=WARMUP_RANDOM | action_y=+0.694509 | action_z=+0.292231 | magnitude=0.753487 | angle_deg=+22.82 | direction=+Y+Z | turn_angle_deg=7.24
Episode=1 | Step=186 | GlobalStep=186 | Source=WARMUP_RANDOM | action_y=-0.115990 | action_z=+0.199184 | magnitude=0.230495 | angle_deg=+120.21 | direction=-Y+Z | turn_angle_deg=97.39
Episode=1 | Step=187 | GlobalStep=187 | Source=WARMUP_RANDOM | action_y=-0.388633 | action_z=-0.039559 | magnitude=0.390641 | angle_deg=-174.19 | direction=-Y | turn_angle_deg=65.60
Episode=1 | Step=188 | GlobalStep=188 | Source=WARMUP_RANDOM | action_y=-0.458255 | action_z=+0.585815 | magnitude=0.743759 | angle_deg=+128.03 | direction=-Y+Z | turn_angle_deg=57.78
Episode=1 | Step=189 | GlobalStep=189 | Source=WARMUP_RANDOM | action_y=-0.030186 | action_z=+0.817515 | magnitude=0.818072 | angle_deg=+92.11 | direction=+Z | turn_angle_deg=35.92
Episode=1 | Step=190 | GlobalStep=190 | Source=WARMUP_RANDOM | action_y=+0.645436 | action_z=-0.739181 | magnitude=0.981313 | angle_deg=-48.87 | direction=+Y-Z | turn_angle_deg=140.99
Episode=1 | Step=191 | GlobalStep=191 | Source=WARMUP_RANDOM | action_y=+0.986724 | action_z=-0.918905 | magnitude=1.348336 | angle_deg=-42.96 | direction=+Y-Z | turn_angle_deg=5.91
Episode=1 | Step=192 | GlobalStep=192 | Source=WARMUP_RANDOM | action_y=-0.069092 | action_z=+0.096273 | magnitude=0.118500 | angle_deg=+125.67 | direction=-Y+Z | turn_angle_deg=168.63
Episode=1 | Step=193 | GlobalStep=193 | Source=WARMUP_RANDOM | action_y=+0.573230 | action_z=-0.865894 | magnitude=1.038443 | angle_deg=-56.50 | direction=+Y-Z | turn_angle_deg=177.84
Episode=1 | Step=194 | GlobalStep=194 | Source=WARMUP_RANDOM | action_y=-0.693756 | action_z=+0.111843 | magnitude=0.702713 | angle_deg=+170.84 | direction=-Y | turn_angle_deg=132.66
Episode=1 | Step=195 | GlobalStep=195 | Source=WARMUP_RANDOM | action_y=+0.331301 | action_z=-0.069169 | magnitude=0.338445 | angle_deg=-11.79 | direction=+Y | turn_angle_deg=177.37
Episode=1 | Step=196 | GlobalStep=196 | Source=WARMUP_RANDOM | action_y=+0.282984 | action_z=+0.616092 | magnitude=0.677974 | angle_deg=+65.33 | direction=+Y+Z | turn_angle_deg=77.12
Episode=1 | Step=197 | GlobalStep=197 | Source=WARMUP_RANDOM | action_y=+0.763861 | action_z=-0.514175 | magnitude=0.920792 | angle_deg=-33.95 | direction=+Y-Z | turn_angle_deg=99.28
Episode=1 | Step=198 | GlobalStep=198 | Source=WARMUP_RANDOM | action_y=+0.469071 | action_z=-0.347816 | magnitude=0.583955 | angle_deg=-36.56 | direction=+Y-Z | turn_angle_deg=2.61
Episode=1 | Step=199 | GlobalStep=199 | Source=WARMUP_RANDOM | action_y=-0.611003 | action_z=-0.471483 | magnitude=0.771765 | angle_deg=-142.34 | direction=-Y-Z | turn_angle_deg=105.79
Episode=1 | Step=200 | GlobalStep=200 | Source=WARMUP_RANDOM | action_y=-0.000588 | action_z=-0.179958 | magnitude=0.179959 | angle_deg=-90.19 | direction=-Z | turn_angle_deg=52.16
Episode=1 | Step=201 | GlobalStep=201 | Source=WARMUP_RANDOM | action_y=+0.967578 | action_z=+0.464180 | magnitude=1.073159 | angle_deg=+25.63 | direction=+Y+Z | turn_angle_deg=115.82
Episode=1 | Step=202 | GlobalStep=202 | Source=WARMUP_RANDOM | action_y=+0.506946 | action_z=-0.773316 | magnitude=0.924668 | angle_deg=-56.75 | direction=+Y-Z | turn_angle_deg=82.38
Episode=1 | Step=203 | GlobalStep=203 | Source=WARMUP_RANDOM | action_y=+0.108571 | action_z=+0.552888 | magnitude=0.563448 | angle_deg=+78.89 | direction=+Z | turn_angle_deg=135.64
Episode=1 | Step=204 | GlobalStep=204 | Source=WARMUP_RANDOM | action_y=-0.745151 | action_z=+0.566118 | magnitude=0.935810 | angle_deg=+142.77 | direction=-Y+Z | turn_angle_deg=63.88
Episode=1 | Step=205 | GlobalStep=205 | Source=WARMUP_RANDOM | action_y=+0.985751 | action_z=+0.240781 | magnitude=1.014731 | angle_deg=+13.73 | direction=+Y | turn_angle_deg=129.05
Episode=1 | Step=206 | GlobalStep=206 | Source=WARMUP_RANDOM | action_y=+0.429103 | action_z=-0.025368 | magnitude=0.429853 | angle_deg=-3.38 | direction=+Y | turn_angle_deg=17.11
Episode=1 | Step=207 | GlobalStep=207 | Source=WARMUP_RANDOM | action_y=-0.193516 | action_z=-0.191504 | magnitude=0.272254 | angle_deg=-135.30 | direction=-Y-Z | turn_angle_deg=131.92
Episode=1 | Step=208 | GlobalStep=208 | Source=WARMUP_RANDOM | action_y=+0.932373 | action_z=+0.605945 | magnitude=1.111975 | angle_deg=+33.02 | direction=+Y+Z | turn_angle_deg=168.32
Episode=1 | Step=209 | GlobalStep=209 | Source=WARMUP_RANDOM | action_y=-0.866548 | action_z=-0.207271 | magnitude=0.890992 | angle_deg=-166.55 | direction=-Y | turn_angle_deg=160.43
Episode=1 | Step=210 | GlobalStep=210 | Source=WARMUP_RANDOM | action_y=-0.246217 | action_z=+0.606183 | magnitude=0.654278 | angle_deg=+112.11 | direction=+Z | turn_angle_deg=81.35
Episode=1 | Step=211 | GlobalStep=211 | Source=WARMUP_RANDOM | action_y=+0.449404 | action_z=-0.948456 | magnitude=1.049539 | angle_deg=-64.65 | direction=+Y-Z | turn_angle_deg=176.75
Episode=1 | Step=212 | GlobalStep=212 | Source=WARMUP_RANDOM | action_y=+0.154361 | action_z=-0.808721 | magnitude=0.823321 | angle_deg=-79.19 | direction=-Z | turn_angle_deg=14.55
Episode=1 | Step=213 | GlobalStep=213 | Source=WARMUP_RANDOM | action_y=+0.703027 | action_z=+0.149589 | magnitude=0.718766 | angle_deg=+12.01 | direction=+Y | turn_angle_deg=91.21
Episode=1 | Step=214 | GlobalStep=214 | Source=WARMUP_RANDOM | action_y=-0.812355 | action_z=-0.989397 | magnitude=1.280166 | angle_deg=-129.39 | direction=-Y-Z | turn_angle_deg=141.40
Episode=1 | Step=215 | GlobalStep=215 | Source=WARMUP_RANDOM | action_y=-0.195963 | action_z=-0.263386 | magnitude=0.328289 | angle_deg=-126.65 | direction=-Y-Z | turn_angle_deg=2.74
Episode=1 | Step=216 | GlobalStep=216 | Source=WARMUP_RANDOM | action_y=-0.845716 | action_z=+0.793145 | magnitude=1.159446 | angle_deg=+136.84 | direction=-Y+Z | turn_angle_deg=96.51
Episode=1 | Step=217 | GlobalStep=217 | Source=WARMUP_RANDOM | action_y=+0.947943 | action_z=+0.551048 | magnitude=1.096472 | angle_deg=+30.17 | direction=+Y+Z | turn_angle_deg=106.67
Episode=1 | Step=218 | GlobalStep=218 | Source=WARMUP_RANDOM | action_y=+0.200400 | action_z=-0.276475 | magnitude=0.341465 | angle_deg=-54.06 | direction=+Y-Z | turn_angle_deg=84.23
Episode=1 | Step=219 | GlobalStep=219 | Source=WARMUP_RANDOM | action_y=+0.738849 | action_z=-0.675394 | magnitude=1.001027 | angle_deg=-42.43 | direction=+Y-Z | turn_angle_deg=11.63
Episode=1 | Step=220 | GlobalStep=220 | Source=WARMUP_RANDOM | action_y=-0.063098 | action_z=-0.376836 | magnitude=0.382082 | angle_deg=-99.51 | direction=-Z | turn_angle_deg=57.07
Episode=1 | Step=221 | GlobalStep=221 | Source=WARMUP_RANDOM | action_y=+0.451268 | action_z=-0.408403 | magnitude=0.608634 | angle_deg=-42.15 | direction=+Y-Z | turn_angle_deg=57.36
Episode=1 | Step=222 | GlobalStep=222 | Source=WARMUP_RANDOM | action_y=-0.576003 | action_z=-0.467216 | magnitude=0.741667 | angle_deg=-140.95 | direction=-Y-Z | turn_angle_deg=98.81
Episode=1 | Step=223 | GlobalStep=223 | Source=WARMUP_RANDOM | action_y=-0.321650 | action_z=+0.249857 | magnitude=0.407293 | angle_deg=+142.16 | direction=-Y+Z | turn_angle_deg=76.89
Episode=1 | Step=224 | GlobalStep=224 | Source=WARMUP_RANDOM | action_y=+0.875481 | action_z=-0.747813 | magnitude=1.151386 | angle_deg=-40.50 | direction=+Y-Z | turn_angle_deg=177.34
Episode=1 | Step=225 | GlobalStep=225 | Source=WARMUP_RANDOM | action_y=-0.583968 | action_z=-0.632233 | magnitude=0.860661 | angle_deg=-132.73 | direction=-Y-Z | turn_angle_deg=92.22
Episode=1 | Step=226 | GlobalStep=226 | Source=WARMUP_RANDOM | action_y=+0.266634 | action_z=+0.520312 | magnitude=0.584652 | angle_deg=+62.87 | direction=+Y+Z | turn_angle_deg=164.41
Episode=1 | Step=227 | GlobalStep=227 | Source=WARMUP_RANDOM | action_y=-0.846878 | action_z=-0.760342 | magnitude=1.138122 | angle_deg=-138.08 | direction=-Y-Z | turn_angle_deg=159.05
Episode=1 | Step=228 | GlobalStep=228 | Source=WARMUP_RANDOM | action_y=+0.332373 | action_z=+0.388113 | magnitude=0.510983 | angle_deg=+49.42 | direction=+Y+Z | turn_angle_deg=172.49
Episode=1 | Step=229 | GlobalStep=229 | Source=WARMUP_RANDOM | action_y=-0.779181 | action_z=+0.717574 | magnitude=1.059262 | angle_deg=+137.36 | direction=-Y+Z | turn_angle_deg=87.93
Episode=1 | Step=230 | GlobalStep=230 | Source=WARMUP_RANDOM | action_y=+0.497426 | action_z=-0.450998 | magnitude=0.671440 | angle_deg=-42.20 | direction=+Y-Z | turn_angle_deg=179.55
Episode=1 | Step=231 | GlobalStep=231 | Source=WARMUP_RANDOM | action_y=-0.813784 | action_z=+0.457381 | magnitude=0.933510 | angle_deg=+150.66 | direction=-Y+Z | turn_angle_deg=167.14
Episode=1 | Step=232 | GlobalStep=232 | Source=WARMUP_RANDOM | action_y=-0.869095 | action_z=+0.303263 | magnitude=0.920486 | angle_deg=+160.76 | direction=-Y | turn_angle_deg=10.10
Episode=1 | Step=233 | GlobalStep=233 | Source=WARMUP_RANDOM | action_y=-0.095323 | action_z=-0.881407 | magnitude=0.886547 | angle_deg=-96.17 | direction=-Z | turn_angle_deg=103.06
Episode=1 | Step=234 | GlobalStep=234 | Source=WARMUP_RANDOM | action_y=-0.842774 | action_z=+0.163484 | magnitude=0.858484 | angle_deg=+169.02 | direction=-Y | turn_angle_deg=94.81
Episode=1 | Step=235 | GlobalStep=235 | Source=WARMUP_RANDOM | action_y=-0.501786 | action_z=-0.835574 | magnitude=0.974666 | angle_deg=-120.99 | direction=-Y-Z | turn_angle_deg=69.99
Episode=1 | Step=236 | GlobalStep=236 | Source=WARMUP_RANDOM | action_y=-0.167512 | action_z=-0.868910 | magnitude=0.884910 | angle_deg=-100.91 | direction=-Z | turn_angle_deg=20.07
Episode=1 | Step=237 | GlobalStep=237 | Source=WARMUP_RANDOM | action_y=-0.952654 | action_z=-0.032260 | magnitude=0.953200 | angle_deg=-178.06 | direction=-Y | turn_angle_deg=77.15
Episode=1 | Step=238 | GlobalStep=238 | Source=WARMUP_RANDOM | action_y=+0.362638 | action_z=-0.339918 | magnitude=0.497042 | angle_deg=-43.15 | direction=+Y-Z | turn_angle_deg=134.91
Episode=1 | Step=239 | GlobalStep=239 | Source=WARMUP_RANDOM | action_y=+0.979143 | action_z=+0.813343 | magnitude=1.272889 | angle_deg=+39.72 | direction=+Y+Z | turn_angle_deg=82.86
Episode=1 | Step=240 | GlobalStep=240 | Source=WARMUP_RANDOM | action_y=+0.240917 | action_z=+0.135324 | magnitude=0.276321 | angle_deg=+29.32 | direction=+Y+Z | turn_angle_deg=10.39
Episode=1 | Step=241 | GlobalStep=241 | Source=WARMUP_RANDOM | action_y=+0.437657 | action_z=+0.284238 | magnitude=0.521857 | angle_deg=+33.00 | direction=+Y+Z | turn_angle_deg=3.68
Episode=1 | Step=242 | GlobalStep=242 | Source=WARMUP_RANDOM | action_y=-0.954742 | action_z=+0.973755 | magnitude=1.363720 | angle_deg=+134.44 | direction=-Y+Z | turn_angle_deg=101.43
Episode=1 | Step=243 | GlobalStep=243 | Source=WARMUP_RANDOM | action_y=-0.032938 | action_z=+0.377627 | magnitude=0.379061 | angle_deg=+94.98 | direction=+Z | turn_angle_deg=39.45
Episode=1 | Step=244 | GlobalStep=244 | Source=WARMUP_RANDOM | action_y=+0.067289 | action_z=+0.538113 | magnitude=0.542304 | angle_deg=+82.87 | direction=+Z | turn_angle_deg=12.11
Episode=1 | Step=245 | GlobalStep=245 | Source=WARMUP_RANDOM | action_y=-0.153929 | action_z=+0.925439 | magnitude=0.938153 | angle_deg=+99.44 | direction=+Z | turn_angle_deg=16.57
Episode=1 | Step=246 | GlobalStep=246 | Source=WARMUP_RANDOM | action_y=+0.957744 | action_z=+0.038512 | magnitude=0.958518 | angle_deg=+2.30 | direction=+Y | turn_angle_deg=97.14
Episode=1 | Step=247 | GlobalStep=247 | Source=WARMUP_RANDOM | action_y=+0.968075 | action_z=-0.787717 | magnitude=1.248066 | angle_deg=-39.14 | direction=+Y-Z | turn_angle_deg=41.44
Episode=1 | Step=248 | GlobalStep=248 | Source=WARMUP_RANDOM | action_y=-0.760668 | action_z=-0.447967 | magnitude=0.882774 | angle_deg=-149.51 | direction=-Y-Z | turn_angle_deg=110.37
Episode=1 | Step=249 | GlobalStep=249 | Source=WARMUP_RANDOM | action_y=-0.702503 | action_z=+0.926863 | magnitude=1.163007 | angle_deg=+127.16 | direction=-Y+Z | turn_angle_deg=83.33
Episode=1 | Step=250 | GlobalStep=250 | Source=WARMUP_RANDOM | action_y=+0.057196 | action_z=-0.187405 | magnitude=0.195939 | angle_deg=-73.03 | direction=-Z | turn_angle_deg=159.81
Episode=1 | Step=251 | GlobalStep=251 | Source=WARMUP_RANDOM | action_y=+0.249892 | action_z=-0.835371 | magnitude=0.871946 | angle_deg=-73.35 | direction=-Z | turn_angle_deg=0.32
Episode=1 | Step=252 | GlobalStep=252 | Source=WARMUP_RANDOM | action_y=+0.282180 | action_z=-0.244358 | magnitude=0.373278 | angle_deg=-40.89 | direction=+Y-Z | turn_angle_deg=32.45
Episode=1 | Step=253 | GlobalStep=253 | Source=WARMUP_RANDOM | action_y=-0.132743 | action_z=-0.042033 | magnitude=0.139239 | angle_deg=-162.43 | direction=-Y | turn_angle_deg=121.54
Episode=1 | Step=254 | GlobalStep=254 | Source=WARMUP_RANDOM | action_y=-0.672564 | action_z=-0.057355 | magnitude=0.675005 | angle_deg=-175.13 | direction=-Y | turn_angle_deg=12.70
Episode=1 | Step=255 | GlobalStep=255 | Source=WARMUP_RANDOM | action_y=-0.544277 | action_z=-0.369276 | magnitude=0.657725 | angle_deg=-145.84 | direction=-Y-Z | turn_angle_deg=29.28
Episode=1 | Step=256 | GlobalStep=256 | Source=WARMUP_RANDOM | action_y=+0.515721 | action_z=-0.532086 | magnitude=0.741002 | angle_deg=-45.89 | direction=+Y-Z | turn_angle_deg=99.95
Episode=1 | Step=257 | GlobalStep=257 | Source=WARMUP_RANDOM | action_y=-0.332253 | action_z=+0.464015 | magnitude=0.570703 | angle_deg=+125.60 | direction=-Y+Z | turn_angle_deg=171.50
Episode=1 | Step=258 | GlobalStep=258 | Source=WARMUP_RANDOM | action_y=-0.913057 | action_z=-0.727041 | magnitude=1.167159 | angle_deg=-141.47 | direction=-Y-Z | turn_angle_deg=92.93
Episode=1 | Step=259 | GlobalStep=259 | Source=WARMUP_RANDOM | action_y=+0.341893 | action_z=+0.620079 | magnitude=0.708088 | angle_deg=+61.13 | direction=+Y+Z | turn_angle_deg=157.40
Episode=1 | Step=260 | GlobalStep=260 | Source=WARMUP_RANDOM | action_y=+0.299551 | action_z=-0.040200 | magnitude=0.302236 | angle_deg=-7.64 | direction=+Y | turn_angle_deg=68.77
Episode=1 | Step=261 | GlobalStep=261 | Source=WARMUP_RANDOM | action_y=+0.658294 | action_z=-0.817971 | magnitude=1.049965 | angle_deg=-51.17 | direction=+Y-Z | turn_angle_deg=43.53
Episode=1 | Step=262 | GlobalStep=262 | Source=WARMUP_RANDOM | action_y=+0.924099 | action_z=+0.520975 | magnitude=1.060836 | angle_deg=+29.41 | direction=+Y+Z | turn_angle_deg=80.59
Episode=1 | Step=263 | GlobalStep=263 | Source=WARMUP_RANDOM | action_y=-0.604177 | action_z=+0.020100 | magnitude=0.604511 | angle_deg=+178.09 | direction=-Y | turn_angle_deg=148.68
Episode=1 | Step=264 | GlobalStep=264 | Source=WARMUP_RANDOM | action_y=-0.233558 | action_z=+0.941394 | magnitude=0.969934 | angle_deg=+103.93 | direction=+Z | turn_angle_deg=74.16
Episode=1 | Step=265 | GlobalStep=265 | Source=WARMUP_RANDOM | action_y=-0.765472 | action_z=+0.650791 | magnitude=1.004727 | angle_deg=+139.63 | direction=-Y+Z | turn_angle_deg=35.70
Episode=1 | Step=266 | GlobalStep=266 | Source=WARMUP_RANDOM | action_y=+0.399258 | action_z=+0.648281 | magnitude=0.761364 | angle_deg=+58.37 | direction=+Y+Z | turn_angle_deg=81.26
Episode=1 | Step=267 | GlobalStep=267 | Source=WARMUP_RANDOM | action_y=-0.611950 | action_z=+0.642496 | magnitude=0.887290 | angle_deg=+133.61 | direction=-Y+Z | turn_angle_deg=75.23
Episode=1 | Step=268 | GlobalStep=268 | Source=WARMUP_RANDOM | action_y=-0.047067 | action_z=+0.579645 | magnitude=0.581553 | angle_deg=+94.64 | direction=+Z | turn_angle_deg=38.96
Episode=1 | Step=269 | GlobalStep=269 | Source=WARMUP_RANDOM | action_y=-0.494242 | action_z=-0.103638 | magnitude=0.504991 | angle_deg=-168.16 | direction=-Y | turn_angle_deg=97.20
Episode=1 | Step=270 | GlobalStep=270 | Source=WARMUP_RANDOM | action_y=+0.069291 | action_z=+0.069503 | magnitude=0.098142 | angle_deg=+45.09 | direction=+Y+Z | turn_angle_deg=146.76
Episode=1 | Step=271 | GlobalStep=271 | Source=WARMUP_RANDOM | action_y=-0.792426 | action_z=+0.690144 | magnitude=1.050828 | angle_deg=+138.95 | direction=-Y+Z | turn_angle_deg=93.86
Episode=1 | Step=272 | GlobalStep=272 | Source=WARMUP_RANDOM | action_y=-0.113610 | action_z=+0.200789 | magnitude=0.230702 | angle_deg=+119.50 | direction=-Y+Z | turn_angle_deg=19.44
Episode=1 | Step=273 | GlobalStep=273 | Source=WARMUP_RANDOM | action_y=+0.901362 | action_z=+0.309499 | magnitude=0.953018 | angle_deg=+18.95 | direction=+Y | turn_angle_deg=100.55
Episode=1 | Step=274 | GlobalStep=274 | Source=WARMUP_RANDOM | action_y=+0.927819 | action_z=+0.708079 | magnitude=1.167144 | angle_deg=+37.35 | direction=+Y+Z | turn_angle_deg=18.40
Episode=1 | Step=275 | GlobalStep=275 | Source=WARMUP_RANDOM | action_y=+0.088496 | action_z=-0.794353 | magnitude=0.799268 | angle_deg=-83.64 | direction=-Z | turn_angle_deg=120.99
Episode=1 | Step=276 | GlobalStep=276 | Source=WARMUP_RANDOM | action_y=+0.587821 | action_z=-0.845290 | magnitude=1.029587 | angle_deg=-55.18 | direction=+Y-Z | turn_angle_deg=28.46
Episode=1 | Step=277 | GlobalStep=277 | Source=WARMUP_RANDOM | action_y=-0.772402 | action_z=+0.943790 | magnitude=1.219568 | angle_deg=+129.30 | direction=-Y+Z | turn_angle_deg=175.52
Episode=1 | Step=278 | GlobalStep=278 | Source=WARMUP_RANDOM | action_y=+0.393211 | action_z=-0.155311 | magnitude=0.422773 | angle_deg=-21.55 | direction=+Y | turn_angle_deg=150.85
Episode=1 | Step=279 | GlobalStep=279 | Source=WARMUP_RANDOM | action_y=+0.414504 | action_z=-0.744698 | magnitude=0.852285 | angle_deg=-60.90 | direction=+Y-Z | turn_angle_deg=39.35
Episode=1 | Step=280 | GlobalStep=280 | Source=WARMUP_RANDOM | action_y=-0.798858 | action_z=-0.589718 | magnitude=0.992945 | angle_deg=-143.57 | direction=-Y-Z | turn_angle_deg=82.67
Episode=1 | Step=281 | GlobalStep=281 | Source=WARMUP_RANDOM | action_y=+0.626014 | action_z=-0.938301 | magnitude=1.127964 | angle_deg=-56.29 | direction=+Y-Z | turn_angle_deg=87.28
Episode=1 | Step=282 | GlobalStep=282 | Source=WARMUP_RANDOM | action_y=-0.688902 | action_z=+0.655921 | magnitude=0.951219 | angle_deg=+136.40 | direction=-Y+Z | turn_angle_deg=167.31
Episode=1 | Step=283 | GlobalStep=283 | Source=WARMUP_RANDOM | action_y=+0.245337 | action_z=+0.465305 | magnitude=0.526022 | angle_deg=+62.20 | direction=+Y+Z | turn_angle_deg=74.21
Episode=1 | Step=284 | GlobalStep=284 | Source=WARMUP_RANDOM | action_y=-0.631928 | action_z=-0.077059 | magnitude=0.636609 | angle_deg=-173.05 | direction=-Y | turn_angle_deg=124.75
Episode=1 | Step=285 | GlobalStep=285 | Source=WARMUP_RANDOM | action_y=-0.296313 | action_z=-0.685663 | magnitude=0.746951 | angle_deg=-113.37 | direction=-Y-Z | turn_angle_deg=59.68
Episode=1 | Step=286 | GlobalStep=286 | Source=WARMUP_RANDOM | action_y=+0.441744 | action_z=+0.128767 | magnitude=0.460129 | angle_deg=+16.25 | direction=+Y | turn_angle_deg=129.62
Episode=1 | Step=287 | GlobalStep=287 | Source=WARMUP_RANDOM | action_y=+0.112899 | action_z=-0.419812 | magnitude=0.434728 | angle_deg=-74.95 | direction=-Z | turn_angle_deg=91.20
Episode=1 | Step=288 | GlobalStep=288 | Source=WARMUP_RANDOM | action_y=-0.087100 | action_z=-0.621640 | magnitude=0.627712 | angle_deg=-97.98 | direction=-Z | turn_angle_deg=23.03
Episode=1 | Step=289 | GlobalStep=289 | Source=WARMUP_RANDOM | action_y=-0.560304 | action_z=-0.972488 | magnitude=1.122352 | angle_deg=-119.95 | direction=-Y-Z | turn_angle_deg=21.97
Episode=1 | Step=290 | GlobalStep=290 | Source=WARMUP_RANDOM | action_y=+0.417384 | action_z=-0.588129 | magnitude=0.721183 | angle_deg=-54.64 | direction=+Y-Z | turn_angle_deg=65.31
Episode=1 | Step=291 | GlobalStep=291 | Source=WARMUP_RANDOM | action_y=-0.986080 | action_z=+0.195645 | magnitude=1.005302 | angle_deg=+168.78 | direction=-Y | turn_angle_deg=136.58
Episode=1 | Step=292 | GlobalStep=292 | Source=WARMUP_RANDOM | action_y=-0.945734 | action_z=+0.923040 | magnitude=1.321521 | angle_deg=+135.70 | direction=-Y+Z | turn_angle_deg=33.08
Episode=1 | Step=293 | GlobalStep=293 | Source=WARMUP_RANDOM | action_y=+0.154613 | action_z=+0.256352 | magnitude=0.299369 | angle_deg=+58.90 | direction=+Y+Z | turn_angle_deg=76.79
Episode=1 | Step=294 | GlobalStep=294 | Source=WARMUP_RANDOM | action_y=-0.615953 | action_z=+0.248742 | magnitude=0.664282 | angle_deg=+158.01 | direction=-Y | turn_angle_deg=99.10
Episode=1 | Step=295 | GlobalStep=295 | Source=WARMUP_RANDOM | action_y=-0.360967 | action_z=-0.412130 | magnitude=0.547858 | angle_deg=-131.21 | direction=-Y-Z | turn_angle_deg=70.78
Episode=1 | Step=296 | GlobalStep=296 | Source=WARMUP_RANDOM | action_y=-0.109252 | action_z=+0.916962 | magnitude=0.923448 | angle_deg=+96.79 | direction=+Z | turn_angle_deg=131.99
Episode=1 | Step=297 | GlobalStep=297 | Source=WARMUP_RANDOM | action_y=-0.482953 | action_z=-0.743058 | magnitude=0.886216 | angle_deg=-123.02 | direction=-Y-Z | turn_angle_deg=140.18
Episode=1 | Step=298 | GlobalStep=298 | Source=WARMUP_RANDOM | action_y=+0.793656 | action_z=-0.826801 | magnitude=1.146076 | angle_deg=-46.17 | direction=+Y-Z | turn_angle_deg=76.85
----------------------------------------------------------------------------------------------------
[Episode 1 END] | reason=fault | hole_found=False | assembly_success=False | search_steps=297 | search_time_s=29.70 | yz_path_mm=432.09
====================================================================================================
====================================================================================================
[Episode 2 START]
字段: Episode | Step | GlobalStep | Source | action_y | action_z | magnitude | angle_deg | direction | turn_angle_deg
方向角: +Y=0deg, +Z=+90deg, -Y=+/-180deg, -Z=-90deg
当前实验 sac_action_step = 0.05 mm；实际每轴参考增量 = action × 0.05 mm
----------------------------------------------------------------------------------------------------
Episode=2 | Step=1 | GlobalStep=299 | Source=WARMUP_RANDOM | action_y=-0.417733 | action_z=-0.960675 | magnitude=1.047567 | angle_deg=-113.50 | direction=-Y-Z | turn_angle_deg=N/A
Episode=2 | Step=2 | GlobalStep=300 | Source=WARMUP_RANDOM | action_y=-0.619947 | action_z=-0.811667 | magnitude=1.021341 | angle_deg=-127.37 | direction=-Y-Z | turn_angle_deg=13.87
Episode=2 | Step=3 | GlobalStep=301 | Source=WARMUP_RANDOM | action_y=-0.835724 | action_z=+0.196561 | magnitude=0.858528 | angle_deg=+166.76 | direction=-Y | turn_angle_deg=65.86
----------------------------------------------------------------------------------------------------
[Episode 2 END] | reason=assembly_success | hole_found=True | assembly_success=True | search_steps=3 | search_time_s=0.30 | yz_path_mm=5.00
====================================================================================================
====================================================================================================
[Episode 3 START]
字段: Episode | Step | GlobalStep | Source | action_y | action_z | magnitude | angle_deg | direction | turn_angle_deg
方向角: +Y=0deg, +Z=+90deg, -Y=+/-180deg, -Z=-90deg
当前实验 sac_action_step = 0.05 mm；实际每轴参考增量 = action × 0.05 mm
----------------------------------------------------------------------------------------------------
Episode=3 | Step=1 | GlobalStep=302 | Source=WARMUP_RANDOM | action_y=+0.530823 | action_z=+0.735672 | magnitude=0.907186 | angle_deg=+54.19 | direction=+Y+Z | turn_angle_deg=N/A
Episode=3 | Step=2 | GlobalStep=303 | Source=WARMUP_RANDOM | action_y=-0.391368 | action_z=-0.228913 | magnitude=0.453398 | angle_deg=-149.68 | direction=-Y-Z | turn_angle_deg=156.14
Episode=3 | Step=3 | GlobalStep=304 | Source=WARMUP_RANDOM | action_y=+0.392746 | action_z=-0.784277 | magnitude=0.877120 | angle_deg=-63.40 | direction=+Y-Z | turn_angle_deg=86.28
Episode=3 | Step=4 | GlobalStep=305 | Source=WARMUP_RANDOM | action_y=-0.344277 | action_z=+0.796936 | magnitude=0.868121 | angle_deg=+113.36 | direction=-Y+Z | turn_angle_deg=176.76
Episode=3 | Step=5 | GlobalStep=306 | Source=WARMUP_RANDOM | action_y=+0.941226 | action_z=+0.586151 | magnitude=1.108819 | angle_deg=+31.91 | direction=+Y+Z | turn_angle_deg=81.45
Episode=3 | Step=6 | GlobalStep=307 | Source=WARMUP_RANDOM | action_y=-0.615331 | action_z=-0.012795 | magnitude=0.615464 | angle_deg=-178.81 | direction=-Y | turn_angle_deg=149.28
Episode=3 | Step=7 | GlobalStep=308 | Source=WARMUP_RANDOM | action_y=-0.372832 | action_z=+0.789985 | magnitude=0.873545 | angle_deg=+115.26 | direction=-Y+Z | turn_angle_deg=65.93
Episode=3 | Step=8 | GlobalStep=309 | Source=WARMUP_RANDOM | action_y=+0.251986 | action_z=+0.860603 | magnitude=0.896735 | angle_deg=+73.68 | direction=+Z | turn_angle_deg=41.58
Episode=3 | Step=9 | GlobalStep=310 | Source=WARMUP_RANDOM | action_y=-0.056432 | action_z=-0.714205 | magnitude=0.716431 | angle_deg=-94.52 | direction=-Z | turn_angle_deg=168.20
Episode=3 | Step=10 | GlobalStep=311 | Source=WARMUP_RANDOM | action_y=+0.546522 | action_z=-0.209494 | magnitude=0.585299 | angle_deg=-20.97 | direction=+Y | turn_angle_deg=73.54
Episode=3 | Step=11 | GlobalStep=312 | Source=WARMUP_RANDOM | action_y=-0.153743 | action_z=+0.677827 | magnitude=0.695044 | angle_deg=+102.78 | direction=+Z | turn_angle_deg=123.75
----------------------------------------------------------------------------------------------------
[Episode 3 END] | reason=assembly_success | hole_found=True | assembly_success=True | search_steps=10 | search_time_s=1.00 | yz_path_mm=12.29
====================================================================================================
====================================================================================================
[Episode 4 START]
字段: Episode | Step | GlobalStep | Source | action_y | action_z | magnitude | angle_deg | direction | turn_angle_deg
方向角: +Y=0deg, +Z=+90deg, -Y=+/-180deg, -Z=-90deg
当前实验 sac_action_step = 0.05 mm；实际每轴参考增量 = action × 0.05 mm
----------------------------------------------------------------------------------------------------
Episode=4 | Step=1 | GlobalStep=313 | Source=WARMUP_RANDOM | action_y=-0.625611 | action_z=-0.959051 | magnitude=1.145063 | angle_deg=-123.12 | direction=-Y-Z | turn_angle_deg=N/A
Episode=4 | Step=2 | GlobalStep=314 | Source=WARMUP_RANDOM | action_y=-0.627828 | action_z=+0.971367 | magnitude=1.156599 | angle_deg=+122.88 | direction=-Y+Z | turn_angle_deg=114.01
Episode=4 | Step=3 | GlobalStep=315 | Source=WARMUP_RANDOM | action_y=+0.591004 | action_z=+0.040169 | magnitude=0.592368 | angle_deg=+3.89 | direction=+Y | turn_angle_deg=118.99
Episode=4 | Step=4 | GlobalStep=316 | Source=WARMUP_RANDOM | action_y=+0.397250 | action_z=-0.974079 | magnitude=1.051968 | angle_deg=-67.81 | direction=-Z | turn_angle_deg=71.70
Episode=4 | Step=5 | GlobalStep=317 | Source=WARMUP_RANDOM | action_y=-0.457600 | action_z=+0.683825 | magnitude=0.822809 | angle_deg=+123.79 | direction=-Y+Z | turn_angle_deg=168.40
----------------------------------------------------------------------------------------------------
[Episode 4 END] | reason=assembly_success | hole_found=True | assembly_success=True | search_steps=4 | search_time_s=0.40 | yz_path_mm=6.36
====================================================================================================
====================================================================================================
[Episode 5 START]
字段: Episode | Step | GlobalStep | Source | action_y | action_z | magnitude | angle_deg | direction | turn_angle_deg
方向角: +Y=0deg, +Z=+90deg, -Y=+/-180deg, -Z=-90deg
当前实验 sac_action_step = 0.05 mm；实际每轴参考增量 = action × 0.05 mm
----------------------------------------------------------------------------------------------------
Episode=5 | Step=1 | GlobalStep=318 | Source=WARMUP_RANDOM | action_y=-0.246337 | action_z=-0.516569 | magnitude=0.572298 | angle_deg=-115.50 | direction=-Y-Z | turn_angle_deg=N/A
Episode=5 | Step=2 | GlobalStep=319 | Source=WARMUP_RANDOM | action_y=+0.303252 | action_z=-0.623822 | magnitude=0.693625 | angle_deg=-64.07 | direction=+Y-Z | turn_angle_deg=51.42
Episode=5 | Step=3 | GlobalStep=320 | Source=WARMUP_RANDOM | action_y=+0.351269 | action_z=+0.648954 | magnitude=0.737924 | angle_deg=+61.57 | direction=+Y+Z | turn_angle_deg=125.65
Episode=5 | Step=4 | GlobalStep=321 | Source=WARMUP_RANDOM | action_y=+0.509155 | action_z=+0.867965 | magnitude=1.006282 | angle_deg=+59.60 | direction=+Y+Z | turn_angle_deg=1.97
Episode=5 | Step=5 | GlobalStep=322 | Source=WARMUP_RANDOM | action_y=-0.775760 | action_z=-0.694273 | magnitude=1.041065 | angle_deg=-138.17 | direction=-Y-Z | turn_angle_deg=162.22
Episode=5 | Step=6 | GlobalStep=323 | Source=WARMUP_RANDOM | action_y=+0.766631 | action_z=+0.112499 | magnitude=0.774842 | angle_deg=+8.35 | direction=+Y | turn_angle_deg=146.52
Episode=5 | Step=7 | GlobalStep=324 | Source=WARMUP_RANDOM | action_y=-0.719809 | action_z=+0.319349 | magnitude=0.787470 | angle_deg=+156.08 | direction=-Y+Z | turn_angle_deg=147.73
Episode=5 | Step=8 | GlobalStep=325 | Source=WARMUP_RANDOM | action_y=+0.724665 | action_z=+0.016243 | magnitude=0.724847 | angle_deg=+1.28 | direction=+Y | turn_angle_deg=154.79
Episode=5 | Step=9 | GlobalStep=326 | Source=WARMUP_RANDOM | action_y=+0.607897 | action_z=+0.338904 | magnitude=0.695985 | angle_deg=+29.14 | direction=+Y+Z | turn_angle_deg=27.86
Episode=5 | Step=10 | GlobalStep=327 | Source=WARMUP_RANDOM | action_y=-0.498728 | action_z=-0.118334 | magnitude=0.512574 | angle_deg=-166.65 | direction=-Y | turn_angle_deg=164.21
Episode=5 | Step=11 | GlobalStep=328 | Source=WARMUP_RANDOM | action_y=-0.835435 | action_z=-0.331099 | magnitude=0.898654 | angle_deg=-158.38 | direction=-Y | turn_angle_deg=8.27
Episode=5 | Step=12 | GlobalStep=329 | Source=WARMUP_RANDOM | action_y=-0.938499 | action_z=+0.792945 | magnitude=1.228635 | angle_deg=+139.81 | direction=-Y+Z | turn_angle_deg=61.81
Episode=5 | Step=13 | GlobalStep=330 | Source=WARMUP_RANDOM | action_y=+0.287952 | action_z=-0.538815 | magnitude=0.610932 | angle_deg=-61.88 | direction=+Y-Z | turn_angle_deg=158.32
Episode=5 | Step=14 | GlobalStep=331 | Source=WARMUP_RANDOM | action_y=-0.338628 | action_z=-0.804393 | magnitude=0.872764 | angle_deg=-112.83 | direction=-Y-Z | turn_angle_deg=50.95
Episode=5 | Step=15 | GlobalStep=332 | Source=WARMUP_RANDOM | action_y=+0.649307 | action_z=-0.016701 | magnitude=0.649522 | angle_deg=-1.47 | direction=+Y | turn_angle_deg=111.36
Episode=5 | Step=16 | GlobalStep=333 | Source=WARMUP_RANDOM | action_y=-0.460004 | action_z=+0.789624 | magnitude=0.913843 | angle_deg=+120.22 | direction=-Y+Z | turn_angle_deg=121.70
Episode=5 | Step=17 | GlobalStep=334 | Source=WARMUP_RANDOM | action_y=-0.837950 | action_z=+0.621472 | magnitude=1.043258 | angle_deg=+143.44 | direction=-Y+Z | turn_angle_deg=23.21
Episode=5 | Step=18 | GlobalStep=335 | Source=WARMUP_RANDOM | action_y=-0.086465 | action_z=+0.691091 | magnitude=0.696479 | angle_deg=+97.13 | direction=+Z | turn_angle_deg=46.31
Episode=5 | Step=19 | GlobalStep=336 | Source=WARMUP_RANDOM | action_y=-0.417296 | action_z=+0.060084 | magnitude=0.421599 | angle_deg=+171.81 | direction=-Y | turn_angle_deg=74.68
Episode=5 | Step=20 | GlobalStep=337 | Source=WARMUP_RANDOM | action_y=+0.865314 | action_z=-0.077045 | magnitude=0.868737 | angle_deg=-5.09 | direction=+Y | turn_angle_deg=176.89
Episode=5 | Step=21 | GlobalStep=338 | Source=WARMUP_RANDOM | action_y=+0.698241 | action_z=-0.676836 | magnitude=0.972445 | angle_deg=-44.11 | direction=+Y-Z | turn_angle_deg=39.02
Episode=5 | Step=22 | GlobalStep=339 | Source=WARMUP_RANDOM | action_y=+0.441750 | action_z=-0.139346 | magnitude=0.463207 | angle_deg=-17.51 | direction=+Y | turn_angle_deg=26.60
Episode=5 | Step=23 | GlobalStep=340 | Source=WARMUP_RANDOM | action_y=-0.615635 | action_z=+0.680604 | magnitude=0.917730 | angle_deg=+132.13 | direction=-Y+Z | turn_angle_deg=149.64
Episode=5 | Step=24 | GlobalStep=341 | Source=WARMUP_RANDOM | action_y=+0.664502 | action_z=-0.516333 | magnitude=0.841524 | angle_deg=-37.85 | direction=+Y-Z | turn_angle_deg=169.98
Episode=5 | Step=25 | GlobalStep=342 | Source=WARMUP_RANDOM | action_y=+0.028034 | action_z=+0.794357 | magnitude=0.794851 | angle_deg=+87.98 | direction=+Z | turn_angle_deg=125.83
Episode=5 | Step=26 | GlobalStep=343 | Source=WARMUP_RANDOM | action_y=+0.469583 | action_z=-0.922826 | magnitude=1.035431 | angle_deg=-63.03 | direction=+Y-Z | turn_angle_deg=151.01
Episode=5 | Step=27 | GlobalStep=344 | Source=WARMUP_RANDOM | action_y=-0.864251 | action_z=+0.603811 | magnitude=1.054286 | angle_deg=+145.06 | direction=-Y+Z | turn_angle_deg=151.91
Episode=5 | Step=28 | GlobalStep=345 | Source=WARMUP_RANDOM | action_y=-0.656537 | action_z=+0.793102 | magnitude=1.029588 | angle_deg=+129.62 | direction=-Y+Z | turn_angle_deg=15.44
Episode=5 | Step=29 | GlobalStep=346 | Source=WARMUP_RANDOM | action_y=-0.533912 | action_z=-0.456444 | magnitude=0.702427 | angle_deg=-139.47 | direction=-Y-Z | turn_angle_deg=90.91
Episode=5 | Step=30 | GlobalStep=347 | Source=WARMUP_RANDOM | action_y=+0.552085 | action_z=+0.282655 | magnitude=0.620235 | angle_deg=+27.11 | direction=+Y+Z | turn_angle_deg=166.58
Episode=5 | Step=31 | GlobalStep=348 | Source=WARMUP_RANDOM | action_y=-0.966301 | action_z=+0.327264 | magnitude=1.020216 | angle_deg=+161.29 | direction=-Y | turn_angle_deg=134.18
Episode=5 | Step=32 | GlobalStep=349 | Source=WARMUP_RANDOM | action_y=+0.179373 | action_z=+0.678893 | magnitude=0.702190 | angle_deg=+75.20 | direction=+Z | turn_angle_deg=86.09
Episode=5 | Step=33 | GlobalStep=350 | Source=WARMUP_RANDOM | action_y=+0.559341 | action_z=-0.967844 | magnitude=1.117848 | angle_deg=-59.98 | direction=+Y-Z | turn_angle_deg=135.18
Episode=5 | Step=34 | GlobalStep=351 | Source=WARMUP_RANDOM | action_y=+0.936282 | action_z=-0.071683 | magnitude=0.939022 | angle_deg=-4.38 | direction=+Y | turn_angle_deg=55.60
Episode=5 | Step=35 | GlobalStep=352 | Source=WARMUP_RANDOM | action_y=+0.193791 | action_z=-0.668974 | magnitude=0.696478 | angle_deg=-73.84 | direction=-Z | turn_angle_deg=69.47
Episode=5 | Step=36 | GlobalStep=353 | Source=WARMUP_RANDOM | action_y=+0.178707 | action_z=+0.292169 | magnitude=0.342489 | angle_deg=+58.55 | direction=+Y+Z | turn_angle_deg=132.39
Episode=5 | Step=37 | GlobalStep=354 | Source=WARMUP_RANDOM | action_y=-0.596253 | action_z=+0.371670 | magnitude=0.702607 | angle_deg=+148.06 | direction=-Y+Z | turn_angle_deg=89.52
Episode=5 | Step=38 | GlobalStep=355 | Source=WARMUP_RANDOM | action_y=+0.080868 | action_z=+0.824052 | magnitude=0.828010 | angle_deg=+84.40 | direction=+Z | turn_angle_deg=63.67
Episode=5 | Step=39 | GlobalStep=356 | Source=WARMUP_RANDOM | action_y=-0.472478 | action_z=+0.503565 | magnitude=0.690516 | angle_deg=+133.18 | direction=-Y+Z | turn_angle_deg=48.78
Episode=5 | Step=40 | GlobalStep=357 | Source=WARMUP_RANDOM | action_y=+0.301676 | action_z=+0.602087 | magnitude=0.673437 | angle_deg=+63.39 | direction=+Y+Z | turn_angle_deg=69.79
Episode=5 | Step=41 | GlobalStep=358 | Source=WARMUP_RANDOM | action_y=+0.220406 | action_z=+0.769080 | magnitude=0.800039 | angle_deg=+74.01 | direction=+Z | turn_angle_deg=10.62
Episode=5 | Step=42 | GlobalStep=359 | Source=WARMUP_RANDOM | action_y=+0.646804 | action_z=-0.802192 | magnitude=1.030469 | angle_deg=-51.12 | direction=+Y-Z | turn_angle_deg=125.13
Episode=5 | Step=43 | GlobalStep=360 | Source=WARMUP_RANDOM | action_y=-0.060505 | action_z=+0.612344 | magnitude=0.615326 | angle_deg=+95.64 | direction=+Z | turn_angle_deg=146.76
Episode=5 | Step=44 | GlobalStep=361 | Source=WARMUP_RANDOM | action_y=-0.268797 | action_z=+0.106155 | magnitude=0.288999 | angle_deg=+158.45 | direction=-Y | turn_angle_deg=62.81
Episode=5 | Step=45 | GlobalStep=362 | Source=WARMUP_RANDOM | action_y=+0.530249 | action_z=-0.086581 | magnitude=0.537271 | angle_deg=-9.27 | direction=+Y | turn_angle_deg=167.72
Episode=5 | Step=46 | GlobalStep=363 | Source=WARMUP_RANDOM | action_y=-0.211411 | action_z=+0.382991 | magnitude=0.437466 | angle_deg=+118.90 | direction=-Y+Z | turn_angle_deg=128.17
Episode=5 | Step=47 | GlobalStep=364 | Source=WARMUP_RANDOM | action_y=+0.315933 | action_z=-0.192459 | magnitude=0.369938 | angle_deg=-31.35 | direction=+Y-Z | turn_angle_deg=150.25
Episode=5 | Step=48 | GlobalStep=365 | Source=WARMUP_RANDOM | action_y=-0.995623 | action_z=+0.209122 | magnitude=1.017348 | angle_deg=+168.14 | direction=-Y | turn_angle_deg=160.51
Episode=5 | Step=49 | GlobalStep=366 | Source=WARMUP_RANDOM | action_y=-0.265343 | action_z=+0.223531 | magnitude=0.346949 | angle_deg=+139.89 | direction=-Y+Z | turn_angle_deg=28.25
Episode=5 | Step=50 | GlobalStep=367 | Source=WARMUP_RANDOM | action_y=+0.070610 | action_z=+0.727826 | magnitude=0.731243 | angle_deg=+84.46 | direction=+Z | turn_angle_deg=55.43
Episode=5 | Step=51 | GlobalStep=368 | Source=WARMUP_RANDOM | action_y=-0.781652 | action_z=+0.908875 | magnitude=1.198764 | angle_deg=+130.70 | direction=-Y+Z | turn_angle_deg=46.24
Episode=5 | Step=52 | GlobalStep=369 | Source=WARMUP_RANDOM | action_y=+0.601427 | action_z=-0.444694 | magnitude=0.747976 | angle_deg=-36.48 | direction=+Y-Z | turn_angle_deg=167.18
Episode=5 | Step=53 | GlobalStep=370 | Source=WARMUP_RANDOM | action_y=-0.926152 | action_z=+0.004017 | magnitude=0.926161 | angle_deg=+179.75 | direction=-Y | turn_angle_deg=143.77
Episode=5 | Step=54 | GlobalStep=371 | Source=WARMUP_RANDOM | action_y=-0.536842 | action_z=-0.113263 | magnitude=0.548660 | angle_deg=-168.09 | direction=-Y | turn_angle_deg=12.16
Episode=5 | Step=55 | GlobalStep=372 | Source=WARMUP_RANDOM | action_y=+0.760037 | action_z=-0.697310 | magnitude=1.031454 | angle_deg=-42.54 | direction=+Y-Z | turn_angle_deg=125.55
Episode=5 | Step=56 | GlobalStep=373 | Source=WARMUP_RANDOM | action_y=+0.137438 | action_z=+0.134913 | magnitude=0.192590 | angle_deg=+44.47 | direction=+Y+Z | turn_angle_deg=87.00
Episode=5 | Step=57 | GlobalStep=374 | Source=WARMUP_RANDOM | action_y=-0.333322 | action_z=-0.516835 | magnitude=0.614997 | angle_deg=-122.82 | direction=-Y-Z | turn_angle_deg=167.29
Episode=5 | Step=58 | GlobalStep=375 | Source=WARMUP_RANDOM | action_y=-0.539248 | action_z=+0.743003 | magnitude=0.918064 | angle_deg=+125.97 | direction=-Y+Z | turn_angle_deg=111.21
Episode=5 | Step=59 | GlobalStep=376 | Source=WARMUP_RANDOM | action_y=+0.908975 | action_z=-0.305568 | magnitude=0.958961 | angle_deg=-18.58 | direction=+Y | turn_angle_deg=144.55
Episode=5 | Step=60 | GlobalStep=377 | Source=WARMUP_RANDOM | action_y=+0.007044 | action_z=-0.274290 | magnitude=0.274380 | angle_deg=-88.53 | direction=-Z | turn_angle_deg=69.95
Episode=5 | Step=61 | GlobalStep=378 | Source=WARMUP_RANDOM | action_y=-0.545924 | action_z=-0.101968 | magnitude=0.555365 | angle_deg=-169.42 | direction=-Y | turn_angle_deg=80.89
Episode=5 | Step=62 | GlobalStep=379 | Source=WARMUP_RANDOM | action_y=+0.739963 | action_z=-0.950861 | magnitude=1.204857 | angle_deg=-52.11 | direction=+Y-Z | turn_angle_deg=117.31
Episode=5 | Step=63 | GlobalStep=380 | Source=WARMUP_RANDOM | action_y=-0.853993 | action_z=+0.162112 | magnitude=0.869244 | angle_deg=+169.25 | direction=-Y | turn_angle_deg=138.64
Episode=5 | Step=64 | GlobalStep=381 | Source=WARMUP_RANDOM | action_y=-0.321787 | action_z=+0.885457 | magnitude=0.942115 | angle_deg=+109.97 | direction=+Z | turn_angle_deg=59.28
Episode=5 | Step=65 | GlobalStep=382 | Source=WARMUP_RANDOM | action_y=-0.324079 | action_z=-0.441755 | magnitude=0.547882 | angle_deg=-126.26 | direction=-Y-Z | turn_angle_deg=123.76
Episode=5 | Step=66 | GlobalStep=383 | Source=WARMUP_RANDOM | action_y=-0.889190 | action_z=-0.043352 | magnitude=0.890246 | angle_deg=-177.21 | direction=-Y | turn_angle_deg=50.94
Episode=5 | Step=67 | GlobalStep=384 | Source=WARMUP_RANDOM | action_y=-0.455998 | action_z=-0.606669 | magnitude=0.758935 | angle_deg=-126.93 | direction=-Y-Z | turn_angle_deg=50.28
Episode=5 | Step=68 | GlobalStep=385 | Source=WARMUP_RANDOM | action_y=-0.381359 | action_z=+0.689693 | magnitude=0.788106 | angle_deg=+118.94 | direction=-Y+Z | turn_angle_deg=114.13
Episode=5 | Step=69 | GlobalStep=386 | Source=WARMUP_RANDOM | action_y=-0.033619 | action_z=+0.871656 | magnitude=0.872304 | angle_deg=+92.21 | direction=+Z | turn_angle_deg=26.73
Episode=5 | Step=70 | GlobalStep=387 | Source=WARMUP_RANDOM | action_y=+0.442732 | action_z=+0.980950 | magnitude=1.076232 | angle_deg=+65.71 | direction=+Y+Z | turn_angle_deg=26.50
Episode=5 | Step=71 | GlobalStep=388 | Source=WARMUP_RANDOM | action_y=+0.889993 | action_z=+0.453836 | magnitude=0.999027 | angle_deg=+27.02 | direction=+Y+Z | turn_angle_deg=38.69
Episode=5 | Step=72 | GlobalStep=389 | Source=WARMUP_RANDOM | action_y=-0.040643 | action_z=+0.032552 | magnitude=0.052072 | angle_deg=+141.31 | direction=-Y+Z | turn_angle_deg=114.29
Episode=5 | Step=73 | GlobalStep=390 | Source=WARMUP_RANDOM | action_y=-0.842894 | action_z=+0.761698 | magnitude=1.136069 | angle_deg=+137.90 | direction=-Y+Z | turn_angle_deg=3.41
Episode=5 | Step=74 | GlobalStep=391 | Source=WARMUP_RANDOM | action_y=+0.304512 | action_z=+0.777253 | magnitude=0.834775 | angle_deg=+68.61 | direction=+Z | turn_angle_deg=69.29
Episode=5 | Step=75 | GlobalStep=392 | Source=WARMUP_RANDOM | action_y=+0.366510 | action_z=-0.069210 | magnitude=0.372987 | angle_deg=-10.69 | direction=+Y | turn_angle_deg=79.30
Episode=5 | Step=76 | GlobalStep=393 | Source=WARMUP_RANDOM | action_y=+0.332929 | action_z=+0.933180 | magnitude=0.990791 | angle_deg=+70.37 | direction=+Z | turn_angle_deg=81.06
Episode=5 | Step=77 | GlobalStep=394 | Source=WARMUP_RANDOM | action_y=+0.019227 | action_z=+0.766877 | magnitude=0.767118 | angle_deg=+88.56 | direction=+Z | turn_angle_deg=18.20
Episode=5 | Step=78 | GlobalStep=395 | Source=WARMUP_RANDOM | action_y=+0.737663 | action_z=+0.577463 | magnitude=0.936809 | angle_deg=+38.05 | direction=+Y+Z | turn_angle_deg=50.51
Episode=5 | Step=79 | GlobalStep=396 | Source=WARMUP_RANDOM | action_y=-0.223960 | action_z=+0.162059 | magnitude=0.276443 | angle_deg=+144.11 | direction=-Y+Z | turn_angle_deg=106.06
Episode=5 | Step=80 | GlobalStep=397 | Source=WARMUP_RANDOM | action_y=+0.094732 | action_z=-0.241776 | magnitude=0.259672 | angle_deg=-68.60 | direction=-Z | turn_angle_deg=147.29
Episode=5 | Step=81 | GlobalStep=398 | Source=WARMUP_RANDOM | action_y=-0.900990 | action_z=-0.214236 | magnitude=0.926111 | angle_deg=-166.62 | direction=-Y | turn_angle_deg=98.02
Episode=5 | Step=82 | GlobalStep=399 | Source=WARMUP_RANDOM | action_y=+0.001776 | action_z=+0.590213 | magnitude=0.590216 | angle_deg=+89.83 | direction=+Z | turn_angle_deg=103.55
Episode=5 | Step=83 | GlobalStep=400 | Source=WARMUP_RANDOM | action_y=+0.933097 | action_z=-0.136188 | magnitude=0.942983 | angle_deg=-8.30 | direction=+Y | turn_angle_deg=98.13
Episode=5 | Step=84 | GlobalStep=401 | Source=WARMUP_RANDOM | action_y=-0.967867 | action_z=-0.437438 | magnitude=1.062129 | angle_deg=-155.68 | direction=-Y-Z | turn_angle_deg=147.38
Episode=5 | Step=85 | GlobalStep=402 | Source=WARMUP_RANDOM | action_y=-0.976549 | action_z=+0.989510 | magnitude=1.390244 | angle_deg=+134.62 | direction=-Y+Z | turn_angle_deg=69.70
Episode=5 | Step=86 | GlobalStep=403 | Source=WARMUP_RANDOM | action_y=-0.019600 | action_z=-0.630694 | magnitude=0.630999 | angle_deg=-91.78 | direction=-Z | turn_angle_deg=133.60
Episode=5 | Step=87 | GlobalStep=404 | Source=WARMUP_RANDOM | action_y=-0.531629 | action_z=-0.233867 | magnitude=0.580795 | angle_deg=-156.26 | direction=-Y-Z | turn_angle_deg=64.48
Episode=5 | Step=88 | GlobalStep=405 | Source=WARMUP_RANDOM | action_y=+0.750598 | action_z=-0.947962 | magnitude=1.209144 | angle_deg=-51.63 | direction=+Y-Z | turn_angle_deg=104.63
Episode=5 | Step=89 | GlobalStep=406 | Source=WARMUP_RANDOM | action_y=-0.288107 | action_z=-0.766948 | magnitude=0.819277 | angle_deg=-110.59 | direction=-Z | turn_angle_deg=58.96
Episode=5 | Step=90 | GlobalStep=407 | Source=WARMUP_RANDOM | action_y=+0.975609 | action_z=-0.290670 | magnitude=1.017989 | angle_deg=-16.59 | direction=+Y | turn_angle_deg=94.00
Episode=5 | Step=91 | GlobalStep=408 | Source=WARMUP_RANDOM | action_y=-0.380233 | action_z=-0.674787 | magnitude=0.774542 | angle_deg=-119.40 | direction=-Y-Z | turn_angle_deg=102.81
Episode=5 | Step=92 | GlobalStep=409 | Source=WARMUP_RANDOM | action_y=+0.753500 | action_z=-0.211833 | magnitude=0.782710 | angle_deg=-15.70 | direction=+Y | turn_angle_deg=103.70
Episode=5 | Step=93 | GlobalStep=410 | Source=WARMUP_RANDOM | action_y=+0.520161 | action_z=+0.985079 | magnitude=1.113978 | angle_deg=+62.16 | direction=+Y+Z | turn_angle_deg=77.87
Episode=5 | Step=94 | GlobalStep=411 | Source=WARMUP_RANDOM | action_y=+0.717501 | action_z=+0.801727 | magnitude=1.075906 | angle_deg=+48.17 | direction=+Y+Z | turn_angle_deg=13.99
Episode=5 | Step=95 | GlobalStep=412 | Source=WARMUP_RANDOM | action_y=+0.485764 | action_z=-0.753064 | magnitude=0.896143 | angle_deg=-57.18 | direction=+Y-Z | turn_angle_deg=105.35
Episode=5 | Step=96 | GlobalStep=413 | Source=WARMUP_RANDOM | action_y=+0.736817 | action_z=+0.856817 | magnitude=1.130060 | angle_deg=+49.31 | direction=+Y+Z | turn_angle_deg=106.48
Episode=5 | Step=97 | GlobalStep=414 | Source=WARMUP_RANDOM | action_y=-0.381712 | action_z=+0.176389 | magnitude=0.420497 | angle_deg=+155.20 | direction=-Y+Z | turn_angle_deg=105.89
Episode=5 | Step=98 | GlobalStep=415 | Source=WARMUP_RANDOM | action_y=-0.035992 | action_z=+0.976348 | magnitude=0.977011 | angle_deg=+92.11 | direction=+Z | turn_angle_deg=63.09
Episode=5 | Step=99 | GlobalStep=416 | Source=WARMUP_RANDOM | action_y=+0.276392 | action_z=+0.903675 | magnitude=0.944998 | angle_deg=+72.99 | direction=+Z | turn_angle_deg=19.12
Episode=5 | Step=100 | GlobalStep=417 | Source=WARMUP_RANDOM | action_y=-0.060008 | action_z=+0.679739 | magnitude=0.682382 | angle_deg=+95.05 | direction=+Z | turn_angle_deg=22.05
Episode=5 | Step=101 | GlobalStep=418 | Source=WARMUP_RANDOM | action_y=+0.175187 | action_z=-0.224343 | magnitude=0.284640 | angle_deg=-52.01 | direction=+Y-Z | turn_angle_deg=147.06
Episode=5 | Step=102 | GlobalStep=419 | Source=WARMUP_RANDOM | action_y=+0.730515 | action_z=-0.835877 | magnitude=1.110109 | angle_deg=-48.85 | direction=+Y-Z | turn_angle_deg=3.17
Episode=5 | Step=103 | GlobalStep=420 | Source=WARMUP_RANDOM | action_y=-0.392288 | action_z=-0.007324 | magnitude=0.392356 | angle_deg=-178.93 | direction=-Y | turn_angle_deg=130.08
Episode=5 | Step=104 | GlobalStep=421 | Source=WARMUP_RANDOM | action_y=+0.382380 | action_z=+0.972912 | magnitude=1.045358 | angle_deg=+68.54 | direction=+Z | turn_angle_deg=112.53
Episode=5 | Step=105 | GlobalStep=422 | Source=WARMUP_RANDOM | action_y=-0.157313 | action_z=-0.648242 | magnitude=0.667057 | angle_deg=-103.64 | direction=-Z | turn_angle_deg=172.18
Episode=5 | Step=106 | GlobalStep=423 | Source=WARMUP_RANDOM | action_y=+0.490312 | action_z=-0.291004 | magnitude=0.570165 | angle_deg=-30.69 | direction=+Y-Z | turn_angle_deg=72.95
Episode=5 | Step=107 | GlobalStep=424 | Source=WARMUP_RANDOM | action_y=-0.182197 | action_z=-0.643289 | magnitude=0.668593 | angle_deg=-105.81 | direction=-Z | turn_angle_deg=75.12
Episode=5 | Step=108 | GlobalStep=425 | Source=WARMUP_RANDOM | action_y=-0.219055 | action_z=+0.100935 | magnitude=0.241191 | angle_deg=+155.26 | direction=-Y+Z | turn_angle_deg=98.93
Episode=5 | Step=109 | GlobalStep=426 | Source=WARMUP_RANDOM | action_y=+0.463844 | action_z=+0.461554 | magnitude=0.654357 | angle_deg=+44.86 | direction=+Y+Z | turn_angle_deg=110.40
Episode=5 | Step=110 | GlobalStep=427 | Source=WARMUP_RANDOM | action_y=+0.988477 | action_z=+0.220961 | magnitude=1.012873 | angle_deg=+12.60 | direction=+Y | turn_angle_deg=32.26
Episode=5 | Step=111 | GlobalStep=428 | Source=WARMUP_RANDOM | action_y=-0.566350 | action_z=-0.882397 | magnitude=1.048511 | angle_deg=-122.69 | direction=-Y-Z | turn_angle_deg=135.29
Episode=5 | Step=112 | GlobalStep=429 | Source=WARMUP_RANDOM | action_y=-0.061009 | action_z=-0.969161 | magnitude=0.971080 | angle_deg=-93.60 | direction=-Z | turn_angle_deg=29.09
Episode=5 | Step=113 | GlobalStep=430 | Source=WARMUP_RANDOM | action_y=+0.934891 | action_z=-0.450462 | magnitude=1.037756 | angle_deg=-25.73 | direction=+Y-Z | turn_angle_deg=67.88
Episode=5 | Step=114 | GlobalStep=431 | Source=WARMUP_RANDOM | action_y=+0.503204 | action_z=-0.403209 | magnitude=0.644819 | angle_deg=-38.70 | direction=+Y-Z | turn_angle_deg=12.98
Episode=5 | Step=115 | GlobalStep=432 | Source=WARMUP_RANDOM | action_y=-0.570180 | action_z=+0.012756 | magnitude=0.570323 | angle_deg=+178.72 | direction=-Y | turn_angle_deg=142.58
Episode=5 | Step=116 | GlobalStep=433 | Source=WARMUP_RANDOM | action_y=+0.760835 | action_z=-0.506398 | magnitude=0.913953 | angle_deg=-33.65 | direction=+Y-Z | turn_angle_deg=147.63
Episode=5 | Step=117 | GlobalStep=434 | Source=WARMUP_RANDOM | action_y=-0.459355 | action_z=+0.679869 | magnitude=0.820506 | angle_deg=+124.05 | direction=-Y+Z | turn_angle_deg=157.69
Episode=5 | Step=118 | GlobalStep=435 | Source=WARMUP_RANDOM | action_y=+0.179737 | action_z=-0.429908 | magnitude=0.465968 | angle_deg=-67.31 | direction=+Y-Z | turn_angle_deg=168.64
Episode=5 | Step=119 | GlobalStep=436 | Source=WARMUP_RANDOM | action_y=-0.149535 | action_z=+0.870227 | magnitude=0.882981 | angle_deg=+99.75 | direction=+Z | turn_angle_deg=167.06
Episode=5 | Step=120 | GlobalStep=437 | Source=WARMUP_RANDOM | action_y=+0.305204 | action_z=+0.093521 | magnitude=0.319211 | angle_deg=+17.04 | direction=+Y | turn_angle_deg=82.71
Episode=5 | Step=121 | GlobalStep=438 | Source=WARMUP_RANDOM | action_y=+0.313598 | action_z=-0.892170 | magnitude=0.945680 | angle_deg=-70.63 | direction=-Z | turn_angle_deg=87.67
Episode=5 | Step=122 | GlobalStep=439 | Source=WARMUP_RANDOM | action_y=-0.293945 | action_z=-0.552554 | magnitude=0.625875 | angle_deg=-118.01 | direction=-Y-Z | turn_angle_deg=47.38
Episode=5 | Step=123 | GlobalStep=440 | Source=WARMUP_RANDOM | action_y=+0.701001 | action_z=-0.860300 | magnitude=1.109739 | angle_deg=-50.83 | direction=+Y-Z | turn_angle_deg=67.19
Episode=5 | Step=124 | GlobalStep=441 | Source=WARMUP_RANDOM | action_y=-0.710535 | action_z=-0.463197 | magnitude=0.848181 | angle_deg=-146.90 | direction=-Y-Z | turn_angle_deg=96.07
Episode=5 | Step=125 | GlobalStep=442 | Source=WARMUP_RANDOM | action_y=-0.210530 | action_z=+0.384890 | magnitude=0.438707 | angle_deg=+118.68 | direction=-Y+Z | turn_angle_deg=94.42
Episode=5 | Step=126 | GlobalStep=443 | Source=WARMUP_RANDOM | action_y=-0.186685 | action_z=-0.957247 | magnitude=0.975281 | angle_deg=-101.04 | direction=-Z | turn_angle_deg=140.29
Episode=5 | Step=127 | GlobalStep=444 | Source=WARMUP_RANDOM | action_y=-0.332699 | action_z=+0.188584 | magnitude=0.382429 | angle_deg=+150.45 | direction=-Y+Z | turn_angle_deg=108.51
Episode=5 | Step=128 | GlobalStep=445 | Source=WARMUP_RANDOM | action_y=+0.511830 | action_z=-0.342630 | magnitude=0.615927 | angle_deg=-33.80 | direction=+Y-Z | turn_angle_deg=175.75
Episode=5 | Step=129 | GlobalStep=446 | Source=WARMUP_RANDOM | action_y=-0.590197 | action_z=+0.985608 | magnitude=1.148806 | angle_deg=+120.91 | direction=-Y+Z | turn_angle_deg=154.71
Episode=5 | Step=130 | GlobalStep=447 | Source=WARMUP_RANDOM | action_y=-0.194307 | action_z=+0.247611 | magnitude=0.314748 | angle_deg=+128.12 | direction=-Y+Z | turn_angle_deg=7.21
Episode=5 | Step=131 | GlobalStep=448 | Source=WARMUP_RANDOM | action_y=+0.781713 | action_z=+0.650573 | magnitude=1.017015 | angle_deg=+39.77 | direction=+Y+Z | turn_angle_deg=88.35
Episode=5 | Step=132 | GlobalStep=449 | Source=WARMUP_RANDOM | action_y=+0.768961 | action_z=+0.490265 | magnitude=0.911954 | angle_deg=+32.52 | direction=+Y+Z | turn_angle_deg=7.25
Episode=5 | Step=133 | GlobalStep=450 | Source=WARMUP_RANDOM | action_y=-0.769000 | action_z=-0.208497 | magnitude=0.796763 | angle_deg=-164.83 | direction=-Y | turn_angle_deg=162.65
Episode=5 | Step=134 | GlobalStep=451 | Source=WARMUP_RANDOM | action_y=+0.805014 | action_z=+0.463490 | magnitude=0.928909 | angle_deg=+29.93 | direction=+Y+Z | turn_angle_deg=165.24
Episode=5 | Step=135 | GlobalStep=452 | Source=WARMUP_RANDOM | action_y=+0.564420 | action_z=-0.317578 | magnitude=0.647631 | angle_deg=-29.36 | direction=+Y-Z | turn_angle_deg=59.30
Episode=5 | Step=136 | GlobalStep=453 | Source=WARMUP_RANDOM | action_y=-0.071214 | action_z=+0.422670 | magnitude=0.428628 | angle_deg=+99.56 | direction=+Z | turn_angle_deg=128.93
Episode=5 | Step=137 | GlobalStep=454 | Source=WARMUP_RANDOM | action_y=+0.597069 | action_z=+0.814310 | magnitude=1.009748 | angle_deg=+53.75 | direction=+Y+Z | turn_angle_deg=45.81
Episode=5 | Step=138 | GlobalStep=455 | Source=WARMUP_RANDOM | action_y=-0.360671 | action_z=+0.103071 | magnitude=0.375110 | angle_deg=+164.05 | direction=-Y | turn_angle_deg=110.30
Episode=5 | Step=139 | GlobalStep=456 | Source=WARMUP_RANDOM | action_y=-0.384263 | action_z=-0.336333 | magnitude=0.510664 | angle_deg=-138.81 | direction=-Y-Z | turn_angle_deg=57.14
----------------------------------------------------------------------------------------------------
[Episode 5 END] | reason=assembly_success | hole_found=True | assembly_success=True | search_steps=138 | search_time_s=13.80 | yz_path_mm=208.02
====================================================================================================
====================================================================================================
[Episode 6 START]
字段: Episode | Step | GlobalStep | Source | action_y | action_z | magnitude | angle_deg | direction | turn_angle_deg
方向角: +Y=0deg, +Z=+90deg, -Y=+/-180deg, -Z=-90deg
当前实验 sac_action_step = 0.05 mm；实际每轴参考增量 = action × 0.05 mm
----------------------------------------------------------------------------------------------------
Episode=6 | Step=1 | GlobalStep=457 | Source=WARMUP_RANDOM | action_y=+0.220074 | action_z=-0.549150 | magnitude=0.591607 | angle_deg=-68.16 | direction=-Z | turn_angle_deg=N/A
Episode=6 | Step=2 | GlobalStep=458 | Source=WARMUP_RANDOM | action_y=+0.951247 | action_z=-0.103159 | magnitude=0.956824 | angle_deg=-6.19 | direction=+Y | turn_angle_deg=61.97
Episode=6 | Step=3 | GlobalStep=459 | Source=WARMUP_RANDOM | action_y=-0.398705 | action_z=+0.734108 | magnitude=0.835392 | angle_deg=+118.51 | direction=-Y+Z | turn_angle_deg=124.70
Episode=6 | Step=4 | GlobalStep=460 | Source=WARMUP_RANDOM | action_y=+0.466913 | action_z=-0.978897 | magnitude=1.084550 | angle_deg=-64.50 | direction=+Y-Z | turn_angle_deg=176.99
Episode=6 | Step=5 | GlobalStep=461 | Source=WARMUP_RANDOM | action_y=-0.789833 | action_z=-0.312477 | magnitude=0.849399 | angle_deg=-158.42 | direction=-Y | turn_angle_deg=93.92
Episode=6 | Step=6 | GlobalStep=462 | Source=WARMUP_RANDOM | action_y=+0.022773 | action_z=+0.682762 | magnitude=0.683142 | angle_deg=+88.09 | direction=+Z | turn_angle_deg=113.50
Episode=6 | Step=7 | GlobalStep=463 | Source=WARMUP_RANDOM | action_y=+0.104392 | action_z=-0.390559 | magnitude=0.404270 | angle_deg=-75.04 | direction=-Z | turn_angle_deg=163.12
Episode=6 | Step=8 | GlobalStep=464 | Source=WARMUP_RANDOM | action_y=-0.352408 | action_z=-0.674343 | magnitude=0.760875 | angle_deg=-117.59 | direction=-Y-Z | turn_angle_deg=42.56
Episode=6 | Step=9 | GlobalStep=465 | Source=WARMUP_RANDOM | action_y=-0.482687 | action_z=+0.604329 | magnitude=0.773434 | angle_deg=+128.61 | direction=-Y+Z | turn_angle_deg=113.79
Episode=6 | Step=10 | GlobalStep=466 | Source=WARMUP_RANDOM | action_y=+0.231055 | action_z=-0.061871 | magnitude=0.239196 | angle_deg=-14.99 | direction=+Y | turn_angle_deg=143.61
Episode=6 | Step=11 | GlobalStep=467 | Source=WARMUP_RANDOM | action_y=-0.837190 | action_z=+0.003343 | magnitude=0.837196 | angle_deg=+179.77 | direction=-Y | turn_angle_deg=165.24
Episode=6 | Step=12 | GlobalStep=468 | Source=WARMUP_RANDOM | action_y=-0.659118 | action_z=+0.326790 | magnitude=0.735682 | angle_deg=+153.63 | direction=-Y+Z | turn_angle_deg=26.14
----------------------------------------------------------------------------------------------------
[Episode 6 END] | reason=assembly_success | hole_found=True | assembly_success=True | search_steps=11 | search_time_s=1.10 | yz_path_mm=12.19
====================================================================================================
====================================================================================================
[Episode 7 START]
字段: Episode | Step | GlobalStep | Source | action_y | action_z | magnitude | angle_deg | direction | turn_angle_deg
方向角: +Y=0deg, +Z=+90deg, -Y=+/-180deg, -Z=-90deg
当前实验 sac_action_step = 0.05 mm；实际每轴参考增量 = action × 0.05 mm
----------------------------------------------------------------------------------------------------
Episode=7 | Step=1 | GlobalStep=469 | Source=WARMUP_RANDOM | action_y=-0.533395 | action_z=+0.791593 | magnitude=0.954531 | angle_deg=+123.97 | direction=-Y+Z | turn_angle_deg=N/A
Episode=7 | Step=2 | GlobalStep=470 | Source=WARMUP_RANDOM | action_y=+0.117559 | action_z=+0.309380 | magnitude=0.330962 | angle_deg=+69.19 | direction=+Z | turn_angle_deg=54.78
Episode=7 | Step=3 | GlobalStep=471 | Source=WARMUP_RANDOM | action_y=+0.250092 | action_z=-0.116403 | magnitude=0.275855 | angle_deg=-24.96 | direction=+Y-Z | turn_angle_deg=94.15
Episode=7 | Step=4 | GlobalStep=472 | Source=WARMUP_RANDOM | action_y=-0.974383 | action_z=-0.595374 | magnitude=1.141881 | angle_deg=-148.57 | direction=-Y-Z | turn_angle_deg=123.61
Episode=7 | Step=5 | GlobalStep=473 | Source=WARMUP_RANDOM | action_y=+0.034315 | action_z=+0.124330 | magnitude=0.128979 | angle_deg=+74.57 | direction=+Z | turn_angle_deg=136.86
Episode=7 | Step=6 | GlobalStep=474 | Source=WARMUP_RANDOM | action_y=-0.007261 | action_z=-0.991428 | magnitude=0.991455 | angle_deg=-90.42 | direction=-Z | turn_angle_deg=164.99
Episode=7 | Step=7 | GlobalStep=475 | Source=WARMUP_RANDOM | action_y=-0.540630 | action_z=-0.069696 | magnitude=0.545104 | angle_deg=-172.65 | direction=-Y | turn_angle_deg=82.23
Episode=7 | Step=8 | GlobalStep=476 | Source=WARMUP_RANDOM | action_y=+0.306957 | action_z=+0.690996 | magnitude=0.756107 | angle_deg=+66.05 | direction=+Y+Z | turn_angle_deg=121.30
Episode=7 | Step=9 | GlobalStep=477 | Source=WARMUP_RANDOM | action_y=-0.044550 | action_z=-0.480068 | magnitude=0.482131 | angle_deg=-95.30 | direction=-Z | turn_angle_deg=161.35
Episode=7 | Step=10 | GlobalStep=478 | Source=WARMUP_RANDOM | action_y=+0.577752 | action_z=+0.394490 | magnitude=0.699586 | angle_deg=+34.33 | direction=+Y+Z | turn_angle_deg=129.63
Episode=7 | Step=11 | GlobalStep=479 | Source=WARMUP_RANDOM | action_y=-0.607084 | action_z=-0.256563 | magnitude=0.659072 | angle_deg=-157.09 | direction=-Y-Z | turn_angle_deg=168.58
Episode=7 | Step=12 | GlobalStep=480 | Source=WARMUP_RANDOM | action_y=-0.897495 | action_z=-0.274680 | magnitude=0.938588 | angle_deg=-162.98 | direction=-Y | turn_angle_deg=5.89
Episode=7 | Step=13 | GlobalStep=481 | Source=WARMUP_RANDOM | action_y=+0.572322 | action_z=-0.593950 | magnitude=0.824821 | angle_deg=-46.06 | direction=+Y-Z | turn_angle_deg=116.92
Episode=7 | Step=14 | GlobalStep=482 | Source=WARMUP_RANDOM | action_y=-0.134318 | action_z=+0.430090 | magnitude=0.450576 | angle_deg=+107.34 | direction=+Z | turn_angle_deg=153.41
Episode=7 | Step=15 | GlobalStep=483 | Source=WARMUP_RANDOM | action_y=-0.988848 | action_z=+0.988365 | magnitude=1.398101 | angle_deg=+135.01 | direction=-Y+Z | turn_angle_deg=27.67
Episode=7 | Step=16 | GlobalStep=484 | Source=WARMUP_RANDOM | action_y=+0.236021 | action_z=+0.334654 | magnitude=0.409511 | angle_deg=+54.81 | direction=+Y+Z | turn_angle_deg=80.21
Episode=7 | Step=17 | GlobalStep=485 | Source=WARMUP_RANDOM | action_y=+0.735204 | action_z=-0.275553 | magnitude=0.785146 | angle_deg=-20.55 | direction=+Y | turn_angle_deg=75.35
Episode=7 | Step=18 | GlobalStep=486 | Source=WARMUP_RANDOM | action_y=+0.468779 | action_z=+0.785712 | magnitude=0.914930 | angle_deg=+59.18 | direction=+Y+Z | turn_angle_deg=79.72
Episode=7 | Step=19 | GlobalStep=487 | Source=WARMUP_RANDOM | action_y=+0.252044 | action_z=+0.789734 | magnitude=0.828979 | angle_deg=+72.30 | direction=+Z | turn_angle_deg=13.12
Episode=7 | Step=20 | GlobalStep=488 | Source=WARMUP_RANDOM | action_y=-0.804700 | action_z=+0.326596 | magnitude=0.868451 | angle_deg=+157.91 | direction=-Y | turn_angle_deg=85.61
Episode=7 | Step=21 | GlobalStep=489 | Source=WARMUP_RANDOM | action_y=-0.221563 | action_z=-0.550621 | magnitude=0.593526 | angle_deg=-111.92 | direction=-Z | turn_angle_deg=90.17
Episode=7 | Step=22 | GlobalStep=490 | Source=WARMUP_RANDOM | action_y=+0.334117 | action_z=-0.393917 | magnitude=0.516531 | angle_deg=-49.70 | direction=+Y-Z | turn_angle_deg=62.22
Episode=7 | Step=23 | GlobalStep=491 | Source=WARMUP_RANDOM | action_y=+0.323234 | action_z=+0.080106 | magnitude=0.333012 | angle_deg=+13.92 | direction=+Y | turn_angle_deg=63.61
Episode=7 | Step=24 | GlobalStep=492 | Source=WARMUP_RANDOM | action_y=+0.591074 | action_z=+0.277743 | magnitude=0.653077 | angle_deg=+25.17 | direction=+Y+Z | turn_angle_deg=11.25
Episode=7 | Step=25 | GlobalStep=493 | Source=WARMUP_RANDOM | action_y=-0.156635 | action_z=+0.520559 | magnitude=0.543614 | angle_deg=+106.75 | direction=+Z | turn_angle_deg=81.58
Episode=7 | Step=26 | GlobalStep=494 | Source=WARMUP_RANDOM | action_y=+0.538013 | action_z=+0.865141 | magnitude=1.018787 | angle_deg=+58.12 | direction=+Y+Z | turn_angle_deg=48.62
Episode=7 | Step=27 | GlobalStep=495 | Source=WARMUP_RANDOM | action_y=+0.574984 | action_z=+0.077563 | magnitude=0.580191 | angle_deg=+7.68 | direction=+Y | turn_angle_deg=50.44
Episode=7 | Step=28 | GlobalStep=496 | Source=WARMUP_RANDOM | action_y=+0.105226 | action_z=-0.655701 | magnitude=0.664091 | angle_deg=-80.88 | direction=-Z | turn_angle_deg=88.57
Episode=7 | Step=29 | GlobalStep=497 | Source=WARMUP_RANDOM | action_y=+0.739696 | action_z=-0.496432 | magnitude=0.890839 | angle_deg=-33.87 | direction=+Y-Z | turn_angle_deg=47.02
Episode=7 | Step=30 | GlobalStep=498 | Source=WARMUP_RANDOM | action_y=+0.631731 | action_z=+0.294026 | magnitude=0.696804 | angle_deg=+24.96 | direction=+Y+Z | turn_angle_deg=58.83
Episode=7 | Step=31 | GlobalStep=499 | Source=WARMUP_RANDOM | action_y=-0.232227 | action_z=+0.875695 | magnitude=0.905965 | angle_deg=+104.85 | direction=+Z | turn_angle_deg=79.89
Episode=7 | Step=32 | GlobalStep=500 | Source=WARMUP_RANDOM | action_y=-0.181424 | action_z=-0.687830 | magnitude=0.711354 | angle_deg=-104.78 | direction=-Z | turn_angle_deg=150.37
Episode=7 | Step=33 | GlobalStep=501 | Source=WARMUP_RANDOM | action_y=+0.410160 | action_z=+0.449374 | magnitude=0.608415 | angle_deg=+47.61 | direction=+Y+Z | turn_angle_deg=152.39
Episode=7 | Step=34 | GlobalStep=502 | Source=WARMUP_RANDOM | action_y=+0.575989 | action_z=+0.265416 | magnitude=0.634199 | angle_deg=+24.74 | direction=+Y+Z | turn_angle_deg=22.87
Episode=7 | Step=35 | GlobalStep=503 | Source=WARMUP_RANDOM | action_y=+0.853402 | action_z=-0.899560 | magnitude=1.239961 | angle_deg=-46.51 | direction=+Y-Z | turn_angle_deg=71.25
Episode=7 | Step=36 | GlobalStep=504 | Source=WARMUP_RANDOM | action_y=+0.525351 | action_z=-0.784040 | magnitude=0.943776 | angle_deg=-56.18 | direction=+Y-Z | turn_angle_deg=9.67
Episode=7 | Step=37 | GlobalStep=505 | Source=WARMUP_RANDOM | action_y=-0.705225 | action_z=-0.884748 | magnitude=1.131424 | angle_deg=-128.56 | direction=-Y-Z | turn_angle_deg=72.38
Episode=7 | Step=38 | GlobalStep=506 | Source=WARMUP_RANDOM | action_y=+0.559327 | action_z=+0.463971 | magnitude=0.726716 | angle_deg=+39.68 | direction=+Y+Z | turn_angle_deg=168.23
Episode=7 | Step=39 | GlobalStep=507 | Source=WARMUP_RANDOM | action_y=-0.835150 | action_z=-0.391041 | magnitude=0.922165 | angle_deg=-154.91 | direction=-Y-Z | turn_angle_deg=165.41
Episode=7 | Step=40 | GlobalStep=508 | Source=WARMUP_RANDOM | action_y=-0.739603 | action_z=+0.493693 | magnitude=0.889239 | angle_deg=+146.28 | direction=-Y+Z | turn_angle_deg=58.81
Episode=7 | Step=41 | GlobalStep=509 | Source=WARMUP_RANDOM | action_y=+0.540239 | action_z=+0.554830 | magnitude=0.774399 | angle_deg=+45.76 | direction=+Y+Z | turn_angle_deg=100.51
Episode=7 | Step=42 | GlobalStep=510 | Source=WARMUP_RANDOM | action_y=+0.008935 | action_z=-0.205842 | magnitude=0.206036 | angle_deg=-87.51 | direction=-Z | turn_angle_deg=133.28
Episode=7 | Step=43 | GlobalStep=511 | Source=WARMUP_RANDOM | action_y=+0.467996 | action_z=-0.189859 | magnitude=0.505041 | angle_deg=-22.08 | direction=+Y | turn_angle_deg=65.43
Episode=7 | Step=44 | GlobalStep=512 | Source=WARMUP_RANDOM | action_y=-0.862619 | action_z=+0.757565 | magnitude=1.148049 | angle_deg=+138.71 | direction=-Y+Z | turn_angle_deg=160.79
Episode=7 | Step=45 | GlobalStep=513 | Source=WARMUP_RANDOM | action_y=-0.427783 | action_z=+0.778638 | magnitude=0.888412 | angle_deg=+118.78 | direction=-Y+Z | turn_angle_deg=19.93
Episode=7 | Step=46 | GlobalStep=514 | Source=WARMUP_RANDOM | action_y=+0.535918 | action_z=-0.485552 | magnitude=0.723165 | angle_deg=-42.18 | direction=+Y-Z | turn_angle_deg=160.96
Episode=7 | Step=47 | GlobalStep=515 | Source=WARMUP_RANDOM | action_y=-0.922982 | action_z=-0.050573 | magnitude=0.924366 | angle_deg=-176.86 | direction=-Y | turn_angle_deg=134.69
Episode=7 | Step=48 | GlobalStep=516 | Source=WARMUP_RANDOM | action_y=+0.272609 | action_z=-0.678722 | magnitude=0.731423 | angle_deg=-68.12 | direction=-Z | turn_angle_deg=108.75
Episode=7 | Step=49 | GlobalStep=517 | Source=WARMUP_RANDOM | action_y=-0.694395 | action_z=+0.774202 | magnitude=1.039987 | angle_deg=+131.89 | direction=-Y+Z | turn_angle_deg=159.99
Episode=7 | Step=50 | GlobalStep=518 | Source=WARMUP_RANDOM | action_y=-0.555372 | action_z=-0.992462 | magnitude=1.137285 | angle_deg=-119.23 | direction=-Y-Z | turn_angle_deg=108.88
Episode=7 | Step=51 | GlobalStep=519 | Source=WARMUP_RANDOM | action_y=-0.891230 | action_z=+0.957085 | magnitude=1.307785 | angle_deg=+132.96 | direction=-Y+Z | turn_angle_deg=107.81
Episode=7 | Step=52 | GlobalStep=520 | Source=WARMUP_RANDOM | action_y=+0.047034 | action_z=-0.777492 | magnitude=0.778913 | angle_deg=-86.54 | direction=-Z | turn_angle_deg=140.50
Episode=7 | Step=53 | GlobalStep=521 | Source=WARMUP_RANDOM | action_y=+0.815871 | action_z=+0.328133 | magnitude=0.879384 | angle_deg=+21.91 | direction=+Y | turn_angle_deg=108.45
Episode=7 | Step=54 | GlobalStep=522 | Source=WARMUP_RANDOM | action_y=+0.504343 | action_z=+0.072500 | magnitude=0.509527 | angle_deg=+8.18 | direction=+Y | turn_angle_deg=13.73
Episode=7 | Step=55 | GlobalStep=523 | Source=WARMUP_RANDOM | action_y=+0.799391 | action_z=-0.878771 | magnitude=1.187966 | angle_deg=-47.71 | direction=+Y-Z | turn_angle_deg=55.89
Episode=7 | Step=56 | GlobalStep=524 | Source=WARMUP_RANDOM | action_y=-0.209373 | action_z=-0.139448 | magnitude=0.251561 | angle_deg=-146.34 | direction=-Y-Z | turn_angle_deg=98.63
Episode=7 | Step=57 | GlobalStep=525 | Source=WARMUP_RANDOM | action_y=+0.023769 | action_z=-0.950367 | magnitude=0.950664 | angle_deg=-88.57 | direction=-Z | turn_angle_deg=57.77
Episode=7 | Step=58 | GlobalStep=526 | Source=WARMUP_RANDOM | action_y=-0.976664 | action_z=+0.183868 | magnitude=0.993821 | angle_deg=+169.34 | direction=-Y | turn_angle_deg=102.09
Episode=7 | Step=59 | GlobalStep=527 | Source=WARMUP_RANDOM | action_y=+0.884705 | action_z=+0.236649 | magnitude=0.915809 | angle_deg=+14.98 | direction=+Y | turn_angle_deg=154.36
Episode=7 | Step=60 | GlobalStep=528 | Source=WARMUP_RANDOM | action_y=-0.506190 | action_z=+0.179790 | magnitude=0.537171 | angle_deg=+160.45 | direction=-Y | turn_angle_deg=145.47
Episode=7 | Step=61 | GlobalStep=529 | Source=WARMUP_RANDOM | action_y=+0.835502 | action_z=-0.643462 | magnitude=1.054565 | angle_deg=-37.60 | direction=+Y-Z | turn_angle_deg=161.95
Episode=7 | Step=62 | GlobalStep=530 | Source=WARMUP_RANDOM | action_y=-0.710003 | action_z=-0.226510 | magnitude=0.745259 | angle_deg=-162.31 | direction=-Y | turn_angle_deg=124.70
Episode=7 | Step=63 | GlobalStep=531 | Source=WARMUP_RANDOM | action_y=+0.832947 | action_z=-0.995854 | magnitude=1.298278 | angle_deg=-50.09 | direction=+Y-Z | turn_angle_deg=112.22
Episode=7 | Step=64 | GlobalStep=532 | Source=WARMUP_RANDOM | action_y=-0.421414 | action_z=+0.127609 | magnitude=0.440311 | angle_deg=+163.15 | direction=-Y | turn_angle_deg=146.76
Episode=7 | Step=65 | GlobalStep=533 | Source=WARMUP_RANDOM | action_y=-0.563384 | action_z=-0.110846 | magnitude=0.574185 | angle_deg=-168.87 | direction=-Y | turn_angle_deg=27.98
Episode=7 | Step=66 | GlobalStep=534 | Source=WARMUP_RANDOM | action_y=-0.017005 | action_z=+0.175800 | magnitude=0.176621 | angle_deg=+95.53 | direction=+Z | turn_angle_deg=95.61
Episode=7 | Step=67 | GlobalStep=535 | Source=WARMUP_RANDOM | action_y=+0.755656 | action_z=+0.241358 | magnitude=0.793265 | angle_deg=+17.71 | direction=+Y | turn_angle_deg=77.81
Episode=7 | Step=68 | GlobalStep=536 | Source=WARMUP_RANDOM | action_y=-0.042069 | action_z=+0.639956 | magnitude=0.641338 | angle_deg=+93.76 | direction=+Z | turn_angle_deg=76.05
Episode=7 | Step=69 | GlobalStep=537 | Source=WARMUP_RANDOM | action_y=+0.632983 | action_z=-0.133805 | magnitude=0.646971 | angle_deg=-11.94 | direction=+Y | turn_angle_deg=105.70
Episode=7 | Step=70 | GlobalStep=538 | Source=WARMUP_RANDOM | action_y=+0.705073 | action_z=+0.395960 | magnitude=0.808648 | angle_deg=+29.32 | direction=+Y+Z | turn_angle_deg=41.25
Episode=7 | Step=71 | GlobalStep=539 | Source=WARMUP_RANDOM | action_y=-0.257582 | action_z=+0.089727 | magnitude=0.272762 | angle_deg=+160.79 | direction=-Y | turn_angle_deg=131.48
Episode=7 | Step=72 | GlobalStep=540 | Source=WARMUP_RANDOM | action_y=+0.459916 | action_z=-0.459313 | magnitude=0.649993 | angle_deg=-44.96 | direction=+Y-Z | turn_angle_deg=154.24
Episode=7 | Step=73 | GlobalStep=541 | Source=WARMUP_RANDOM | action_y=-0.217449 | action_z=+0.816958 | magnitude=0.845402 | angle_deg=+104.90 | direction=+Z | turn_angle_deg=149.87
Episode=7 | Step=74 | GlobalStep=542 | Source=WARMUP_RANDOM | action_y=+0.107449 | action_z=-0.996738 | magnitude=1.002513 | angle_deg=-83.85 | direction=-Z | turn_angle_deg=171.25
Episode=7 | Step=75 | GlobalStep=543 | Source=WARMUP_RANDOM | action_y=+0.738980 | action_z=-0.438454 | magnitude=0.859264 | angle_deg=-30.68 | direction=+Y-Z | turn_angle_deg=53.17
Episode=7 | Step=76 | GlobalStep=544 | Source=WARMUP_RANDOM | action_y=-0.656637 | action_z=-0.462728 | magnitude=0.803300 | angle_deg=-144.83 | direction=-Y-Z | turn_angle_deg=114.15
Episode=7 | Step=77 | GlobalStep=545 | Source=WARMUP_RANDOM | action_y=-0.024562 | action_z=-0.572749 | magnitude=0.573276 | angle_deg=-92.46 | direction=-Z | turn_angle_deg=52.37
Episode=7 | Step=78 | GlobalStep=546 | Source=WARMUP_RANDOM | action_y=-0.198631 | action_z=+0.823398 | magnitude=0.847017 | angle_deg=+103.56 | direction=+Z | turn_angle_deg=163.98
Episode=7 | Step=79 | GlobalStep=547 | Source=WARMUP_RANDOM | action_y=+0.923619 | action_z=+0.468293 | magnitude=1.035553 | angle_deg=+26.89 | direction=+Y+Z | turn_angle_deg=76.68
Episode=7 | Step=80 | GlobalStep=548 | Source=WARMUP_RANDOM | action_y=-0.746033 | action_z=+0.199137 | magnitude=0.772153 | angle_deg=+165.05 | direction=-Y | turn_angle_deg=138.17
Episode=7 | Step=81 | GlobalStep=549 | Source=WARMUP_RANDOM | action_y=+0.957699 | action_z=+0.059255 | magnitude=0.959531 | angle_deg=+3.54 | direction=+Y | turn_angle_deg=161.51
Episode=7 | Step=82 | GlobalStep=550 | Source=WARMUP_RANDOM | action_y=-0.379114 | action_z=-0.811794 | magnitude=0.895955 | angle_deg=-115.03 | direction=-Y-Z | turn_angle_deg=118.57
Episode=7 | Step=83 | GlobalStep=551 | Source=WARMUP_RANDOM | action_y=-0.394120 | action_z=-0.850866 | magnitude=0.937712 | angle_deg=-114.85 | direction=-Y-Z | turn_angle_deg=0.18
Episode=7 | Step=84 | GlobalStep=552 | Source=WARMUP_RANDOM | action_y=+0.278885 | action_z=-0.801097 | magnitude=0.848253 | angle_deg=-70.81 | direction=-Z | turn_angle_deg=44.05
Episode=7 | Step=85 | GlobalStep=553 | Source=WARMUP_RANDOM | action_y=+0.356092 | action_z=-0.076507 | magnitude=0.364218 | angle_deg=-12.13 | direction=+Y | turn_angle_deg=58.68
Episode=7 | Step=86 | GlobalStep=554 | Source=WARMUP_RANDOM | action_y=+0.006001 | action_z=-0.651116 | magnitude=0.651143 | angle_deg=-89.47 | direction=-Z | turn_angle_deg=77.35
Episode=7 | Step=87 | GlobalStep=555 | Source=WARMUP_RANDOM | action_y=-0.763551 | action_z=+0.797765 | magnitude=1.104282 | angle_deg=+133.74 | direction=-Y+Z | turn_angle_deg=136.78
Episode=7 | Step=88 | GlobalStep=556 | Source=WARMUP_RANDOM | action_y=-0.571587 | action_z=+0.409028 | magnitude=0.702862 | angle_deg=+144.41 | direction=-Y+Z | turn_angle_deg=10.67
Episode=7 | Step=89 | GlobalStep=557 | Source=WARMUP_RANDOM | action_y=+0.191197 | action_z=-0.803469 | magnitude=0.825905 | angle_deg=-76.61 | direction=-Z | turn_angle_deg=138.97
Episode=7 | Step=90 | GlobalStep=558 | Source=WARMUP_RANDOM | action_y=-0.881488 | action_z=+0.986115 | magnitude=1.322666 | angle_deg=+131.79 | direction=-Y+Z | turn_angle_deg=151.59
Episode=7 | Step=91 | GlobalStep=559 | Source=WARMUP_RANDOM | action_y=+0.307961 | action_z=-0.390700 | magnitude=0.497480 | angle_deg=-51.75 | direction=+Y-Z | turn_angle_deg=176.45
Episode=7 | Step=92 | GlobalStep=560 | Source=WARMUP_RANDOM | action_y=-0.356210 | action_z=-0.784300 | magnitude=0.861401 | angle_deg=-114.43 | direction=-Y-Z | turn_angle_deg=62.67
Episode=7 | Step=93 | GlobalStep=561 | Source=WARMUP_RANDOM | action_y=+0.024081 | action_z=-0.049321 | magnitude=0.054886 | angle_deg=-63.98 | direction=+Y-Z | turn_angle_deg=50.45
Episode=7 | Step=94 | GlobalStep=562 | Source=WARMUP_RANDOM | action_y=+0.781351 | action_z=-0.578763 | magnitude=0.972356 | angle_deg=-36.53 | direction=+Y-Z | turn_angle_deg=27.45
Episode=7 | Step=95 | GlobalStep=563 | Source=WARMUP_RANDOM | action_y=-0.528292 | action_z=-0.965600 | magnitude=1.100671 | angle_deg=-118.68 | direction=-Y-Z | turn_angle_deg=82.16
Episode=7 | Step=96 | GlobalStep=564 | Source=WARMUP_RANDOM | action_y=-0.478774 | action_z=-0.472033 | magnitude=0.672339 | angle_deg=-135.41 | direction=-Y-Z | turn_angle_deg=16.72
Episode=7 | Step=97 | GlobalStep=565 | Source=WARMUP_RANDOM | action_y=-0.270616 | action_z=+0.353957 | magnitude=0.445554 | angle_deg=+127.40 | direction=-Y+Z | turn_angle_deg=97.19
Episode=7 | Step=98 | GlobalStep=566 | Source=WARMUP_RANDOM | action_y=+0.930995 | action_z=-0.871716 | magnitude=1.275398 | angle_deg=-43.12 | direction=+Y-Z | turn_angle_deg=170.52
Episode=7 | Step=99 | GlobalStep=567 | Source=WARMUP_RANDOM | action_y=-0.653819 | action_z=+0.596924 | magnitude=0.885323 | angle_deg=+137.60 | direction=-Y+Z | turn_angle_deg=179.28
Episode=7 | Step=100 | GlobalStep=568 | Source=WARMUP_RANDOM | action_y=-0.417683 | action_z=-0.157330 | magnitude=0.446332 | angle_deg=-159.36 | direction=-Y | turn_angle_deg=63.04
Episode=7 | Step=101 | GlobalStep=569 | Source=WARMUP_RANDOM | action_y=-0.078465 | action_z=+0.393250 | magnitude=0.401002 | angle_deg=+101.28 | direction=+Z | turn_angle_deg=99.36
Episode=7 | Step=102 | GlobalStep=570 | Source=WARMUP_RANDOM | action_y=-0.836008 | action_z=-0.728140 | magnitude=1.108647 | angle_deg=-138.95 | direction=-Y-Z | turn_angle_deg=119.77
Episode=7 | Step=103 | GlobalStep=571 | Source=WARMUP_RANDOM | action_y=+0.030432 | action_z=-0.473507 | magnitude=0.474484 | angle_deg=-86.32 | direction=-Z | turn_angle_deg=52.62
Episode=7 | Step=104 | GlobalStep=572 | Source=WARMUP_RANDOM | action_y=+0.638510 | action_z=+0.697959 | magnitude=0.945961 | angle_deg=+47.55 | direction=+Y+Z | turn_angle_deg=133.87
Episode=7 | Step=105 | GlobalStep=573 | Source=WARMUP_RANDOM | action_y=+0.789757 | action_z=-0.206660 | magnitude=0.816349 | angle_deg=-14.66 | direction=+Y | turn_angle_deg=62.21
Episode=7 | Step=106 | GlobalStep=574 | Source=WARMUP_RANDOM | action_y=+0.429049 | action_z=-0.734846 | magnitude=0.850930 | angle_deg=-59.72 | direction=+Y-Z | turn_angle_deg=45.06
Episode=7 | Step=107 | GlobalStep=575 | Source=WARMUP_RANDOM | action_y=+0.428467 | action_z=+0.848900 | magnitude=0.950902 | angle_deg=+63.22 | direction=+Y+Z | turn_angle_deg=122.94
Episode=7 | Step=108 | GlobalStep=576 | Source=WARMUP_RANDOM | action_y=+0.030827 | action_z=-0.607342 | magnitude=0.608123 | angle_deg=-87.09 | direction=-Z | turn_angle_deg=150.31
Episode=7 | Step=109 | GlobalStep=577 | Source=WARMUP_RANDOM | action_y=-0.484731 | action_z=+0.271234 | magnitude=0.555457 | angle_deg=+150.77 | direction=-Y+Z | turn_angle_deg=122.14
Episode=7 | Step=110 | GlobalStep=578 | Source=WARMUP_RANDOM | action_y=-0.074357 | action_z=+0.847888 | magnitude=0.851142 | angle_deg=+95.01 | direction=+Z | turn_angle_deg=55.76
Episode=7 | Step=111 | GlobalStep=579 | Source=WARMUP_RANDOM | action_y=+0.441109 | action_z=-0.805012 | magnitude=0.917944 | angle_deg=-61.28 | direction=+Y-Z | turn_angle_deg=156.29
Episode=7 | Step=112 | GlobalStep=580 | Source=WARMUP_RANDOM | action_y=+0.110731 | action_z=-0.992563 | magnitude=0.998721 | angle_deg=-83.63 | direction=-Z | turn_angle_deg=22.36
Episode=7 | Step=113 | GlobalStep=581 | Source=WARMUP_RANDOM | action_y=-0.900862 | action_z=+0.346973 | magnitude=0.965372 | angle_deg=+158.94 | direction=-Y | turn_angle_deg=117.43
Episode=7 | Step=114 | GlobalStep=582 | Source=WARMUP_RANDOM | action_y=+0.726579 | action_z=+0.738865 | magnitude=1.036262 | angle_deg=+45.48 | direction=+Y+Z | turn_angle_deg=113.46
Episode=7 | Step=115 | GlobalStep=583 | Source=WARMUP_RANDOM | action_y=-0.991408 | action_z=+0.420482 | magnitude=1.076892 | angle_deg=+157.02 | direction=-Y+Z | turn_angle_deg=111.54
Episode=7 | Step=116 | GlobalStep=584 | Source=WARMUP_RANDOM | action_y=+0.299348 | action_z=-0.267414 | magnitude=0.401397 | angle_deg=-41.78 | direction=+Y-Z | turn_angle_deg=161.21
Episode=7 | Step=117 | GlobalStep=585 | Source=WARMUP_RANDOM | action_y=+0.897839 | action_z=+0.486182 | magnitude=1.021023 | angle_deg=+28.44 | direction=+Y+Z | turn_angle_deg=70.21
Episode=7 | Step=118 | GlobalStep=586 | Source=WARMUP_RANDOM | action_y=-0.550377 | action_z=-0.312829 | magnitude=0.633069 | angle_deg=-150.39 | direction=-Y-Z | turn_angle_deg=178.82
Episode=7 | Step=119 | GlobalStep=587 | Source=WARMUP_RANDOM | action_y=-0.303432 | action_z=-0.268062 | magnitude=0.404880 | angle_deg=-138.54 | direction=-Y-Z | turn_angle_deg=11.84
Episode=7 | Step=120 | GlobalStep=588 | Source=WARMUP_RANDOM | action_y=+0.906445 | action_z=-0.440776 | magnitude=1.007931 | angle_deg=-25.93 | direction=+Y-Z | turn_angle_deg=112.61
Episode=7 | Step=121 | GlobalStep=589 | Source=WARMUP_RANDOM | action_y=-0.517253 | action_z=-0.643846 | magnitude=0.825886 | angle_deg=-128.78 | direction=-Y-Z | turn_angle_deg=102.85
Episode=7 | Step=122 | GlobalStep=590 | Source=WARMUP_RANDOM | action_y=-0.338178 | action_z=-0.031737 | magnitude=0.339664 | angle_deg=-174.64 | direction=-Y | turn_angle_deg=45.86
Episode=7 | Step=123 | GlobalStep=591 | Source=WARMUP_RANDOM | action_y=+0.129857 | action_z=-0.826498 | magnitude=0.836637 | angle_deg=-81.07 | direction=-Z | turn_angle_deg=93.57
Episode=7 | Step=124 | GlobalStep=592 | Source=WARMUP_RANDOM | action_y=-0.108703 | action_z=-0.967781 | magnitude=0.973867 | angle_deg=-96.41 | direction=-Z | turn_angle_deg=15.34
Episode=7 | Step=125 | GlobalStep=593 | Source=WARMUP_RANDOM | action_y=+0.152957 | action_z=-0.769303 | magnitude=0.784362 | angle_deg=-78.75 | direction=-Z | turn_angle_deg=17.65
Episode=7 | Step=126 | GlobalStep=594 | Source=WARMUP_RANDOM | action_y=-0.384268 | action_z=+0.430221 | magnitude=0.576847 | angle_deg=+131.77 | direction=-Y+Z | turn_angle_deg=149.47
Episode=7 | Step=127 | GlobalStep=595 | Source=WARMUP_RANDOM | action_y=+0.181068 | action_z=+0.579609 | magnitude=0.607234 | angle_deg=+72.65 | direction=+Z | turn_angle_deg=59.12
Episode=7 | Step=128 | GlobalStep=596 | Source=WARMUP_RANDOM | action_y=-0.924597 | action_z=+0.503318 | magnitude=1.052715 | angle_deg=+151.44 | direction=-Y+Z | turn_angle_deg=78.79
Episode=7 | Step=129 | GlobalStep=597 | Source=WARMUP_RANDOM | action_y=-0.494480 | action_z=-0.059210 | magnitude=0.498012 | angle_deg=-173.17 | direction=-Y | turn_angle_deg=35.39
Episode=7 | Step=130 | GlobalStep=598 | Source=WARMUP_RANDOM | action_y=-0.332707 | action_z=+0.789169 | magnitude=0.856435 | angle_deg=+112.86 | direction=-Y+Z | turn_angle_deg=73.97
Episode=7 | Step=131 | GlobalStep=599 | Source=WARMUP_RANDOM | action_y=-0.781541 | action_z=-0.676731 | magnitude=1.033814 | angle_deg=-139.11 | direction=-Y-Z | turn_angle_deg=108.03
Episode=7 | Step=132 | GlobalStep=600 | Source=WARMUP_RANDOM | action_y=-0.197793 | action_z=+0.873903 | magnitude=0.896007 | angle_deg=+102.75 | direction=+Z | turn_angle_deg=118.14
Episode=7 | Step=133 | GlobalStep=601 | Source=WARMUP_RANDOM | action_y=-0.140147 | action_z=-0.284543 | magnitude=0.317184 | angle_deg=-116.22 | direction=-Y-Z | turn_angle_deg=141.03
Episode=7 | Step=134 | GlobalStep=602 | Source=WARMUP_RANDOM | action_y=+0.723389 | action_z=-0.286710 | magnitude=0.778135 | angle_deg=-21.62 | direction=+Y | turn_angle_deg=94.60
Episode=7 | Step=135 | GlobalStep=603 | Source=WARMUP_RANDOM | action_y=-0.323462 | action_z=+0.880929 | magnitude=0.938437 | angle_deg=+110.16 | direction=+Z | turn_angle_deg=131.78
Episode=7 | Step=136 | GlobalStep=604 | Source=WARMUP_RANDOM | action_y=+0.721144 | action_z=-0.534402 | magnitude=0.897571 | angle_deg=-36.54 | direction=+Y-Z | turn_angle_deg=146.70
Episode=7 | Step=137 | GlobalStep=605 | Source=WARMUP_RANDOM | action_y=+0.399148 | action_z=-0.197070 | magnitude=0.445147 | angle_deg=-26.28 | direction=+Y-Z | turn_angle_deg=10.26
Episode=7 | Step=138 | GlobalStep=606 | Source=WARMUP_RANDOM | action_y=-0.449972 | action_z=+0.174989 | magnitude=0.482800 | angle_deg=+158.75 | direction=-Y | turn_angle_deg=174.97
Episode=7 | Step=139 | GlobalStep=607 | Source=WARMUP_RANDOM | action_y=-0.789869 | action_z=+0.191507 | magnitude=0.812754 | angle_deg=+166.37 | direction=-Y | turn_angle_deg=7.62
Episode=7 | Step=140 | GlobalStep=608 | Source=WARMUP_RANDOM | action_y=+0.296002 | action_z=-0.378346 | magnitude=0.480378 | angle_deg=-51.96 | direction=+Y-Z | turn_angle_deg=141.67
Episode=7 | Step=141 | GlobalStep=609 | Source=WARMUP_RANDOM | action_y=+0.947896 | action_z=+0.090936 | magnitude=0.952248 | angle_deg=+5.48 | direction=+Y | turn_angle_deg=57.44
Episode=7 | Step=142 | GlobalStep=610 | Source=WARMUP_RANDOM | action_y=-0.439337 | action_z=-0.453510 | magnitude=0.631418 | angle_deg=-134.09 | direction=-Y-Z | turn_angle_deg=139.57
Episode=7 | Step=143 | GlobalStep=611 | Source=WARMUP_RANDOM | action_y=-0.905435 | action_z=-0.037526 | magnitude=0.906212 | angle_deg=-177.63 | direction=-Y | turn_angle_deg=43.54
Episode=7 | Step=144 | GlobalStep=612 | Source=WARMUP_RANDOM | action_y=+0.591500 | action_z=+0.878336 | magnitude=1.058936 | angle_deg=+56.04 | direction=+Y+Z | turn_angle_deg=126.33
Episode=7 | Step=145 | GlobalStep=613 | Source=WARMUP_RANDOM | action_y=+0.920213 | action_z=-0.831453 | magnitude=1.240204 | angle_deg=-42.10 | direction=+Y-Z | turn_angle_deg=98.14
Episode=7 | Step=146 | GlobalStep=614 | Source=WARMUP_RANDOM | action_y=-0.424331 | action_z=+0.512127 | magnitude=0.665080 | angle_deg=+129.64 | direction=-Y+Z | turn_angle_deg=171.74
Episode=7 | Step=147 | GlobalStep=615 | Source=WARMUP_RANDOM | action_y=+0.667304 | action_z=-0.613474 | magnitude=0.906446 | angle_deg=-42.59 | direction=+Y-Z | turn_angle_deg=172.24
Episode=7 | Step=148 | GlobalStep=616 | Source=WARMUP_RANDOM | action_y=+0.306099 | action_z=-0.855108 | magnitude=0.908244 | angle_deg=-70.30 | direction=-Z | turn_angle_deg=27.71
Episode=7 | Step=149 | GlobalStep=617 | Source=WARMUP_RANDOM | action_y=-0.064286 | action_z=+0.536483 | magnitude=0.540321 | angle_deg=+96.83 | direction=+Z | turn_angle_deg=167.14
Episode=7 | Step=150 | GlobalStep=618 | Source=WARMUP_RANDOM | action_y=-0.027902 | action_z=-0.229790 | magnitude=0.231477 | angle_deg=-96.92 | direction=-Z | turn_angle_deg=166.24
Episode=7 | Step=151 | GlobalStep=619 | Source=WARMUP_RANDOM | action_y=+0.968957 | action_z=+0.648330 | magnitude=1.165851 | angle_deg=+33.79 | direction=+Y+Z | turn_angle_deg=130.71
Episode=7 | Step=152 | GlobalStep=620 | Source=WARMUP_RANDOM | action_y=-0.228795 | action_z=-0.180092 | magnitude=0.291170 | angle_deg=-141.79 | direction=-Y-Z | turn_angle_deg=175.58
Episode=7 | Step=153 | GlobalStep=621 | Source=WARMUP_RANDOM | action_y=+0.135738 | action_z=-0.333023 | magnitude=0.359623 | angle_deg=-67.82 | direction=-Z | turn_angle_deg=73.97
Episode=7 | Step=154 | GlobalStep=622 | Source=WARMUP_RANDOM | action_y=+0.679118 | action_z=+0.883350 | magnitude=1.114230 | angle_deg=+52.45 | direction=+Y+Z | turn_angle_deg=120.27
Episode=7 | Step=155 | GlobalStep=623 | Source=WARMUP_RANDOM | action_y=-0.346831 | action_z=-0.631970 | magnitude=0.720887 | angle_deg=-118.76 | direction=-Y-Z | turn_angle_deg=171.21
Episode=7 | Step=156 | GlobalStep=624 | Source=WARMUP_RANDOM | action_y=-0.509371 | action_z=-0.934358 | magnitude=1.064183 | angle_deg=-118.60 | direction=-Y-Z | turn_angle_deg=0.16
Episode=7 | Step=157 | GlobalStep=625 | Source=WARMUP_RANDOM | action_y=-0.431680 | action_z=+0.860825 | magnitude=0.962999 | angle_deg=+116.63 | direction=-Y+Z | turn_angle_deg=124.77
Episode=7 | Step=158 | GlobalStep=626 | Source=WARMUP_RANDOM | action_y=-0.285389 | action_z=+0.101127 | magnitude=0.302777 | angle_deg=+160.49 | direction=-Y | turn_angle_deg=43.86
Episode=7 | Step=159 | GlobalStep=627 | Source=WARMUP_RANDOM | action_y=+0.375935 | action_z=-0.460695 | magnitude=0.594615 | angle_deg=-50.78 | direction=+Y-Z | turn_angle_deg=148.73
Episode=7 | Step=160 | GlobalStep=628 | Source=WARMUP_RANDOM | action_y=+0.031781 | action_z=+0.105730 | magnitude=0.110403 | angle_deg=+73.27 | direction=+Z | turn_angle_deg=124.06
Episode=7 | Step=161 | GlobalStep=629 | Source=WARMUP_RANDOM | action_y=-0.038047 | action_z=+0.986482 | magnitude=0.987216 | angle_deg=+92.21 | direction=+Z | turn_angle_deg=18.94
Episode=7 | Step=162 | GlobalStep=630 | Source=WARMUP_RANDOM | action_y=+0.072960 | action_z=+0.620036 | magnitude=0.624313 | angle_deg=+83.29 | direction=+Z | turn_angle_deg=8.92
Episode=7 | Step=163 | GlobalStep=631 | Source=WARMUP_RANDOM | action_y=-0.687401 | action_z=-0.880769 | magnitude=1.117262 | angle_deg=-127.97 | direction=-Y-Z | turn_angle_deg=148.74
Episode=7 | Step=164 | GlobalStep=632 | Source=WARMUP_RANDOM | action_y=+0.298251 | action_z=+0.951086 | magnitude=0.996754 | angle_deg=+72.59 | direction=+Z | turn_angle_deg=159.44
Episode=7 | Step=165 | GlobalStep=633 | Source=WARMUP_RANDOM | action_y=+0.583304 | action_z=-0.041037 | magnitude=0.584746 | angle_deg=-4.02 | direction=+Y | turn_angle_deg=76.61
Episode=7 | Step=166 | GlobalStep=634 | Source=WARMUP_RANDOM | action_y=+0.376588 | action_z=-0.022301 | magnitude=0.377248 | angle_deg=-3.39 | direction=+Y | turn_angle_deg=0.64
Episode=7 | Step=167 | GlobalStep=635 | Source=WARMUP_RANDOM | action_y=-0.765608 | action_z=-0.049620 | magnitude=0.767214 | angle_deg=-176.29 | direction=-Y | turn_angle_deg=172.90
Episode=7 | Step=168 | GlobalStep=636 | Source=WARMUP_RANDOM | action_y=+0.536117 | action_z=+0.130731 | magnitude=0.551826 | angle_deg=+13.70 | direction=+Y | turn_angle_deg=170.00
----------------------------------------------------------------------------------------------------
[Episode 7 END] | reason=assembly_success | hole_found=True | assembly_success=True | search_steps=167 | search_time_s=16.70 | yz_path_mm=246.92
====================================================================================================
====================================================================================================
[Episode 8 START]
字段: Episode | Step | GlobalStep | Source | action_y | action_z | magnitude | angle_deg | direction | turn_angle_deg
方向角: +Y=0deg, +Z=+90deg, -Y=+/-180deg, -Z=-90deg
当前实验 sac_action_step = 0.05 mm；实际每轴参考增量 = action × 0.05 mm
----------------------------------------------------------------------------------------------------
Episode=8 | Step=1 | GlobalStep=637 | Source=WARMUP_RANDOM | action_y=-0.325064 | action_z=-0.735464 | magnitude=0.804098 | angle_deg=-113.84 | direction=-Y-Z | turn_angle_deg=N/A
Episode=8 | Step=2 | GlobalStep=638 | Source=WARMUP_RANDOM | action_y=+0.778178 | action_z=-0.940463 | magnitude=1.220669 | angle_deg=-50.39 | direction=+Y-Z | turn_angle_deg=63.45
Episode=8 | Step=3 | GlobalStep=639 | Source=WARMUP_RANDOM | action_y=-0.668726 | action_z=-0.530680 | magnitude=0.853707 | angle_deg=-141.57 | direction=-Y-Z | turn_angle_deg=91.17
Episode=8 | Step=4 | GlobalStep=640 | Source=WARMUP_RANDOM | action_y=+0.524781 | action_z=+0.990180 | magnitude=1.120648 | angle_deg=+62.08 | direction=+Y+Z | turn_angle_deg=156.36
Episode=8 | Step=5 | GlobalStep=641 | Source=WARMUP_RANDOM | action_y=-0.924982 | action_z=-0.436819 | magnitude=1.022938 | angle_deg=-154.72 | direction=-Y-Z | turn_angle_deg=143.20
Episode=8 | Step=6 | GlobalStep=642 | Source=WARMUP_RANDOM | action_y=+0.982018 | action_z=-0.618312 | magnitude=1.160461 | angle_deg=-32.20 | direction=+Y-Z | turn_angle_deg=122.53
Episode=8 | Step=7 | GlobalStep=643 | Source=WARMUP_RANDOM | action_y=-0.490177 | action_z=-0.085547 | magnitude=0.497586 | angle_deg=-170.10 | direction=-Y | turn_angle_deg=137.90
Episode=8 | Step=8 | GlobalStep=644 | Source=WARMUP_RANDOM | action_y=-0.880637 | action_z=-0.171474 | magnitude=0.897176 | angle_deg=-168.98 | direction=-Y | turn_angle_deg=1.12
Episode=8 | Step=9 | GlobalStep=645 | Source=WARMUP_RANDOM | action_y=+0.437524 | action_z=-0.276354 | magnitude=0.517493 | angle_deg=-32.28 | direction=+Y-Z | turn_angle_deg=136.70
Episode=8 | Step=10 | GlobalStep=646 | Source=WARMUP_RANDOM | action_y=+0.547847 | action_z=-0.270697 | magnitude=0.611075 | angle_deg=-26.29 | direction=+Y-Z | turn_angle_deg=5.98
Episode=8 | Step=11 | GlobalStep=647 | Source=WARMUP_RANDOM | action_y=+0.748361 | action_z=-0.256596 | magnitude=0.791129 | angle_deg=-18.93 | direction=+Y | turn_angle_deg=7.37
Episode=8 | Step=12 | GlobalStep=648 | Source=WARMUP_RANDOM | action_y=-0.363060 | action_z=-0.057226 | magnitude=0.367542 | angle_deg=-171.04 | direction=-Y | turn_angle_deg=152.12
Episode=8 | Step=13 | GlobalStep=649 | Source=WARMUP_RANDOM | action_y=+0.079891 | action_z=-0.592393 | magnitude=0.597756 | angle_deg=-82.32 | direction=-Z | turn_angle_deg=88.72
Episode=8 | Step=14 | GlobalStep=650 | Source=WARMUP_RANDOM | action_y=+0.899792 | action_z=+0.742116 | magnitude=1.166346 | angle_deg=+39.51 | direction=+Y+Z | turn_angle_deg=121.83
Episode=8 | Step=15 | GlobalStep=651 | Source=WARMUP_RANDOM | action_y=+0.177009 | action_z=-0.824953 | magnitude=0.843729 | angle_deg=-77.89 | direction=-Z | turn_angle_deg=117.40
Episode=8 | Step=16 | GlobalStep=652 | Source=WARMUP_RANDOM | action_y=+0.267727 | action_z=+0.840889 | magnitude=0.882480 | angle_deg=+72.34 | direction=+Z | turn_angle_deg=150.23
Episode=8 | Step=17 | GlobalStep=653 | Source=WARMUP_RANDOM | action_y=-0.703995 | action_z=-0.084283 | magnitude=0.709023 | angle_deg=-173.17 | direction=-Y | turn_angle_deg=114.49
Episode=8 | Step=18 | GlobalStep=654 | Source=WARMUP_RANDOM | action_y=-0.996572 | action_z=-0.848918 | magnitude=1.309129 | angle_deg=-139.57 | direction=-Y-Z | turn_angle_deg=33.60
Episode=8 | Step=19 | GlobalStep=655 | Source=WARMUP_RANDOM | action_y=-0.916382 | action_z=+0.256069 | magnitude=0.951486 | angle_deg=+164.39 | direction=-Y | turn_angle_deg=56.04
Episode=8 | Step=20 | GlobalStep=656 | Source=WARMUP_RANDOM | action_y=-0.355736 | action_z=-0.753132 | magnitude=0.832920 | angle_deg=-115.28 | direction=-Y-Z | turn_angle_deg=80.33
Episode=8 | Step=21 | GlobalStep=657 | Source=WARMUP_RANDOM | action_y=+0.184277 | action_z=+0.592533 | magnitude=0.620527 | angle_deg=+72.72 | direction=+Z | turn_angle_deg=171.99
Episode=8 | Step=22 | GlobalStep=658 | Source=WARMUP_RANDOM | action_y=+0.351333 | action_z=+0.707354 | magnitude=0.789800 | angle_deg=+63.59 | direction=+Y+Z | turn_angle_deg=9.14
Episode=8 | Step=23 | GlobalStep=659 | Source=WARMUP_RANDOM | action_y=-0.336100 | action_z=-0.592725 | magnitude=0.681386 | angle_deg=-119.56 | direction=-Y-Z | turn_angle_deg=176.86
Episode=8 | Step=24 | GlobalStep=660 | Source=WARMUP_RANDOM | action_y=+0.067259 | action_z=+0.837606 | magnitude=0.840302 | angle_deg=+85.41 | direction=+Z | turn_angle_deg=155.04
Episode=8 | Step=25 | GlobalStep=661 | Source=WARMUP_RANDOM | action_y=+0.119137 | action_z=+0.582432 | magnitude=0.594492 | angle_deg=+78.44 | direction=+Z | turn_angle_deg=6.97
Episode=8 | Step=26 | GlobalStep=662 | Source=WARMUP_RANDOM | action_y=+0.174231 | action_z=+0.225422 | magnitude=0.284906 | angle_deg=+52.30 | direction=+Y+Z | turn_angle_deg=26.14
Episode=8 | Step=27 | GlobalStep=663 | Source=WARMUP_RANDOM | action_y=-0.507918 | action_z=-0.584578 | magnitude=0.774411 | angle_deg=-130.99 | direction=-Y-Z | turn_angle_deg=176.71
Episode=8 | Step=28 | GlobalStep=664 | Source=WARMUP_RANDOM | action_y=+0.891401 | action_z=+0.508670 | magnitude=1.026324 | angle_deg=+29.71 | direction=+Y+Z | turn_angle_deg=160.70
Episode=8 | Step=29 | GlobalStep=665 | Source=WARMUP_RANDOM | action_y=-0.597640 | action_z=+0.760519 | magnitude=0.967244 | angle_deg=+128.16 | direction=-Y+Z | turn_angle_deg=98.45
Episode=8 | Step=30 | GlobalStep=666 | Source=WARMUP_RANDOM | action_y=+0.461657 | action_z=+0.318657 | magnitude=0.560954 | angle_deg=+34.62 | direction=+Y+Z | turn_angle_deg=93.55
Episode=8 | Step=31 | GlobalStep=667 | Source=WARMUP_RANDOM | action_y=-0.198938 | action_z=-0.381082 | magnitude=0.429883 | angle_deg=-117.57 | direction=-Y-Z | turn_angle_deg=152.18
Episode=8 | Step=32 | GlobalStep=668 | Source=WARMUP_RANDOM | action_y=-0.799437 | action_z=-0.830695 | magnitude=1.152890 | angle_deg=-133.90 | direction=-Y-Z | turn_angle_deg=16.34
Episode=8 | Step=33 | GlobalStep=669 | Source=WARMUP_RANDOM | action_y=-0.416442 | action_z=-0.662478 | magnitude=0.782496 | angle_deg=-122.15 | direction=-Y-Z | turn_angle_deg=11.75
Episode=8 | Step=34 | GlobalStep=670 | Source=WARMUP_RANDOM | action_y=-0.375955 | action_z=+0.838710 | magnitude=0.919117 | angle_deg=+114.14 | direction=-Y+Z | turn_angle_deg=123.70
Episode=8 | Step=35 | GlobalStep=671 | Source=WARMUP_RANDOM | action_y=-0.796059 | action_z=+0.546391 | magnitude=0.965532 | angle_deg=+145.54 | direction=-Y+Z | turn_angle_deg=31.39
Episode=8 | Step=36 | GlobalStep=672 | Source=WARMUP_RANDOM | action_y=-0.506975 | action_z=-0.488829 | magnitude=0.704256 | angle_deg=-136.04 | direction=-Y-Z | turn_angle_deg=78.42
Episode=8 | Step=37 | GlobalStep=673 | Source=WARMUP_RANDOM | action_y=-0.611766 | action_z=+0.211166 | magnitude=0.647185 | angle_deg=+160.96 | direction=-Y | turn_angle_deg=63.00
Episode=8 | Step=38 | GlobalStep=674 | Source=WARMUP_RANDOM | action_y=-0.829608 | action_z=-0.350791 | magnitude=0.900724 | angle_deg=-157.08 | direction=-Y-Z | turn_angle_deg=41.96
Episode=8 | Step=39 | GlobalStep=675 | Source=WARMUP_RANDOM | action_y=-0.069124 | action_z=-0.291151 | magnitude=0.299244 | angle_deg=-103.36 | direction=-Z | turn_angle_deg=53.72
Episode=8 | Step=40 | GlobalStep=676 | Source=WARMUP_RANDOM | action_y=-0.751470 | action_z=+0.414269 | magnitude=0.858094 | angle_deg=+151.13 | direction=-Y+Z | turn_angle_deg=105.51
Episode=8 | Step=41 | GlobalStep=677 | Source=WARMUP_RANDOM | action_y=+0.238773 | action_z=-0.230011 | magnitude=0.331538 | angle_deg=-43.93 | direction=+Y-Z | turn_angle_deg=164.94
Episode=8 | Step=42 | GlobalStep=678 | Source=WARMUP_RANDOM | action_y=+0.213991 | action_z=-0.303393 | magnitude=0.371268 | angle_deg=-54.80 | direction=+Y-Z | turn_angle_deg=10.87
Episode=8 | Step=43 | GlobalStep=679 | Source=WARMUP_RANDOM | action_y=-0.049241 | action_z=-0.585923 | magnitude=0.587988 | angle_deg=-94.80 | direction=-Z | turn_angle_deg=40.00
Episode=8 | Step=44 | GlobalStep=680 | Source=WARMUP_RANDOM | action_y=+0.111930 | action_z=+0.091704 | magnitude=0.144700 | angle_deg=+39.33 | direction=+Y+Z | turn_angle_deg=134.13
Episode=8 | Step=45 | GlobalStep=681 | Source=WARMUP_RANDOM | action_y=+0.792193 | action_z=+0.495726 | magnitude=0.934513 | angle_deg=+32.04 | direction=+Y+Z | turn_angle_deg=7.29
Episode=8 | Step=46 | GlobalStep=682 | Source=WARMUP_RANDOM | action_y=-0.435966 | action_z=+0.444695 | magnitude=0.622752 | angle_deg=+134.43 | direction=-Y+Z | turn_angle_deg=102.40
Episode=8 | Step=47 | GlobalStep=683 | Source=WARMUP_RANDOM | action_y=-0.934385 | action_z=+0.884951 | magnitude=1.286940 | angle_deg=+136.56 | direction=-Y+Z | turn_angle_deg=2.12
Episode=8 | Step=48 | GlobalStep=684 | Source=WARMUP_RANDOM | action_y=-0.464552 | action_z=+0.223485 | magnitude=0.515513 | angle_deg=+154.31 | direction=-Y+Z | turn_angle_deg=17.75
Episode=8 | Step=49 | GlobalStep=685 | Source=WARMUP_RANDOM | action_y=-0.952465 | action_z=-0.230530 | magnitude=0.979966 | angle_deg=-166.39 | direction=-Y | turn_angle_deg=39.30
Episode=8 | Step=50 | GlobalStep=686 | Source=WARMUP_RANDOM | action_y=-0.645895 | action_z=-0.712867 | magnitude=0.961957 | angle_deg=-132.18 | direction=-Y-Z | turn_angle_deg=34.22
Episode=8 | Step=51 | GlobalStep=687 | Source=WARMUP_RANDOM | action_y=-0.490886 | action_z=-0.351138 | magnitude=0.603545 | angle_deg=-144.42 | direction=-Y-Z | turn_angle_deg=12.25
Episode=8 | Step=52 | GlobalStep=688 | Source=WARMUP_RANDOM | action_y=-0.879925 | action_z=-0.026464 | magnitude=0.880322 | angle_deg=-178.28 | direction=-Y | turn_angle_deg=33.85
Episode=8 | Step=53 | GlobalStep=689 | Source=WARMUP_RANDOM | action_y=+0.703191 | action_z=+0.143218 | magnitude=0.717627 | angle_deg=+11.51 | direction=+Y | turn_angle_deg=170.21
Episode=8 | Step=54 | GlobalStep=690 | Source=WARMUP_RANDOM | action_y=-0.124945 | action_z=-0.721815 | magnitude=0.732549 | angle_deg=-99.82 | direction=-Z | turn_angle_deg=111.33
Episode=8 | Step=55 | GlobalStep=691 | Source=WARMUP_RANDOM | action_y=+0.632427 | action_z=+0.965443 | magnitude=1.154142 | angle_deg=+56.77 | direction=+Y+Z | turn_angle_deg=156.59
Episode=8 | Step=56 | GlobalStep=692 | Source=WARMUP_RANDOM | action_y=-0.046333 | action_z=+0.029154 | magnitude=0.054742 | angle_deg=+147.82 | direction=-Y+Z | turn_angle_deg=91.05
Episode=8 | Step=57 | GlobalStep=693 | Source=WARMUP_RANDOM | action_y=-0.188205 | action_z=+0.160841 | magnitude=0.247570 | angle_deg=+139.48 | direction=-Y+Z | turn_angle_deg=8.34
Episode=8 | Step=58 | GlobalStep=694 | Source=WARMUP_RANDOM | action_y=+0.537349 | action_z=+0.202828 | magnitude=0.574355 | angle_deg=+20.68 | direction=+Y | turn_angle_deg=118.80
Episode=8 | Step=59 | GlobalStep=695 | Source=WARMUP_RANDOM | action_y=+0.846342 | action_z=-0.520989 | magnitude=0.993843 | angle_deg=-31.62 | direction=+Y-Z | turn_angle_deg=52.30
Episode=8 | Step=60 | GlobalStep=696 | Source=WARMUP_RANDOM | action_y=+0.893332 | action_z=+0.845524 | magnitude=1.230022 | angle_deg=+43.43 | direction=+Y+Z | turn_angle_deg=75.04
Episode=8 | Step=61 | GlobalStep=697 | Source=WARMUP_RANDOM | action_y=+0.029287 | action_z=-0.092060 | magnitude=0.096606 | angle_deg=-72.35 | direction=-Z | turn_angle_deg=115.78
Episode=8 | Step=62 | GlobalStep=698 | Source=WARMUP_RANDOM | action_y=-0.087448 | action_z=+0.894308 | magnitude=0.898573 | angle_deg=+95.58 | direction=+Z | turn_angle_deg=167.94
Episode=8 | Step=63 | GlobalStep=699 | Source=WARMUP_RANDOM | action_y=+0.859151 | action_z=+0.161987 | magnitude=0.874288 | angle_deg=+10.68 | direction=+Y | turn_angle_deg=84.91
Episode=8 | Step=64 | GlobalStep=700 | Source=WARMUP_RANDOM | action_y=+0.677391 | action_z=-0.419373 | magnitude=0.796701 | angle_deg=-31.76 | direction=+Y-Z | turn_angle_deg=42.44
Episode=8 | Step=65 | GlobalStep=701 | Source=WARMUP_RANDOM | action_y=+0.226358 | action_z=-0.100314 | magnitude=0.247590 | angle_deg=-23.90 | direction=+Y-Z | turn_angle_deg=7.86
Episode=8 | Step=66 | GlobalStep=702 | Source=WARMUP_RANDOM | action_y=-0.783135 | action_z=+0.249302 | magnitude=0.821858 | angle_deg=+162.34 | direction=-Y | turn_angle_deg=173.76
Episode=8 | Step=67 | GlobalStep=703 | Source=WARMUP_RANDOM | action_y=-0.216200 | action_z=-0.179425 | magnitude=0.280955 | angle_deg=-140.31 | direction=-Y-Z | turn_angle_deg=57.35
Episode=8 | Step=68 | GlobalStep=704 | Source=WARMUP_RANDOM | action_y=+0.179010 | action_z=+0.693672 | magnitude=0.716397 | angle_deg=+75.53 | direction=+Z | turn_angle_deg=144.16
Episode=8 | Step=69 | GlobalStep=705 | Source=WARMUP_RANDOM | action_y=-0.151256 | action_z=+0.616369 | magnitude=0.634656 | angle_deg=+103.79 | direction=+Z | turn_angle_deg=28.26
Episode=8 | Step=70 | GlobalStep=706 | Source=WARMUP_RANDOM | action_y=-0.086977 | action_z=-0.641576 | magnitude=0.647445 | angle_deg=-97.72 | direction=-Z | turn_angle_deg=158.49
Episode=8 | Step=71 | GlobalStep=707 | Source=WARMUP_RANDOM | action_y=+0.202335 | action_z=-0.913685 | magnitude=0.935820 | angle_deg=-77.51 | direction=-Z | turn_angle_deg=20.21
Episode=8 | Step=72 | GlobalStep=708 | Source=WARMUP_RANDOM | action_y=-0.021033 | action_z=-0.089937 | magnitude=0.092364 | angle_deg=-103.16 | direction=-Z | turn_angle_deg=25.65
Episode=8 | Step=73 | GlobalStep=709 | Source=WARMUP_RANDOM | action_y=+0.086075 | action_z=-0.532829 | magnitude=0.539737 | angle_deg=-80.82 | direction=-Z | turn_angle_deg=22.34
Episode=8 | Step=74 | GlobalStep=710 | Source=WARMUP_RANDOM | action_y=-0.225764 | action_z=+0.136224 | magnitude=0.263679 | angle_deg=+148.89 | direction=-Y+Z | turn_angle_deg=130.28
Episode=8 | Step=75 | GlobalStep=711 | Source=WARMUP_RANDOM | action_y=+0.819288 | action_z=+0.636661 | magnitude=1.037578 | angle_deg=+37.85 | direction=+Y+Z | turn_angle_deg=111.04
Episode=8 | Step=76 | GlobalStep=712 | Source=WARMUP_RANDOM | action_y=+0.684282 | action_z=+0.163302 | magnitude=0.703498 | angle_deg=+13.42 | direction=+Y | turn_angle_deg=24.43
Episode=8 | Step=77 | GlobalStep=713 | Source=WARMUP_RANDOM | action_y=+0.655632 | action_z=-0.396421 | magnitude=0.766161 | angle_deg=-31.16 | direction=+Y-Z | turn_angle_deg=44.58
Episode=8 | Step=78 | GlobalStep=714 | Source=WARMUP_RANDOM | action_y=-0.413772 | action_z=-0.091255 | magnitude=0.423715 | angle_deg=-167.56 | direction=-Y | turn_angle_deg=136.40
Episode=8 | Step=79 | GlobalStep=715 | Source=WARMUP_RANDOM | action_y=-0.765113 | action_z=-0.886130 | magnitude=1.170737 | angle_deg=-130.81 | direction=-Y-Z | turn_angle_deg=36.75
Episode=8 | Step=80 | GlobalStep=716 | Source=WARMUP_RANDOM | action_y=+0.665162 | action_z=+0.325180 | magnitude=0.740394 | angle_deg=+26.05 | direction=+Y+Z | turn_angle_deg=156.86
Episode=8 | Step=81 | GlobalStep=717 | Source=WARMUP_RANDOM | action_y=+0.397907 | action_z=+0.951014 | magnitude=1.030901 | angle_deg=+67.30 | direction=+Y+Z | turn_angle_deg=41.24
Episode=8 | Step=82 | GlobalStep=718 | Source=WARMUP_RANDOM | action_y=+0.970600 | action_z=-0.800301 | magnitude=1.257993 | angle_deg=-39.51 | direction=+Y-Z | turn_angle_deg=106.80
Episode=8 | Step=83 | GlobalStep=719 | Source=WARMUP_RANDOM | action_y=+0.401242 | action_z=-0.697055 | magnitude=0.804289 | angle_deg=-60.07 | direction=+Y-Z | turn_angle_deg=20.57
Episode=8 | Step=84 | GlobalStep=720 | Source=WARMUP_RANDOM | action_y=-0.349137 | action_z=+0.150399 | magnitude=0.380153 | angle_deg=+156.69 | direction=-Y+Z | turn_angle_deg=143.23
Episode=8 | Step=85 | GlobalStep=721 | Source=WARMUP_RANDOM | action_y=-0.189301 | action_z=+0.608013 | magnitude=0.636800 | angle_deg=+107.29 | direction=+Z | turn_angle_deg=49.40
Episode=8 | Step=86 | GlobalStep=722 | Source=WARMUP_RANDOM | action_y=-0.809958 | action_z=+0.955183 | magnitude=1.252361 | angle_deg=+130.30 | direction=-Y+Z | turn_angle_deg=23.00
Episode=8 | Step=87 | GlobalStep=723 | Source=WARMUP_RANDOM | action_y=+0.905557 | action_z=-0.690907 | magnitude=1.139029 | angle_deg=-37.34 | direction=+Y-Z | turn_angle_deg=167.64
Episode=8 | Step=88 | GlobalStep=724 | Source=WARMUP_RANDOM | action_y=+0.387070 | action_z=+0.646213 | magnitude=0.753269 | angle_deg=+59.08 | direction=+Y+Z | turn_angle_deg=96.42
Episode=8 | Step=89 | GlobalStep=725 | Source=WARMUP_RANDOM | action_y=+0.591441 | action_z=+0.868276 | magnitude=1.050574 | angle_deg=+55.74 | direction=+Y+Z | turn_angle_deg=3.34
Episode=8 | Step=90 | GlobalStep=726 | Source=WARMUP_RANDOM | action_y=-0.878727 | action_z=+0.656729 | magnitude=1.097020 | angle_deg=+143.23 | direction=-Y+Z | turn_angle_deg=87.49
Episode=8 | Step=91 | GlobalStep=727 | Source=WARMUP_RANDOM | action_y=-0.624225 | action_z=+0.161359 | magnitude=0.644743 | angle_deg=+165.51 | direction=-Y | turn_angle_deg=22.28
Episode=8 | Step=92 | GlobalStep=728 | Source=WARMUP_RANDOM | action_y=+0.495741 | action_z=+0.043276 | magnitude=0.497627 | angle_deg=+4.99 | direction=+Y | turn_angle_deg=160.52
Episode=8 | Step=93 | GlobalStep=729 | Source=WARMUP_RANDOM | action_y=-0.525232 | action_z=-0.068137 | magnitude=0.529634 | angle_deg=-172.61 | direction=-Y | turn_angle_deg=177.60
Episode=8 | Step=94 | GlobalStep=730 | Source=WARMUP_RANDOM | action_y=+0.726663 | action_z=+0.056670 | magnitude=0.728869 | angle_deg=+4.46 | direction=+Y | turn_angle_deg=177.07
Episode=8 | Step=95 | GlobalStep=731 | Source=WARMUP_RANDOM | action_y=+0.538422 | action_z=-0.417665 | magnitude=0.681427 | angle_deg=-37.80 | direction=+Y-Z | turn_angle_deg=42.26
Episode=8 | Step=96 | GlobalStep=732 | Source=WARMUP_RANDOM | action_y=+0.208174 | action_z=-0.846003 | magnitude=0.871239 | angle_deg=-76.18 | direction=-Z | turn_angle_deg=38.37
Episode=8 | Step=97 | GlobalStep=733 | Source=WARMUP_RANDOM | action_y=+0.086859 | action_z=-0.844978 | magnitude=0.849431 | angle_deg=-84.13 | direction=-Z | turn_angle_deg=7.95
Episode=8 | Step=98 | GlobalStep=734 | Source=WARMUP_RANDOM | action_y=-0.566626 | action_z=-0.010978 | magnitude=0.566733 | angle_deg=-178.89 | direction=-Y | turn_angle_deg=94.76
Episode=8 | Step=99 | GlobalStep=735 | Source=WARMUP_RANDOM | action_y=+0.708718 | action_z=+0.380199 | magnitude=0.804259 | angle_deg=+28.21 | direction=+Y+Z | turn_angle_deg=152.90
Episode=8 | Step=100 | GlobalStep=736 | Source=WARMUP_RANDOM | action_y=+0.458752 | action_z=+0.936765 | magnitude=1.043064 | angle_deg=+63.91 | direction=+Y+Z | turn_angle_deg=35.70
Episode=8 | Step=101 | GlobalStep=737 | Source=WARMUP_RANDOM | action_y=-0.148713 | action_z=-0.098746 | magnitude=0.178512 | angle_deg=-146.42 | direction=-Y-Z | turn_angle_deg=149.68
Episode=8 | Step=102 | GlobalStep=738 | Source=WARMUP_RANDOM | action_y=-0.799619 | action_z=+0.905471 | magnitude=1.208002 | angle_deg=+131.45 | direction=-Y+Z | turn_angle_deg=82.14
Episode=8 | Step=103 | GlobalStep=739 | Source=WARMUP_RANDOM | action_y=-0.457584 | action_z=+0.125544 | magnitude=0.474494 | angle_deg=+164.66 | direction=-Y | turn_angle_deg=33.21
Episode=8 | Step=104 | GlobalStep=740 | Source=WARMUP_RANDOM | action_y=-0.143197 | action_z=+0.220740 | magnitude=0.263119 | angle_deg=+122.97 | direction=-Y+Z | turn_angle_deg=41.69
Episode=8 | Step=105 | GlobalStep=741 | Source=WARMUP_RANDOM | action_y=+0.439741 | action_z=-0.885165 | magnitude=0.988377 | angle_deg=-63.58 | direction=+Y-Z | turn_angle_deg=173.45
Episode=8 | Step=106 | GlobalStep=742 | Source=WARMUP_RANDOM | action_y=+0.137263 | action_z=-0.127466 | magnitude=0.187320 | angle_deg=-42.88 | direction=+Y-Z | turn_angle_deg=20.70
Episode=8 | Step=107 | GlobalStep=743 | Source=WARMUP_RANDOM | action_y=+0.459258 | action_z=-0.570696 | magnitude=0.732538 | angle_deg=-51.18 | direction=+Y-Z | turn_angle_deg=8.29
Episode=8 | Step=108 | GlobalStep=744 | Source=WARMUP_RANDOM | action_y=-0.877632 | action_z=+0.086891 | magnitude=0.881923 | angle_deg=+174.35 | direction=-Y | turn_angle_deg=134.48
Episode=8 | Step=109 | GlobalStep=745 | Source=WARMUP_RANDOM | action_y=-0.707351 | action_z=+0.879792 | magnitude=1.128884 | angle_deg=+128.80 | direction=-Y+Z | turn_angle_deg=45.55
Episode=8 | Step=110 | GlobalStep=746 | Source=WARMUP_RANDOM | action_y=-0.828311 | action_z=-0.210248 | magnitude=0.854577 | angle_deg=-165.76 | direction=-Y | turn_angle_deg=65.44
Episode=8 | Step=111 | GlobalStep=747 | Source=WARMUP_RANDOM | action_y=+0.134086 | action_z=+0.628970 | magnitude=0.643104 | angle_deg=+77.97 | direction=+Z | turn_angle_deg=116.28
Episode=8 | Step=112 | GlobalStep=748 | Source=WARMUP_RANDOM | action_y=+0.021373 | action_z=-0.119232 | magnitude=0.121133 | angle_deg=-79.84 | direction=-Z | turn_angle_deg=157.80
Episode=8 | Step=113 | GlobalStep=749 | Source=WARMUP_RANDOM | action_y=-0.799457 | action_z=+0.764823 | magnitude=1.106384 | angle_deg=+136.27 | direction=-Y+Z | turn_angle_deg=143.89
Episode=8 | Step=114 | GlobalStep=750 | Source=WARMUP_RANDOM | action_y=-0.939765 | action_z=-0.187393 | magnitude=0.958266 | angle_deg=-168.72 | direction=-Y | turn_angle_deg=55.01
Episode=8 | Step=115 | GlobalStep=751 | Source=WARMUP_RANDOM | action_y=-0.859749 | action_z=-0.561199 | magnitude=1.026700 | angle_deg=-146.87 | direction=-Y-Z | turn_angle_deg=21.86
Episode=8 | Step=116 | GlobalStep=752 | Source=WARMUP_RANDOM | action_y=+0.487981 | action_z=-0.035236 | magnitude=0.489251 | angle_deg=-4.13 | direction=+Y | turn_angle_deg=142.74
Episode=8 | Step=117 | GlobalStep=753 | Source=WARMUP_RANDOM | action_y=+0.129926 | action_z=+0.147823 | magnitude=0.196805 | angle_deg=+48.69 | direction=+Y+Z | turn_angle_deg=52.82
Episode=8 | Step=118 | GlobalStep=754 | Source=WARMUP_RANDOM | action_y=-0.361765 | action_z=-0.538673 | magnitude=0.648878 | angle_deg=-123.88 | direction=-Y-Z | turn_angle_deg=172.57
Episode=8 | Step=119 | GlobalStep=755 | Source=WARMUP_RANDOM | action_y=-0.287074 | action_z=-0.629467 | magnitude=0.691838 | angle_deg=-114.52 | direction=-Y-Z | turn_angle_deg=9.37
Episode=8 | Step=120 | GlobalStep=756 | Source=WARMUP_RANDOM | action_y=-0.843584 | action_z=-0.657643 | magnitude=1.069640 | angle_deg=-142.06 | direction=-Y-Z | turn_angle_deg=27.54
Episode=8 | Step=121 | GlobalStep=757 | Source=WARMUP_RANDOM | action_y=+0.114055 | action_z=+0.814704 | magnitude=0.822649 | angle_deg=+82.03 | direction=+Z | turn_angle_deg=135.91
Episode=8 | Step=122 | GlobalStep=758 | Source=WARMUP_RANDOM | action_y=-0.775716 | action_z=+0.474046 | magnitude=0.909095 | angle_deg=+148.57 | direction=-Y+Z | turn_angle_deg=66.54
Episode=8 | Step=123 | GlobalStep=759 | Source=WARMUP_RANDOM | action_y=+0.571149 | action_z=+0.988487 | magnitude=1.141629 | angle_deg=+59.98 | direction=+Y+Z | turn_angle_deg=88.59
Episode=8 | Step=124 | GlobalStep=760 | Source=WARMUP_RANDOM | action_y=-0.175644 | action_z=-0.783819 | magnitude=0.803258 | angle_deg=-102.63 | direction=-Z | turn_angle_deg=162.61
Episode=8 | Step=125 | GlobalStep=761 | Source=WARMUP_RANDOM | action_y=-0.201603 | action_z=+0.246527 | magnitude=0.318464 | angle_deg=+129.28 | direction=-Y+Z | turn_angle_deg=128.09
Episode=8 | Step=126 | GlobalStep=762 | Source=WARMUP_RANDOM | action_y=-0.600398 | action_z=+0.650591 | magnitude=0.885294 | angle_deg=+132.70 | direction=-Y+Z | turn_angle_deg=3.43
Episode=8 | Step=127 | GlobalStep=763 | Source=WARMUP_RANDOM | action_y=-0.043767 | action_z=-0.212426 | magnitude=0.216888 | angle_deg=-101.64 | direction=-Z | turn_angle_deg=125.66
Episode=8 | Step=128 | GlobalStep=764 | Source=WARMUP_RANDOM | action_y=-0.714321 | action_z=+0.308471 | magnitude=0.778080 | angle_deg=+156.64 | direction=-Y+Z | turn_angle_deg=101.71
Episode=8 | Step=129 | GlobalStep=765 | Source=WARMUP_RANDOM | action_y=+0.161021 | action_z=+0.102500 | magnitude=0.190877 | angle_deg=+32.48 | direction=+Y+Z | turn_angle_deg=124.16
Episode=8 | Step=130 | GlobalStep=766 | Source=WARMUP_RANDOM | action_y=-0.974520 | action_z=-0.365202 | magnitude=1.040702 | angle_deg=-159.46 | direction=-Y | turn_angle_deg=168.06
Episode=8 | Step=131 | GlobalStep=767 | Source=WARMUP_RANDOM | action_y=+0.162752 | action_z=+0.425325 | magnitude=0.455401 | angle_deg=+69.06 | direction=+Z | turn_angle_deg=131.48
Episode=8 | Step=132 | GlobalStep=768 | Source=WARMUP_RANDOM | action_y=+0.242267 | action_z=-0.123727 | magnitude=0.272032 | angle_deg=-27.05 | direction=+Y-Z | turn_angle_deg=96.11
Episode=8 | Step=133 | GlobalStep=769 | Source=WARMUP_RANDOM | action_y=-0.434052 | action_z=+0.430960 | magnitude=0.611660 | angle_deg=+135.20 | direction=-Y+Z | turn_angle_deg=162.26
Episode=8 | Step=134 | GlobalStep=770 | Source=WARMUP_RANDOM | action_y=+0.724718 | action_z=+0.678596 | magnitude=0.992828 | angle_deg=+43.12 | direction=+Y+Z | turn_angle_deg=92.09
Episode=8 | Step=135 | GlobalStep=771 | Source=WARMUP_RANDOM | action_y=-0.058542 | action_z=+0.474373 | magnitude=0.477972 | angle_deg=+97.04 | direction=+Z | turn_angle_deg=53.92
Episode=8 | Step=136 | GlobalStep=772 | Source=WARMUP_RANDOM | action_y=-0.839414 | action_z=+0.773632 | magnitude=1.141543 | angle_deg=+137.34 | direction=-Y+Z | turn_angle_deg=40.30
Episode=8 | Step=137 | GlobalStep=773 | Source=WARMUP_RANDOM | action_y=-0.580334 | action_z=-0.382206 | magnitude=0.694888 | angle_deg=-146.63 | direction=-Y-Z | turn_angle_deg=76.03
Episode=8 | Step=138 | GlobalStep=774 | Source=WARMUP_RANDOM | action_y=+0.519786 | action_z=+0.273050 | magnitude=0.587140 | angle_deg=+27.71 | direction=+Y+Z | turn_angle_deg=174.34
Episode=8 | Step=139 | GlobalStep=775 | Source=WARMUP_RANDOM | action_y=+0.735605 | action_z=+0.210371 | magnitude=0.765095 | angle_deg=+15.96 | direction=+Y | turn_angle_deg=11.75
Episode=8 | Step=140 | GlobalStep=776 | Source=WARMUP_RANDOM | action_y=+0.640112 | action_z=+0.992381 | magnitude=1.180916 | angle_deg=+57.18 | direction=+Y+Z | turn_angle_deg=41.22
Episode=8 | Step=141 | GlobalStep=777 | Source=WARMUP_RANDOM | action_y=+0.545782 | action_z=+0.781945 | magnitude=0.953581 | angle_deg=+55.09 | direction=+Y+Z | turn_angle_deg=2.09
Episode=8 | Step=142 | GlobalStep=778 | Source=WARMUP_RANDOM | action_y=-0.164414 | action_z=-0.758389 | magnitude=0.776006 | angle_deg=-102.23 | direction=-Z | turn_angle_deg=157.32
Episode=8 | Step=143 | GlobalStep=779 | Source=WARMUP_RANDOM | action_y=-0.718655 | action_z=+0.182080 | magnitude=0.741363 | angle_deg=+165.78 | direction=-Y | turn_angle_deg=91.99
Episode=8 | Step=144 | GlobalStep=780 | Source=WARMUP_RANDOM | action_y=+0.171050 | action_z=-0.999097 | magnitude=1.013634 | angle_deg=-80.28 | direction=-Z | turn_angle_deg=113.93
Episode=8 | Step=145 | GlobalStep=781 | Source=WARMUP_RANDOM | action_y=-0.256204 | action_z=-0.174903 | magnitude=0.310212 | angle_deg=-145.68 | direction=-Y-Z | turn_angle_deg=65.39
Episode=8 | Step=146 | GlobalStep=782 | Source=WARMUP_RANDOM | action_y=-0.225355 | action_z=+0.881254 | magnitude=0.909612 | angle_deg=+104.34 | direction=+Z | turn_angle_deg=109.98
Episode=8 | Step=147 | GlobalStep=783 | Source=WARMUP_RANDOM | action_y=+0.670666 | action_z=+0.875950 | magnitude=1.103214 | angle_deg=+52.56 | direction=+Y+Z | turn_angle_deg=51.78
Episode=8 | Step=148 | GlobalStep=784 | Source=WARMUP_RANDOM | action_y=-0.290314 | action_z=+0.873489 | magnitude=0.920470 | angle_deg=+108.38 | direction=+Z | turn_angle_deg=55.82
Episode=8 | Step=149 | GlobalStep=785 | Source=WARMUP_RANDOM | action_y=-0.176412 | action_z=-0.691421 | magnitude=0.713572 | angle_deg=-104.31 | direction=-Z | turn_angle_deg=147.30
Episode=8 | Step=150 | GlobalStep=786 | Source=WARMUP_RANDOM | action_y=-0.051414 | action_z=+0.438131 | magnitude=0.441137 | angle_deg=+96.69 | direction=+Z | turn_angle_deg=158.99
Episode=8 | Step=151 | GlobalStep=787 | Source=WARMUP_RANDOM | action_y=+0.853966 | action_z=+0.502563 | magnitude=0.990872 | angle_deg=+30.48 | direction=+Y+Z | turn_angle_deg=66.22
Episode=8 | Step=152 | GlobalStep=788 | Source=WARMUP_RANDOM | action_y=+0.798344 | action_z=+0.675683 | magnitude=1.045897 | angle_deg=+40.24 | direction=+Y+Z | turn_angle_deg=9.77
Episode=8 | Step=153 | GlobalStep=789 | Source=WARMUP_RANDOM | action_y=+0.755819 | action_z=+0.939722 | magnitude=1.205960 | angle_deg=+51.19 | direction=+Y+Z | turn_angle_deg=10.95
Episode=8 | Step=154 | GlobalStep=790 | Source=WARMUP_RANDOM | action_y=+0.259330 | action_z=-0.530660 | magnitude=0.590637 | angle_deg=-63.96 | direction=+Y-Z | turn_angle_deg=115.15
Episode=8 | Step=155 | GlobalStep=791 | Source=WARMUP_RANDOM | action_y=+0.067002 | action_z=+0.804802 | magnitude=0.807586 | angle_deg=+85.24 | direction=+Z | turn_angle_deg=149.20
Episode=8 | Step=156 | GlobalStep=792 | Source=WARMUP_RANDOM | action_y=-0.325914 | action_z=+0.415158 | magnitude=0.527803 | angle_deg=+128.13 | direction=-Y+Z | turn_angle_deg=42.89
Episode=8 | Step=157 | GlobalStep=793 | Source=WARMUP_RANDOM | action_y=+0.257295 | action_z=-0.801830 | magnitude=0.842100 | angle_deg=-72.21 | direction=-Z | turn_angle_deg=159.66
Episode=8 | Step=158 | GlobalStep=794 | Source=WARMUP_RANDOM | action_y=+0.388085 | action_z=+0.803796 | magnitude=0.892579 | angle_deg=+64.23 | direction=+Y+Z | turn_angle_deg=136.44
Episode=8 | Step=159 | GlobalStep=795 | Source=WARMUP_RANDOM | action_y=+0.509430 | action_z=-0.452006 | magnitude=0.681050 | angle_deg=-41.58 | direction=+Y-Z | turn_angle_deg=105.81
Episode=8 | Step=160 | GlobalStep=796 | Source=WARMUP_RANDOM | action_y=-0.532114 | action_z=+0.247421 | magnitude=0.586824 | angle_deg=+155.06 | direction=-Y+Z | turn_angle_deg=163.36
Episode=8 | Step=161 | GlobalStep=797 | Source=WARMUP_RANDOM | action_y=+0.179574 | action_z=-0.406421 | magnitude=0.444325 | angle_deg=-66.16 | direction=+Y-Z | turn_angle_deg=138.78
Episode=8 | Step=162 | GlobalStep=798 | Source=WARMUP_RANDOM | action_y=+0.178296 | action_z=-0.079672 | magnitude=0.195287 | angle_deg=-24.08 | direction=+Y-Z | turn_angle_deg=42.08
Episode=8 | Step=163 | GlobalStep=799 | Source=WARMUP_RANDOM | action_y=+0.569604 | action_z=+0.732325 | magnitude=0.927765 | angle_deg=+52.12 | direction=+Y+Z | turn_angle_deg=76.20
Episode=8 | Step=164 | GlobalStep=800 | Source=WARMUP_RANDOM | action_y=-0.929110 | action_z=-0.256668 | magnitude=0.963910 | angle_deg=-164.56 | direction=-Y | turn_angle_deg=143.32
Episode=8 | Step=165 | GlobalStep=801 | Source=WARMUP_RANDOM | action_y=+0.645251 | action_z=+0.992856 | magnitude=1.184108 | angle_deg=+56.98 | direction=+Y+Z | turn_angle_deg=138.46
Episode=8 | Step=166 | GlobalStep=802 | Source=WARMUP_RANDOM | action_y=-0.154483 | action_z=-0.261864 | magnitude=0.304036 | angle_deg=-120.54 | direction=-Y-Z | turn_angle_deg=177.52
Episode=8 | Step=167 | GlobalStep=803 | Source=WARMUP_RANDOM | action_y=+0.105694 | action_z=-0.955644 | magnitude=0.961471 | angle_deg=-83.69 | direction=-Z | turn_angle_deg=36.85
Episode=8 | Step=168 | GlobalStep=804 | Source=WARMUP_RANDOM | action_y=+0.962072 | action_z=+0.478463 | magnitude=1.074481 | angle_deg=+26.44 | direction=+Y+Z | turn_angle_deg=110.13
Episode=8 | Step=169 | GlobalStep=805 | Source=WARMUP_RANDOM | action_y=+0.913126 | action_z=+0.953772 | magnitude=1.320409 | angle_deg=+46.25 | direction=+Y+Z | turn_angle_deg=19.80
Episode=8 | Step=170 | GlobalStep=806 | Source=WARMUP_RANDOM | action_y=-0.508389 | action_z=+0.988867 | magnitude=1.111898 | angle_deg=+117.21 | direction=-Y+Z | turn_angle_deg=70.96
Episode=8 | Step=171 | GlobalStep=807 | Source=WARMUP_RANDOM | action_y=+0.148990 | action_z=-0.421275 | magnitude=0.446845 | angle_deg=-70.52 | direction=-Z | turn_angle_deg=172.27
Episode=8 | Step=172 | GlobalStep=808 | Source=WARMUP_RANDOM | action_y=-0.428959 | action_z=-0.492721 | magnitude=0.653284 | angle_deg=-131.04 | direction=-Y-Z | turn_angle_deg=60.52
Episode=8 | Step=173 | GlobalStep=809 | Source=WARMUP_RANDOM | action_y=-0.706088 | action_z=-0.934444 | magnitude=1.171216 | angle_deg=-127.08 | direction=-Y-Z | turn_angle_deg=3.97
Episode=8 | Step=174 | GlobalStep=810 | Source=WARMUP_RANDOM | action_y=+0.805932 | action_z=-0.533221 | magnitude=0.966360 | angle_deg=-33.49 | direction=+Y-Z | turn_angle_deg=93.59
Episode=8 | Step=175 | GlobalStep=811 | Source=WARMUP_RANDOM | action_y=+0.922231 | action_z=+0.174391 | magnitude=0.938574 | angle_deg=+10.71 | direction=+Y | turn_angle_deg=44.20
Episode=8 | Step=176 | GlobalStep=812 | Source=WARMUP_RANDOM | action_y=-0.246133 | action_z=-0.903126 | magnitude=0.936065 | angle_deg=-105.24 | direction=-Z | turn_angle_deg=115.95
Episode=8 | Step=177 | GlobalStep=813 | Source=WARMUP_RANDOM | action_y=+0.099124 | action_z=-0.932184 | magnitude=0.937439 | angle_deg=-83.93 | direction=-Z | turn_angle_deg=21.31
Episode=8 | Step=178 | GlobalStep=814 | Source=WARMUP_RANDOM | action_y=+0.564074 | action_z=+0.496624 | magnitude=0.751541 | angle_deg=+41.36 | direction=+Y+Z | turn_angle_deg=125.29
Episode=8 | Step=179 | GlobalStep=815 | Source=WARMUP_RANDOM | action_y=+0.049975 | action_z=-0.230853 | magnitude=0.236200 | angle_deg=-77.79 | direction=-Z | turn_angle_deg=119.15
Episode=8 | Step=180 | GlobalStep=816 | Source=WARMUP_RANDOM | action_y=+0.659832 | action_z=-0.281727 | magnitude=0.717459 | angle_deg=-23.12 | direction=+Y-Z | turn_angle_deg=54.66
Episode=8 | Step=181 | GlobalStep=817 | Source=WARMUP_RANDOM | action_y=-0.406423 | action_z=-0.088608 | magnitude=0.415970 | angle_deg=-167.70 | direction=-Y | turn_angle_deg=144.58
Episode=8 | Step=182 | GlobalStep=818 | Source=WARMUP_RANDOM | action_y=-0.878504 | action_z=-0.829446 | magnitude=1.208201 | angle_deg=-136.65 | direction=-Y-Z | turn_angle_deg=31.06
Episode=8 | Step=183 | GlobalStep=819 | Source=WARMUP_RANDOM | action_y=-0.967244 | action_z=+0.958359 | magnitude=1.361621 | angle_deg=+135.26 | direction=-Y+Z | turn_angle_deg=88.09
Episode=8 | Step=184 | GlobalStep=820 | Source=WARMUP_RANDOM | action_y=-0.406068 | action_z=+0.522627 | magnitude=0.661839 | angle_deg=+127.85 | direction=-Y+Z | turn_angle_deg=7.42
Episode=8 | Step=185 | GlobalStep=821 | Source=WARMUP_RANDOM | action_y=-0.870118 | action_z=+0.177236 | magnitude=0.887985 | angle_deg=+168.49 | direction=-Y | turn_angle_deg=40.64
Episode=8 | Step=186 | GlobalStep=822 | Source=WARMUP_RANDOM | action_y=+0.703986 | action_z=+0.874431 | magnitude=1.122598 | angle_deg=+51.16 | direction=+Y+Z | turn_angle_deg=117.32
Episode=8 | Step=187 | GlobalStep=823 | Source=WARMUP_RANDOM | action_y=-0.981105 | action_z=+0.000302 | magnitude=0.981105 | angle_deg=+179.98 | direction=-Y | turn_angle_deg=128.82
Episode=8 | Step=188 | GlobalStep=824 | Source=WARMUP_RANDOM | action_y=+0.626697 | action_z=+0.267740 | magnitude=0.681494 | angle_deg=+23.13 | direction=+Y+Z | turn_angle_deg=156.85
Episode=8 | Step=189 | GlobalStep=825 | Source=WARMUP_RANDOM | action_y=+0.654477 | action_z=-0.248311 | magnitude=0.699999 | angle_deg=-20.78 | direction=+Y | turn_angle_deg=43.91
Episode=8 | Step=190 | GlobalStep=826 | Source=WARMUP_RANDOM | action_y=-0.338337 | action_z=-0.594773 | magnitude=0.684271 | angle_deg=-119.63 | direction=-Y-Z | turn_angle_deg=98.86
Episode=8 | Step=191 | GlobalStep=827 | Source=WARMUP_RANDOM | action_y=-0.869374 | action_z=-0.687635 | magnitude=1.108446 | angle_deg=-141.66 | direction=-Y-Z | turn_angle_deg=22.02
Episode=8 | Step=192 | GlobalStep=828 | Source=WARMUP_RANDOM | action_y=+0.950597 | action_z=+0.861623 | magnitude=1.282977 | angle_deg=+42.19 | direction=+Y+Z | turn_angle_deg=176.15
Episode=8 | Step=193 | GlobalStep=829 | Source=WARMUP_RANDOM | action_y=+0.453294 | action_z=+0.842707 | magnitude=0.956886 | angle_deg=+61.72 | direction=+Y+Z | turn_angle_deg=19.53
Episode=8 | Step=194 | GlobalStep=830 | Source=WARMUP_RANDOM | action_y=+0.982854 | action_z=-0.053227 | magnitude=0.984294 | angle_deg=-3.10 | direction=+Y | turn_angle_deg=64.82
Episode=8 | Step=195 | GlobalStep=831 | Source=WARMUP_RANDOM | action_y=-0.301567 | action_z=+0.917552 | magnitude=0.965838 | angle_deg=+108.19 | direction=+Z | turn_angle_deg=111.29
Episode=8 | Step=196 | GlobalStep=832 | Source=WARMUP_RANDOM | action_y=+0.066118 | action_z=+0.990603 | magnitude=0.992807 | angle_deg=+86.18 | direction=+Z | turn_angle_deg=22.01
Episode=8 | Step=197 | GlobalStep=833 | Source=WARMUP_RANDOM | action_y=+0.714169 | action_z=+0.353648 | magnitude=0.796935 | angle_deg=+26.34 | direction=+Y+Z | turn_angle_deg=59.84
Episode=8 | Step=198 | GlobalStep=834 | Source=WARMUP_RANDOM | action_y=+0.291055 | action_z=+0.410955 | magnitude=0.503584 | angle_deg=+54.69 | direction=+Y+Z | turn_angle_deg=28.35
Episode=8 | Step=199 | GlobalStep=835 | Source=WARMUP_RANDOM | action_y=+0.863269 | action_z=-0.443120 | magnitude=0.970355 | angle_deg=-27.17 | direction=+Y-Z | turn_angle_deg=81.86
Episode=8 | Step=200 | GlobalStep=836 | Source=WARMUP_RANDOM | action_y=-0.795718 | action_z=-0.043137 | magnitude=0.796887 | angle_deg=-176.90 | direction=-Y | turn_angle_deg=149.73
Episode=8 | Step=201 | GlobalStep=837 | Source=WARMUP_RANDOM | action_y=+0.698230 | action_z=-0.560818 | magnitude=0.895568 | angle_deg=-38.77 | direction=+Y-Z | turn_angle_deg=138.13
Episode=8 | Step=202 | GlobalStep=838 | Source=WARMUP_RANDOM | action_y=-0.774816 | action_z=-0.088404 | magnitude=0.779843 | angle_deg=-173.49 | direction=-Y | turn_angle_deg=134.72
Episode=8 | Step=203 | GlobalStep=839 | Source=WARMUP_RANDOM | action_y=+0.945647 | action_z=-0.272811 | magnitude=0.984212 | angle_deg=-16.09 | direction=+Y | turn_angle_deg=157.40
Episode=8 | Step=204 | GlobalStep=840 | Source=WARMUP_RANDOM | action_y=+0.371448 | action_z=-0.836303 | magnitude=0.915082 | angle_deg=-66.05 | direction=+Y-Z | turn_angle_deg=49.96
Episode=8 | Step=205 | GlobalStep=841 | Source=WARMUP_RANDOM | action_y=+0.957165 | action_z=+0.718921 | magnitude=1.197085 | angle_deg=+36.91 | direction=+Y+Z | turn_angle_deg=102.96
Episode=8 | Step=206 | GlobalStep=842 | Source=WARMUP_RANDOM | action_y=-0.413989 | action_z=+0.258784 | magnitude=0.488217 | angle_deg=+147.99 | direction=-Y+Z | turn_angle_deg=111.08
Episode=8 | Step=207 | GlobalStep=843 | Source=WARMUP_RANDOM | action_y=-0.259109 | action_z=+0.677510 | magnitude=0.725367 | angle_deg=+110.93 | direction=+Z | turn_angle_deg=37.06
Episode=8 | Step=208 | GlobalStep=844 | Source=WARMUP_RANDOM | action_y=+0.682153 | action_z=+0.474214 | magnitude=0.830790 | angle_deg=+34.81 | direction=+Y+Z | turn_angle_deg=76.12
Episode=8 | Step=209 | GlobalStep=845 | Source=WARMUP_RANDOM | action_y=-0.956796 | action_z=+0.382390 | magnitude=1.030379 | angle_deg=+158.22 | direction=-Y | turn_angle_deg=123.41
Episode=8 | Step=210 | GlobalStep=846 | Source=WARMUP_RANDOM | action_y=+0.393087 | action_z=+0.422862 | magnitude=0.577347 | angle_deg=+47.09 | direction=+Y+Z | turn_angle_deg=111.13
Episode=8 | Step=211 | GlobalStep=847 | Source=WARMUP_RANDOM | action_y=-0.140193 | action_z=+0.086779 | magnitude=0.164877 | angle_deg=+148.24 | direction=-Y+Z | turn_angle_deg=101.15
Episode=8 | Step=212 | GlobalStep=848 | Source=WARMUP_RANDOM | action_y=+0.076795 | action_z=-0.768729 | magnitude=0.772555 | angle_deg=-84.30 | direction=-Z | turn_angle_deg=127.46
Episode=8 | Step=213 | GlobalStep=849 | Source=WARMUP_RANDOM | action_y=+0.701476 | action_z=+0.515349 | magnitude=0.870433 | angle_deg=+36.30 | direction=+Y+Z | turn_angle_deg=120.60
Episode=8 | Step=214 | GlobalStep=850 | Source=WARMUP_RANDOM | action_y=+0.264935 | action_z=-0.502199 | magnitude=0.567798 | angle_deg=-62.19 | direction=+Y-Z | turn_angle_deg=98.49
Episode=8 | Step=215 | GlobalStep=851 | Source=WARMUP_RANDOM | action_y=-0.441944 | action_z=-0.710572 | magnitude=0.836796 | angle_deg=-121.88 | direction=-Y-Z | turn_angle_deg=59.69
Episode=8 | Step=216 | GlobalStep=852 | Source=WARMUP_RANDOM | action_y=+0.738858 | action_z=-0.191288 | magnitude=0.763218 | angle_deg=-14.51 | direction=+Y | turn_angle_deg=107.36
Episode=8 | Step=217 | GlobalStep=853 | Source=WARMUP_RANDOM | action_y=+0.086567 | action_z=+0.802014 | magnitude=0.806673 | angle_deg=+83.84 | direction=+Z | turn_angle_deg=98.35
Episode=8 | Step=218 | GlobalStep=854 | Source=WARMUP_RANDOM | action_y=+0.938232 | action_z=-0.516320 | magnitude=1.070918 | angle_deg=-28.82 | direction=+Y-Z | turn_angle_deg=112.66
Episode=8 | Step=219 | GlobalStep=855 | Source=WARMUP_RANDOM | action_y=+0.253429 | action_z=-0.186312 | magnitude=0.314544 | angle_deg=-36.32 | direction=+Y-Z | turn_angle_deg=7.50
Episode=8 | Step=220 | GlobalStep=856 | Source=WARMUP_RANDOM | action_y=-0.898766 | action_z=-0.914411 | magnitude=1.282158 | angle_deg=-134.51 | direction=-Y-Z | turn_angle_deg=98.18
Episode=8 | Step=221 | GlobalStep=857 | Source=WARMUP_RANDOM | action_y=+0.862212 | action_z=-0.155425 | magnitude=0.876109 | angle_deg=-10.22 | direction=+Y | turn_angle_deg=124.29
Episode=8 | Step=222 | GlobalStep=858 | Source=WARMUP_RANDOM | action_y=-0.403601 | action_z=-0.064809 | magnitude=0.408772 | angle_deg=-170.88 | direction=-Y | turn_angle_deg=160.66
Episode=8 | Step=223 | GlobalStep=859 | Source=WARMUP_RANDOM | action_y=-0.363021 | action_z=+0.320546 | magnitude=0.484287 | angle_deg=+138.56 | direction=-Y+Z | turn_angle_deg=50.57
Episode=8 | Step=224 | GlobalStep=860 | Source=WARMUP_RANDOM | action_y=+0.220210 | action_z=+0.677766 | magnitude=0.712642 | angle_deg=+72.00 | direction=+Z | turn_angle_deg=66.55
Episode=8 | Step=225 | GlobalStep=861 | Source=WARMUP_RANDOM | action_y=-0.695534 | action_z=-0.242222 | magnitude=0.736505 | angle_deg=-160.80 | direction=-Y | turn_angle_deg=127.20
Episode=8 | Step=226 | GlobalStep=862 | Source=WARMUP_RANDOM | action_y=-0.307590 | action_z=-0.191285 | magnitude=0.362218 | angle_deg=-148.12 | direction=-Y-Z | turn_angle_deg=12.68
Episode=8 | Step=227 | GlobalStep=863 | Source=WARMUP_RANDOM | action_y=+0.278739 | action_z=-0.588472 | magnitude=0.651149 | angle_deg=-64.65 | direction=+Y-Z | turn_angle_deg=83.47
Episode=8 | Step=228 | GlobalStep=864 | Source=WARMUP_RANDOM | action_y=+0.608822 | action_z=-0.608160 | magnitude=0.860536 | angle_deg=-44.97 | direction=+Y-Z | turn_angle_deg=19.69
Episode=8 | Step=229 | GlobalStep=865 | Source=WARMUP_RANDOM | action_y=-0.554200 | action_z=+0.183144 | magnitude=0.583678 | angle_deg=+161.71 | direction=-Y | turn_angle_deg=153.32
Episode=8 | Step=230 | GlobalStep=866 | Source=WARMUP_RANDOM | action_y=+0.674619 | action_z=+0.053788 | magnitude=0.676760 | angle_deg=+4.56 | direction=+Y | turn_angle_deg=157.15
Episode=8 | Step=231 | GlobalStep=867 | Source=WARMUP_RANDOM | action_y=-0.666251 | action_z=+0.107508 | magnitude=0.674870 | angle_deg=+170.83 | direction=-Y | turn_angle_deg=166.28
Episode=8 | Step=232 | GlobalStep=868 | Source=WARMUP_RANDOM | action_y=-0.087426 | action_z=-0.788767 | magnitude=0.793597 | angle_deg=-96.32 | direction=-Z | turn_angle_deg=92.84
Episode=8 | Step=233 | GlobalStep=869 | Source=WARMUP_RANDOM | action_y=+0.886103 | action_z=+0.527458 | magnitude=1.031208 | angle_deg=+30.76 | direction=+Y+Z | turn_angle_deg=127.09
Episode=8 | Step=234 | GlobalStep=870 | Source=WARMUP_RANDOM | action_y=+0.693372 | action_z=+0.093184 | magnitude=0.699606 | angle_deg=+7.65 | direction=+Y | turn_angle_deg=23.11
Episode=8 | Step=235 | GlobalStep=871 | Source=WARMUP_RANDOM | action_y=-0.456001 | action_z=-0.326515 | magnitude=0.560847 | angle_deg=-144.40 | direction=-Y-Z | turn_angle_deg=152.05
Episode=8 | Step=236 | GlobalStep=872 | Source=WARMUP_RANDOM | action_y=-0.575471 | action_z=-0.019362 | magnitude=0.575796 | angle_deg=-178.07 | direction=-Y | turn_angle_deg=33.68
Episode=8 | Step=237 | GlobalStep=873 | Source=WARMUP_RANDOM | action_y=-0.572861 | action_z=+0.081855 | magnitude=0.578680 | angle_deg=+171.87 | direction=-Y | turn_angle_deg=10.06
Episode=8 | Step=238 | GlobalStep=874 | Source=WARMUP_RANDOM | action_y=+0.855916 | action_z=+0.756866 | magnitude=1.142558 | angle_deg=+41.49 | direction=+Y+Z | turn_angle_deg=130.38
Episode=8 | Step=239 | GlobalStep=875 | Source=WARMUP_RANDOM | action_y=-0.086343 | action_z=+0.011157 | magnitude=0.087061 | angle_deg=+172.64 | direction=-Y | turn_angle_deg=131.15
Episode=8 | Step=240 | GlobalStep=876 | Source=WARMUP_RANDOM | action_y=+0.894879 | action_z=-0.612061 | magnitude=1.084172 | angle_deg=-34.37 | direction=+Y-Z | turn_angle_deg=152.99
Episode=8 | Step=241 | GlobalStep=877 | Source=WARMUP_RANDOM | action_y=+0.118894 | action_z=+0.813884 | magnitude=0.822523 | angle_deg=+81.69 | direction=+Z | turn_angle_deg=116.06
Episode=8 | Step=242 | GlobalStep=878 | Source=WARMUP_RANDOM | action_y=-0.418789 | action_z=-0.215265 | magnitude=0.470875 | angle_deg=-152.80 | direction=-Y-Z | turn_angle_deg=125.52
Episode=8 | Step=243 | GlobalStep=879 | Source=WARMUP_RANDOM | action_y=+0.037014 | action_z=-0.674316 | magnitude=0.675331 | angle_deg=-86.86 | direction=-Z | turn_angle_deg=65.94
Episode=8 | Step=244 | GlobalStep=880 | Source=WARMUP_RANDOM | action_y=+0.234611 | action_z=+0.273604 | magnitude=0.360419 | angle_deg=+49.39 | direction=+Y+Z | turn_angle_deg=136.25
Episode=8 | Step=245 | GlobalStep=881 | Source=WARMUP_RANDOM | action_y=-0.821466 | action_z=+0.224035 | magnitude=0.851468 | angle_deg=+164.74 | direction=-Y | turn_angle_deg=115.36
Episode=8 | Step=246 | GlobalStep=882 | Source=WARMUP_RANDOM | action_y=-0.253762 | action_z=+0.999257 | magnitude=1.030975 | angle_deg=+104.25 | direction=+Z | turn_angle_deg=60.50
Episode=8 | Step=247 | GlobalStep=883 | Source=WARMUP_RANDOM | action_y=+0.597924 | action_z=+0.914001 | magnitude=1.092205 | angle_deg=+56.81 | direction=+Y+Z | turn_angle_deg=47.44
Episode=8 | Step=248 | GlobalStep=884 | Source=WARMUP_RANDOM | action_y=-0.108542 | action_z=-0.401943 | magnitude=0.416341 | angle_deg=-105.11 | direction=-Z | turn_angle_deg=161.92
Episode=8 | Step=249 | GlobalStep=885 | Source=WARMUP_RANDOM | action_y=-0.832237 | action_z=+0.411887 | magnitude=0.928584 | angle_deg=+153.67 | direction=-Y+Z | turn_angle_deg=101.22
Episode=8 | Step=250 | GlobalStep=886 | Source=WARMUP_RANDOM | action_y=+0.642411 | action_z=+0.895432 | magnitude=1.102039 | angle_deg=+54.34 | direction=+Y+Z | turn_angle_deg=99.33
Episode=8 | Step=251 | GlobalStep=887 | Source=WARMUP_RANDOM | action_y=-0.459582 | action_z=+0.531571 | magnitude=0.702698 | angle_deg=+130.85 | direction=-Y+Z | turn_angle_deg=76.50
Episode=8 | Step=252 | GlobalStep=888 | Source=WARMUP_RANDOM | action_y=+0.164288 | action_z=+0.859819 | magnitude=0.875374 | angle_deg=+79.18 | direction=+Z | turn_angle_deg=51.66
Episode=8 | Step=253 | GlobalStep=889 | Source=WARMUP_RANDOM | action_y=-0.814189 | action_z=+0.077106 | magnitude=0.817832 | angle_deg=+174.59 | direction=-Y | turn_angle_deg=95.41
Episode=8 | Step=254 | GlobalStep=890 | Source=WARMUP_RANDOM | action_y=-0.453780 | action_z=-0.838914 | magnitude=0.953778 | angle_deg=-118.41 | direction=-Y-Z | turn_angle_deg=67.00
Episode=8 | Step=255 | GlobalStep=891 | Source=WARMUP_RANDOM | action_y=-0.426487 | action_z=+0.366841 | magnitude=0.562551 | angle_deg=+139.30 | direction=-Y+Z | turn_angle_deg=102.29
Episode=8 | Step=256 | GlobalStep=892 | Source=WARMUP_RANDOM | action_y=+0.884304 | action_z=-0.137876 | magnitude=0.894988 | angle_deg=-8.86 | direction=+Y | turn_angle_deg=148.16
Episode=8 | Step=257 | GlobalStep=893 | Source=WARMUP_RANDOM | action_y=+0.853885 | action_z=-0.780988 | magnitude=1.157178 | angle_deg=-42.45 | direction=+Y-Z | turn_angle_deg=33.59
Episode=8 | Step=258 | GlobalStep=894 | Source=WARMUP_RANDOM | action_y=+0.344209 | action_z=+0.212614 | magnitude=0.404579 | angle_deg=+31.70 | direction=+Y+Z | turn_angle_deg=74.15
Episode=8 | Step=259 | GlobalStep=895 | Source=WARMUP_RANDOM | action_y=-0.418590 | action_z=-0.360306 | magnitude=0.552302 | angle_deg=-139.28 | direction=-Y-Z | turn_angle_deg=170.98
Episode=8 | Step=260 | GlobalStep=896 | Source=WARMUP_RANDOM | action_y=-0.171648 | action_z=+0.239576 | magnitude=0.294720 | angle_deg=+125.62 | direction=-Y+Z | turn_angle_deg=95.10
Episode=8 | Step=261 | GlobalStep=897 | Source=WARMUP_RANDOM | action_y=-0.860628 | action_z=-0.065035 | magnitude=0.863082 | angle_deg=-175.68 | direction=-Y | turn_angle_deg=58.70
Episode=8 | Step=262 | GlobalStep=898 | Source=WARMUP_RANDOM | action_y=+0.369617 | action_z=+0.571702 | magnitude=0.680779 | angle_deg=+57.12 | direction=+Y+Z | turn_angle_deg=127.20
Episode=8 | Step=263 | GlobalStep=899 | Source=WARMUP_RANDOM | action_y=-0.830865 | action_z=+0.347181 | magnitude=0.900484 | angle_deg=+157.32 | direction=-Y+Z | turn_angle_deg=100.21
Episode=8 | Step=264 | GlobalStep=900 | Source=WARMUP_RANDOM | action_y=-0.478369 | action_z=+0.505405 | magnitude=0.695896 | angle_deg=+133.43 | direction=-Y+Z | turn_angle_deg=23.90
Episode=8 | Step=265 | GlobalStep=901 | Source=WARMUP_RANDOM | action_y=+0.631113 | action_z=-0.530122 | magnitude=0.824216 | angle_deg=-40.03 | direction=+Y-Z | turn_angle_deg=173.46
Episode=8 | Step=266 | GlobalStep=902 | Source=WARMUP_RANDOM | action_y=-0.857482 | action_z=-0.811162 | magnitude=1.180365 | angle_deg=-136.59 | direction=-Y-Z | turn_angle_deg=96.56
Episode=8 | Step=267 | GlobalStep=903 | Source=WARMUP_RANDOM | action_y=-0.049506 | action_z=-0.651250 | magnitude=0.653129 | angle_deg=-94.35 | direction=-Z | turn_angle_deg=42.24
Episode=8 | Step=268 | GlobalStep=904 | Source=WARMUP_RANDOM | action_y=-0.628539 | action_z=+0.033761 | magnitude=0.629445 | angle_deg=+176.93 | direction=-Y | turn_angle_deg=88.73
Episode=8 | Step=269 | GlobalStep=905 | Source=WARMUP_RANDOM | action_y=+0.233603 | action_z=+0.021584 | magnitude=0.234598 | angle_deg=+5.28 | direction=+Y | turn_angle_deg=171.65
Episode=8 | Step=270 | GlobalStep=906 | Source=WARMUP_RANDOM | action_y=-0.326865 | action_z=-0.009908 | magnitude=0.327015 | angle_deg=-178.26 | direction=-Y | turn_angle_deg=176.46
Episode=8 | Step=271 | GlobalStep=907 | Source=WARMUP_RANDOM | action_y=-0.402594 | action_z=-0.270015 | magnitude=0.484758 | angle_deg=-146.15 | direction=-Y-Z | turn_angle_deg=32.11
Episode=8 | Step=272 | GlobalStep=908 | Source=WARMUP_RANDOM | action_y=+0.444907 | action_z=+0.363159 | magnitude=0.574306 | angle_deg=+39.22 | direction=+Y+Z | turn_angle_deg=174.63
Episode=8 | Step=273 | GlobalStep=909 | Source=WARMUP_RANDOM | action_y=+0.713622 | action_z=-0.596086 | magnitude=0.929826 | angle_deg=-39.87 | direction=+Y-Z | turn_angle_deg=79.10
Episode=8 | Step=274 | GlobalStep=910 | Source=WARMUP_RANDOM | action_y=+0.700659 | action_z=+0.990363 | magnitude=1.213153 | angle_deg=+54.72 | direction=+Y+Z | turn_angle_deg=94.59
Episode=8 | Step=275 | GlobalStep=911 | Source=WARMUP_RANDOM | action_y=+0.875504 | action_z=-0.648694 | magnitude=1.089638 | angle_deg=-36.54 | direction=+Y-Z | turn_angle_deg=91.26
Episode=8 | Step=276 | GlobalStep=912 | Source=WARMUP_RANDOM | action_y=+0.684701 | action_z=-0.416407 | magnitude=0.801381 | angle_deg=-31.31 | direction=+Y-Z | turn_angle_deg=5.23
Episode=8 | Step=277 | GlobalStep=913 | Source=WARMUP_RANDOM | action_y=+0.092542 | action_z=-0.167376 | magnitude=0.191256 | angle_deg=-61.06 | direction=+Y-Z | turn_angle_deg=29.76
Episode=8 | Step=278 | GlobalStep=914 | Source=WARMUP_RANDOM | action_y=+0.606575 | action_z=+0.891601 | magnitude=1.078371 | angle_deg=+55.77 | direction=+Y+Z | turn_angle_deg=116.83
Episode=8 | Step=279 | GlobalStep=915 | Source=WARMUP_RANDOM | action_y=+0.407921 | action_z=-0.682741 | magnitude=0.795320 | angle_deg=-59.14 | direction=+Y-Z | turn_angle_deg=114.91
Episode=8 | Step=280 | GlobalStep=916 | Source=WARMUP_RANDOM | action_y=-0.720393 | action_z=-0.758788 | magnitude=1.046291 | angle_deg=-133.51 | direction=-Y-Z | turn_angle_deg=74.37
Episode=8 | Step=281 | GlobalStep=917 | Source=WARMUP_RANDOM | action_y=-0.172659 | action_z=-0.471467 | magnitude=0.502088 | angle_deg=-110.11 | direction=-Z | turn_angle_deg=23.40
Episode=8 | Step=282 | GlobalStep=918 | Source=WARMUP_RANDOM | action_y=+0.881398 | action_z=+0.914422 | magnitude=1.270051 | angle_deg=+46.05 | direction=+Y+Z | turn_angle_deg=156.17
Episode=8 | Step=283 | GlobalStep=919 | Source=WARMUP_RANDOM | action_y=-0.167861 | action_z=-0.244738 | magnitude=0.296773 | angle_deg=-124.45 | direction=-Y-Z | turn_angle_deg=170.50
Episode=8 | Step=284 | GlobalStep=920 | Source=WARMUP_RANDOM | action_y=+0.813387 | action_z=-0.524394 | magnitude=0.967774 | angle_deg=-32.81 | direction=+Y-Z | turn_angle_deg=91.64
Episode=8 | Step=285 | GlobalStep=921 | Source=WARMUP_RANDOM | action_y=+0.118788 | action_z=+0.324401 | magnitude=0.345466 | angle_deg=+69.89 | direction=+Z | turn_angle_deg=102.70
Episode=8 | Step=286 | GlobalStep=922 | Source=WARMUP_RANDOM | action_y=+0.345572 | action_z=+0.160105 | magnitude=0.380859 | angle_deg=+24.86 | direction=+Y+Z | turn_angle_deg=45.03
Episode=8 | Step=287 | GlobalStep=923 | Source=WARMUP_RANDOM | action_y=-0.418610 | action_z=+0.319020 | magnitude=0.526316 | angle_deg=+142.69 | direction=-Y+Z | turn_angle_deg=117.83
Episode=8 | Step=288 | GlobalStep=924 | Source=WARMUP_RANDOM | action_y=-0.523654 | action_z=+0.035183 | magnitude=0.524834 | angle_deg=+176.16 | direction=-Y | turn_angle_deg=33.47
Episode=8 | Step=289 | GlobalStep=925 | Source=WARMUP_RANDOM | action_y=-0.145634 | action_z=+0.599293 | magnitude=0.616735 | angle_deg=+103.66 | direction=+Z | turn_angle_deg=72.50
Episode=8 | Step=290 | GlobalStep=926 | Source=WARMUP_RANDOM | action_y=+0.464854 | action_z=-0.912596 | magnitude=1.024168 | angle_deg=-63.01 | direction=+Y-Z | turn_angle_deg=166.67
Episode=8 | Step=291 | GlobalStep=927 | Source=WARMUP_RANDOM | action_y=+0.811308 | action_z=+0.845284 | magnitude=1.171634 | angle_deg=+46.17 | direction=+Y+Z | turn_angle_deg=109.18
Episode=8 | Step=292 | GlobalStep=928 | Source=WARMUP_RANDOM | action_y=-0.656368 | action_z=+0.865580 | magnitude=1.086300 | angle_deg=+127.17 | direction=-Y+Z | turn_angle_deg=81.00
Episode=8 | Step=293 | GlobalStep=929 | Source=WARMUP_RANDOM | action_y=-0.954916 | action_z=-0.066807 | magnitude=0.957250 | angle_deg=-176.00 | direction=-Y | turn_angle_deg=56.83
Episode=8 | Step=294 | GlobalStep=930 | Source=WARMUP_RANDOM | action_y=+0.433869 | action_z=+0.898676 | magnitude=0.997929 | angle_deg=+64.23 | direction=+Y+Z | turn_angle_deg=119.77
Episode=8 | Step=295 | GlobalStep=931 | Source=WARMUP_RANDOM | action_y=+0.497301 | action_z=-0.023701 | magnitude=0.497866 | angle_deg=-2.73 | direction=+Y | turn_angle_deg=66.96
Episode=8 | Step=296 | GlobalStep=932 | Source=WARMUP_RANDOM | action_y=-0.800304 | action_z=-0.350985 | magnitude=0.873886 | angle_deg=-156.32 | direction=-Y-Z | turn_angle_deg=153.59
Episode=8 | Step=297 | GlobalStep=933 | Source=WARMUP_RANDOM | action_y=-0.546075 | action_z=-0.685639 | magnitude=0.876526 | angle_deg=-128.54 | direction=-Y-Z | turn_angle_deg=27.78
----------------------------------------------------------------------------------------------------
[Episode 8 END] | reason=fault | hole_found=False | assembly_success=False | search_steps=296 | search_time_s=29.60 | yz_path_mm=416.95
====================================================================================================
====================================================================================================
[Episode 9 START]
字段: Episode | Step | GlobalStep | Source | action_y | action_z | magnitude | angle_deg | direction | turn_angle_deg
方向角: +Y=0deg, +Z=+90deg, -Y=+/-180deg, -Z=-90deg
当前实验 sac_action_step = 0.05 mm；实际每轴参考增量 = action × 0.05 mm
----------------------------------------------------------------------------------------------------
Episode=9 | Step=1 | GlobalStep=934 | Source=WARMUP_RANDOM | action_y=-0.333793 | action_z=+0.135906 | magnitude=0.360400 | angle_deg=+157.85 | direction=-Y | turn_angle_deg=N/A
Episode=9 | Step=2 | GlobalStep=935 | Source=WARMUP_RANDOM | action_y=-0.236738 | action_z=-0.932951 | magnitude=0.962518 | angle_deg=-104.24 | direction=-Z | turn_angle_deg=97.92
Episode=9 | Step=3 | GlobalStep=936 | Source=WARMUP_RANDOM | action_y=-0.192108 | action_z=+0.128001 | magnitude=0.230846 | angle_deg=+146.32 | direction=-Y+Z | turn_angle_deg=109.44
Episode=9 | Step=4 | GlobalStep=937 | Source=WARMUP_RANDOM | action_y=+0.852680 | action_z=-0.934881 | magnitude=1.265332 | angle_deg=-47.63 | direction=+Y-Z | turn_angle_deg=166.04
Episode=9 | Step=5 | GlobalStep=938 | Source=WARMUP_RANDOM | action_y=+0.352671 | action_z=+0.500034 | magnitude=0.611891 | angle_deg=+54.80 | direction=+Y+Z | turn_angle_deg=102.44
Episode=9 | Step=6 | GlobalStep=939 | Source=WARMUP_RANDOM | action_y=-0.829041 | action_z=+0.810112 | magnitude=1.159134 | angle_deg=+135.66 | direction=-Y+Z | turn_angle_deg=80.86
Episode=9 | Step=7 | GlobalStep=940 | Source=WARMUP_RANDOM | action_y=-0.839292 | action_z=+0.842679 | magnitude=1.189336 | angle_deg=+134.88 | direction=-Y+Z | turn_angle_deg=0.78
Episode=9 | Step=8 | GlobalStep=941 | Source=WARMUP_RANDOM | action_y=-0.325548 | action_z=-0.595237 | magnitude=0.678445 | angle_deg=-118.68 | direction=-Y-Z | turn_angle_deg=106.44
Episode=9 | Step=9 | GlobalStep=942 | Source=WARMUP_RANDOM | action_y=-0.623908 | action_z=-0.695556 | magnitude=0.934376 | angle_deg=-131.89 | direction=-Y-Z | turn_angle_deg=13.22
Episode=9 | Step=10 | GlobalStep=943 | Source=WARMUP_RANDOM | action_y=+0.541332 | action_z=+0.433735 | magnitude=0.693661 | angle_deg=+38.70 | direction=+Y+Z | turn_angle_deg=170.59
Episode=9 | Step=11 | GlobalStep=944 | Source=WARMUP_RANDOM | action_y=-0.084909 | action_z=+0.447282 | magnitude=0.455270 | angle_deg=+100.75 | direction=+Z | turn_angle_deg=62.05
Episode=9 | Step=12 | GlobalStep=945 | Source=WARMUP_RANDOM | action_y=+0.919512 | action_z=-0.323495 | magnitude=0.974757 | angle_deg=-19.38 | direction=+Y | turn_angle_deg=120.13
Episode=9 | Step=13 | GlobalStep=946 | Source=WARMUP_RANDOM | action_y=-0.606620 | action_z=+0.718529 | magnitude=0.940357 | angle_deg=+130.17 | direction=-Y+Z | turn_angle_deg=149.56
Episode=9 | Step=14 | GlobalStep=947 | Source=WARMUP_RANDOM | action_y=+0.695365 | action_z=+0.162377 | magnitude=0.714072 | angle_deg=+13.14 | direction=+Y | turn_angle_deg=117.03
Episode=9 | Step=15 | GlobalStep=948 | Source=WARMUP_RANDOM | action_y=+0.818070 | action_z=+0.477192 | magnitude=0.947075 | angle_deg=+30.26 | direction=+Y+Z | turn_angle_deg=17.11
Episode=9 | Step=16 | GlobalStep=949 | Source=WARMUP_RANDOM | action_y=-0.463041 | action_z=+0.280481 | magnitude=0.541365 | angle_deg=+148.80 | direction=-Y+Z | turn_angle_deg=118.54
Episode=9 | Step=17 | GlobalStep=950 | Source=WARMUP_RANDOM | action_y=-0.706635 | action_z=-0.063830 | magnitude=0.709512 | angle_deg=-174.84 | direction=-Y | turn_angle_deg=36.37
Episode=9 | Step=18 | GlobalStep=951 | Source=WARMUP_RANDOM | action_y=+0.441375 | action_z=+0.995320 | magnitude=1.088795 | angle_deg=+66.09 | direction=+Y+Z | turn_angle_deg=119.08
Episode=9 | Step=19 | GlobalStep=952 | Source=WARMUP_RANDOM | action_y=+0.020725 | action_z=-0.828858 | magnitude=0.829117 | angle_deg=-88.57 | direction=-Z | turn_angle_deg=154.65
Episode=9 | Step=20 | GlobalStep=953 | Source=WARMUP_RANDOM | action_y=+0.210682 | action_z=-0.878040 | magnitude=0.902963 | angle_deg=-76.51 | direction=-Z | turn_angle_deg=12.06
Episode=9 | Step=21 | GlobalStep=954 | Source=WARMUP_RANDOM | action_y=-0.354553 | action_z=+0.037173 | magnitude=0.356496 | angle_deg=+174.01 | direction=-Y | turn_angle_deg=109.48
Episode=9 | Step=22 | GlobalStep=955 | Source=WARMUP_RANDOM | action_y=-0.640801 | action_z=-0.214661 | magnitude=0.675800 | angle_deg=-161.48 | direction=-Y | turn_angle_deg=24.51
Episode=9 | Step=23 | GlobalStep=956 | Source=WARMUP_RANDOM | action_y=-0.127446 | action_z=-0.721511 | magnitude=0.732681 | angle_deg=-100.02 | direction=-Z | turn_angle_deg=61.46
Episode=9 | Step=24 | GlobalStep=957 | Source=WARMUP_RANDOM | action_y=-0.869445 | action_z=+0.984585 | magnitude=1.313523 | angle_deg=+131.45 | direction=-Y+Z | turn_angle_deg=128.54
Episode=9 | Step=25 | GlobalStep=958 | Source=WARMUP_RANDOM | action_y=-0.721707 | action_z=+0.669918 | magnitude=0.984709 | angle_deg=+137.13 | direction=-Y+Z | turn_angle_deg=5.68
Episode=9 | Step=26 | GlobalStep=959 | Source=WARMUP_RANDOM | action_y=-0.897923 | action_z=-0.089226 | magnitude=0.902346 | angle_deg=-174.33 | direction=-Y | turn_angle_deg=48.54
Episode=9 | Step=27 | GlobalStep=960 | Source=WARMUP_RANDOM | action_y=-0.071826 | action_z=-0.243440 | magnitude=0.253815 | angle_deg=-106.44 | direction=-Z | turn_angle_deg=67.89
Episode=9 | Step=28 | GlobalStep=961 | Source=WARMUP_RANDOM | action_y=+0.794050 | action_z=-0.787580 | magnitude=1.118391 | angle_deg=-44.77 | direction=+Y-Z | turn_angle_deg=61.67
----------------------------------------------------------------------------------------------------
[Episode 9 END] | reason=assembly_success | hole_found=True | assembly_success=True | search_steps=27 | search_time_s=2.70 | yz_path_mm=30.98
====================================================================================================
====================================================================================================
[Episode 10 START]
字段: Episode | Step | GlobalStep | Source | action_y | action_z | magnitude | angle_deg | direction | turn_angle_deg
方向角: +Y=0deg, +Z=+90deg, -Y=+/-180deg, -Z=-90deg
当前实验 sac_action_step = 0.05 mm；实际每轴参考增量 = action × 0.05 mm
----------------------------------------------------------------------------------------------------
Episode=10 | Step=1 | GlobalStep=962 | Source=WARMUP_RANDOM | action_y=+0.368249 | action_z=-0.451799 | magnitude=0.582863 | angle_deg=-50.82 | direction=+Y-Z | turn_angle_deg=N/A
Episode=10 | Step=2 | GlobalStep=963 | Source=WARMUP_RANDOM | action_y=-0.915945 | action_z=-0.047840 | magnitude=0.917193 | angle_deg=-177.01 | direction=-Y | turn_angle_deg=126.19
Episode=10 | Step=3 | GlobalStep=964 | Source=WARMUP_RANDOM | action_y=+0.737536 | action_z=+0.550335 | magnitude=0.920233 | angle_deg=+36.73 | direction=+Y+Z | turn_angle_deg=146.26
Episode=10 | Step=4 | GlobalStep=965 | Source=WARMUP_RANDOM | action_y=-0.683246 | action_z=-0.762318 | magnitude=1.023696 | angle_deg=-131.87 | direction=-Y-Z | turn_angle_deg=168.60
Episode=10 | Step=5 | GlobalStep=966 | Source=WARMUP_RANDOM | action_y=+0.122161 | action_z=-0.113651 | magnitude=0.166853 | angle_deg=-42.93 | direction=+Y-Z | turn_angle_deg=88.94
Episode=10 | Step=6 | GlobalStep=967 | Source=WARMUP_RANDOM | action_y=+0.972676 | action_z=+0.311007 | magnitude=1.021187 | angle_deg=+17.73 | direction=+Y | turn_angle_deg=60.66
Episode=10 | Step=7 | GlobalStep=968 | Source=WARMUP_RANDOM | action_y=+0.331779 | action_z=-0.848103 | magnitude=0.910690 | angle_deg=-68.63 | direction=-Z | turn_angle_deg=86.37
Episode=10 | Step=8 | GlobalStep=969 | Source=WARMUP_RANDOM | action_y=-0.905350 | action_z=-0.952170 | magnitude=1.313882 | angle_deg=-133.56 | direction=-Y-Z | turn_angle_deg=64.92
----------------------------------------------------------------------------------------------------
[Episode 10 END] | reason=assembly_success | hole_found=True | assembly_success=True | search_steps=8 | search_time_s=0.80 | yz_path_mm=21.03
====================================================================================================
====================================================================================================
[Episode 11 START]
字段: Episode | Step | GlobalStep | Source | action_y | action_z | magnitude | angle_deg | direction | turn_angle_deg
方向角: +Y=0deg, +Z=+90deg, -Y=+/-180deg, -Z=-90deg
当前实验 sac_action_step = 0.05 mm；实际每轴参考增量 = action × 0.05 mm
----------------------------------------------------------------------------------------------------
Episode=11 | Step=1 | GlobalStep=970 | Source=WARMUP_RANDOM | action_y=+0.785229 | action_z=-0.719678 | magnitude=1.065139 | angle_deg=-42.51 | direction=+Y-Z | turn_angle_deg=N/A
Episode=11 | Step=2 | GlobalStep=971 | Source=WARMUP_RANDOM | action_y=-0.513436 | action_z=-0.650218 | magnitude=0.828493 | angle_deg=-128.30 | direction=-Y-Z | turn_angle_deg=85.79
Episode=11 | Step=3 | GlobalStep=972 | Source=WARMUP_RANDOM | action_y=+0.258191 | action_z=-0.159241 | magnitude=0.303348 | angle_deg=-31.66 | direction=+Y-Z | turn_angle_deg=96.63
Episode=11 | Step=4 | GlobalStep=973 | Source=WARMUP_RANDOM | action_y=-0.613648 | action_z=-0.773782 | magnitude=0.987574 | angle_deg=-128.42 | direction=-Y-Z | turn_angle_deg=96.75
Episode=11 | Step=5 | GlobalStep=974 | Source=WARMUP_RANDOM | action_y=+0.363280 | action_z=-0.749749 | magnitude=0.833124 | angle_deg=-64.15 | direction=+Y-Z | turn_angle_deg=64.27
Episode=11 | Step=6 | GlobalStep=975 | Source=WARMUP_RANDOM | action_y=+0.359404 | action_z=-0.962800 | magnitude=1.027694 | angle_deg=-69.53 | direction=-Z | turn_angle_deg=5.38
Episode=11 | Step=7 | GlobalStep=976 | Source=WARMUP_RANDOM | action_y=+0.262380 | action_z=+0.824214 | magnitude=0.864969 | angle_deg=+72.34 | direction=+Z | turn_angle_deg=141.87
Episode=11 | Step=8 | GlobalStep=977 | Source=WARMUP_RANDOM | action_y=+0.014343 | action_z=-0.470034 | magnitude=0.470253 | angle_deg=-88.25 | direction=-Z | turn_angle_deg=160.59
Episode=11 | Step=9 | GlobalStep=978 | Source=WARMUP_RANDOM | action_y=-0.063377 | action_z=+0.236240 | magnitude=0.244593 | angle_deg=+105.02 | direction=+Z | turn_angle_deg=166.73
Episode=11 | Step=10 | GlobalStep=979 | Source=WARMUP_RANDOM | action_y=+0.450068 | action_z=+0.081765 | magnitude=0.457435 | angle_deg=+10.30 | direction=+Y | turn_angle_deg=94.72
Episode=11 | Step=11 | GlobalStep=980 | Source=WARMUP_RANDOM | action_y=+0.665954 | action_z=-0.286553 | magnitude=0.724988 | angle_deg=-23.28 | direction=+Y-Z | turn_angle_deg=33.58
Episode=11 | Step=12 | GlobalStep=981 | Source=WARMUP_RANDOM | action_y=-0.672037 | action_z=+0.308007 | magnitude=0.739257 | angle_deg=+155.38 | direction=-Y+Z | turn_angle_deg=178.66
Episode=11 | Step=13 | GlobalStep=982 | Source=WARMUP_RANDOM | action_y=+0.153561 | action_z=-0.144735 | magnitude=0.211020 | angle_deg=-43.31 | direction=+Y-Z | turn_angle_deg=161.32
Episode=11 | Step=14 | GlobalStep=983 | Source=WARMUP_RANDOM | action_y=-0.416578 | action_z=+0.335840 | magnitude=0.535094 | angle_deg=+141.12 | direction=-Y+Z | turn_angle_deg=175.57
Episode=11 | Step=15 | GlobalStep=984 | Source=WARMUP_RANDOM | action_y=+0.918689 | action_z=+0.362062 | magnitude=0.987461 | angle_deg=+21.51 | direction=+Y | turn_angle_deg=119.61
Episode=11 | Step=16 | GlobalStep=985 | Source=WARMUP_RANDOM | action_y=+0.890180 | action_z=+0.043725 | magnitude=0.891253 | angle_deg=+2.81 | direction=+Y | turn_angle_deg=18.70
Episode=11 | Step=17 | GlobalStep=986 | Source=WARMUP_RANDOM | action_y=+0.106368 | action_z=+0.617997 | magnitude=0.627084 | angle_deg=+80.23 | direction=+Z | turn_angle_deg=77.42
Episode=11 | Step=18 | GlobalStep=987 | Source=WARMUP_RANDOM | action_y=-0.408737 | action_z=+0.501305 | magnitude=0.646817 | angle_deg=+129.19 | direction=-Y+Z | turn_angle_deg=48.96
Episode=11 | Step=19 | GlobalStep=988 | Source=WARMUP_RANDOM | action_y=+0.745647 | action_z=+0.075670 | magnitude=0.749477 | angle_deg=+5.79 | direction=+Y | turn_angle_deg=123.40
Episode=11 | Step=20 | GlobalStep=989 | Source=WARMUP_RANDOM | action_y=+0.000317 | action_z=+0.665859 | magnitude=0.665859 | angle_deg=+89.97 | direction=+Z | turn_angle_deg=84.18
Episode=11 | Step=21 | GlobalStep=990 | Source=WARMUP_RANDOM | action_y=-0.634978 | action_z=+0.571315 | magnitude=0.854165 | angle_deg=+138.02 | direction=-Y+Z | turn_angle_deg=48.05
Episode=11 | Step=22 | GlobalStep=991 | Source=WARMUP_RANDOM | action_y=-0.841478 | action_z=+0.149606 | magnitude=0.854674 | angle_deg=+169.92 | direction=-Y | turn_angle_deg=31.90
Episode=11 | Step=23 | GlobalStep=992 | Source=WARMUP_RANDOM | action_y=-0.181859 | action_z=+0.864729 | magnitude=0.883645 | angle_deg=+101.88 | direction=+Z | turn_angle_deg=68.04
Episode=11 | Step=24 | GlobalStep=993 | Source=WARMUP_RANDOM | action_y=-0.208708 | action_z=+0.397176 | magnitude=0.448673 | angle_deg=+117.72 | direction=-Y+Z | turn_angle_deg=15.84
Episode=11 | Step=25 | GlobalStep=994 | Source=WARMUP_RANDOM | action_y=-0.158904 | action_z=+0.435513 | magnitude=0.463597 | angle_deg=+110.05 | direction=+Z | turn_angle_deg=7.68
Episode=11 | Step=26 | GlobalStep=995 | Source=WARMUP_RANDOM | action_y=-0.056641 | action_z=-0.148568 | magnitude=0.158999 | angle_deg=-110.87 | direction=-Z | turn_angle_deg=139.09
Episode=11 | Step=27 | GlobalStep=996 | Source=WARMUP_RANDOM | action_y=-0.922421 | action_z=-0.301281 | magnitude=0.970377 | angle_deg=-161.91 | direction=-Y | turn_angle_deg=51.04
Episode=11 | Step=28 | GlobalStep=997 | Source=WARMUP_RANDOM | action_y=-0.319368 | action_z=+0.262388 | magnitude=0.413332 | angle_deg=+140.59 | direction=-Y+Z | turn_angle_deg=57.49
Episode=11 | Step=29 | GlobalStep=998 | Source=WARMUP_RANDOM | action_y=-0.119780 | action_z=+0.582602 | magnitude=0.594787 | angle_deg=+101.62 | direction=+Z | turn_angle_deg=38.98
Episode=11 | Step=30 | GlobalStep=999 | Source=WARMUP_RANDOM | action_y=+0.894989 | action_z=-0.608557 | magnitude=1.082288 | angle_deg=-34.21 | direction=+Y-Z | turn_angle_deg=135.83
Episode=11 | Step=31 | GlobalStep=1000 | Source=WARMUP_RANDOM | action_y=-0.436391 | action_z=-0.872077 | magnitude=0.975169 | angle_deg=-116.58 | direction=-Y-Z | turn_angle_deg=82.37
Episode=11 | Step=32 | GlobalStep=1001 | Source=WARMUP_RANDOM | action_y=+0.828765 | action_z=-0.952631 | magnitude=1.262679 | angle_deg=-48.98 | direction=+Y-Z | turn_angle_deg=67.61
Episode=11 | Step=33 | GlobalStep=1002 | Source=WARMUP_RANDOM | action_y=+0.699470 | action_z=-0.223216 | magnitude=0.734223 | angle_deg=-17.70 | direction=+Y | turn_angle_deg=31.28
Episode=11 | Step=34 | GlobalStep=1003 | Source=WARMUP_RANDOM | action_y=+0.063615 | action_z=-0.991206 | magnitude=0.993246 | angle_deg=-86.33 | direction=-Z | turn_angle_deg=68.63
Episode=11 | Step=35 | GlobalStep=1004 | Source=WARMUP_RANDOM | action_y=+0.818954 | action_z=-0.367961 | magnitude=0.897821 | angle_deg=-24.19 | direction=+Y-Z | turn_angle_deg=62.13
Episode=11 | Step=36 | GlobalStep=1005 | Source=WARMUP_RANDOM | action_y=-0.116567 | action_z=-0.703722 | magnitude=0.713311 | angle_deg=-99.41 | direction=-Z | turn_angle_deg=75.21
Episode=11 | Step=37 | GlobalStep=1006 | Source=WARMUP_RANDOM | action_y=-0.085412 | action_z=+0.842131 | magnitude=0.846451 | angle_deg=+95.79 | direction=+Z | turn_angle_deg=164.80
Episode=11 | Step=38 | GlobalStep=1007 | Source=WARMUP_RANDOM | action_y=-0.805388 | action_z=+0.162548 | magnitude=0.821628 | angle_deg=+168.59 | direction=-Y | turn_angle_deg=72.80
Episode=11 | Step=39 | GlobalStep=1008 | Source=WARMUP_RANDOM | action_y=+0.829250 | action_z=-0.778534 | magnitude=1.137440 | angle_deg=-43.19 | direction=+Y-Z | turn_angle_deg=148.22
Episode=11 | Step=40 | GlobalStep=1009 | Source=WARMUP_RANDOM | action_y=-0.154198 | action_z=-0.675147 | magnitude=0.692532 | angle_deg=-102.87 | direction=-Z | turn_angle_deg=59.67
Episode=11 | Step=41 | GlobalStep=1010 | Source=WARMUP_RANDOM | action_y=-0.311728 | action_z=+0.230941 | magnitude=0.387954 | angle_deg=+143.47 | direction=-Y+Z | turn_angle_deg=113.67
Episode=11 | Step=42 | GlobalStep=1011 | Source=WARMUP_RANDOM | action_y=-0.774716 | action_z=-0.411863 | magnitude=0.877392 | angle_deg=-152.00 | direction=-Y-Z | turn_angle_deg=64.53
Episode=11 | Step=43 | GlobalStep=1012 | Source=WARMUP_RANDOM | action_y=-0.222196 | action_z=-0.227547 | magnitude=0.318039 | angle_deg=-134.32 | direction=-Y-Z | turn_angle_deg=17.69
Episode=11 | Step=44 | GlobalStep=1013 | Source=WARMUP_RANDOM | action_y=+0.501028 | action_z=+0.682314 | magnitude=0.846512 | angle_deg=+53.71 | direction=+Y+Z | turn_angle_deg=171.97
Episode=11 | Step=45 | GlobalStep=1014 | Source=WARMUP_RANDOM | action_y=-0.913849 | action_z=+0.762662 | magnitude=1.190283 | angle_deg=+140.15 | direction=-Y+Z | turn_angle_deg=86.44
Episode=11 | Step=46 | GlobalStep=1015 | Source=WARMUP_RANDOM | action_y=-0.414389 | action_z=+0.542429 | magnitude=0.682603 | angle_deg=+127.38 | direction=-Y+Z | turn_angle_deg=12.77
Episode=11 | Step=47 | GlobalStep=1016 | Source=WARMUP_RANDOM | action_y=+0.232193 | action_z=-0.924691 | magnitude=0.953397 | angle_deg=-75.90 | direction=-Z | turn_angle_deg=156.72
Episode=11 | Step=48 | GlobalStep=1017 | Source=WARMUP_RANDOM | action_y=-0.752050 | action_z=-0.736302 | magnitude=1.052483 | angle_deg=-135.61 | direction=-Y-Z | turn_angle_deg=59.70
Episode=11 | Step=49 | GlobalStep=1018 | Source=WARMUP_RANDOM | action_y=-0.676383 | action_z=-0.977644 | magnitude=1.188815 | angle_deg=-124.68 | direction=-Y-Z | turn_angle_deg=10.93
Episode=11 | Step=50 | GlobalStep=1019 | Source=WARMUP_RANDOM | action_y=-0.279117 | action_z=+0.899330 | magnitude=0.941648 | angle_deg=+107.24 | direction=+Z | turn_angle_deg=128.08
Episode=11 | Step=51 | GlobalStep=1020 | Source=WARMUP_RANDOM | action_y=+0.943890 | action_z=+0.840701 | magnitude=1.264004 | angle_deg=+41.69 | direction=+Y+Z | turn_angle_deg=65.55
Episode=11 | Step=52 | GlobalStep=1021 | Source=WARMUP_RANDOM | action_y=-0.864315 | action_z=-0.328177 | magnitude=0.924522 | angle_deg=-159.21 | direction=-Y | turn_angle_deg=159.10
Episode=11 | Step=53 | GlobalStep=1022 | Source=WARMUP_RANDOM | action_y=+0.863451 | action_z=-0.988090 | magnitude=1.312200 | angle_deg=-48.85 | direction=+Y-Z | turn_angle_deg=110.36
Episode=11 | Step=54 | GlobalStep=1023 | Source=WARMUP_RANDOM | action_y=-0.961408 | action_z=-0.566713 | magnitude=1.116006 | angle_deg=-149.48 | direction=-Y-Z | turn_angle_deg=100.63
Episode=11 | Step=55 | GlobalStep=1024 | Source=WARMUP_RANDOM | action_y=-0.837067 | action_z=+0.524330 | magnitude=0.987726 | angle_deg=+147.94 | direction=-Y+Z | turn_angle_deg=62.58
Episode=11 | Step=56 | GlobalStep=1025 | Source=WARMUP_RANDOM | action_y=-0.619372 | action_z=+0.152768 | magnitude=0.637934 | angle_deg=+166.14 | direction=-Y | turn_angle_deg=18.21
Episode=11 | Step=57 | GlobalStep=1026 | Source=WARMUP_RANDOM | action_y=-0.594288 | action_z=-0.289206 | magnitude=0.660922 | angle_deg=-154.05 | direction=-Y-Z | turn_angle_deg=39.81
Episode=11 | Step=58 | GlobalStep=1027 | Source=WARMUP_RANDOM | action_y=+0.498482 | action_z=-0.357120 | magnitude=0.613204 | angle_deg=-35.62 | direction=+Y-Z | turn_angle_deg=118.43
Episode=11 | Step=59 | GlobalStep=1028 | Source=WARMUP_RANDOM | action_y=+0.176434 | action_z=+0.042373 | magnitude=0.181451 | angle_deg=+13.50 | direction=+Y | turn_angle_deg=49.12
Episode=11 | Step=60 | GlobalStep=1029 | Source=WARMUP_RANDOM | action_y=+0.518753 | action_z=-0.472391 | magnitude=0.701611 | angle_deg=-42.32 | direction=+Y-Z | turn_angle_deg=55.83
Episode=11 | Step=61 | GlobalStep=1030 | Source=WARMUP_RANDOM | action_y=+0.092618 | action_z=-0.276172 | magnitude=0.291289 | angle_deg=-71.46 | direction=-Z | turn_angle_deg=29.14
Episode=11 | Step=62 | GlobalStep=1031 | Source=WARMUP_RANDOM | action_y=+0.975800 | action_z=+0.865807 | magnitude=1.304534 | angle_deg=+41.58 | direction=+Y+Z | turn_angle_deg=113.04
Episode=11 | Step=63 | GlobalStep=1032 | Source=WARMUP_RANDOM | action_y=+0.613100 | action_z=-0.704958 | magnitude=0.934268 | angle_deg=-48.99 | direction=+Y-Z | turn_angle_deg=90.57
Episode=11 | Step=64 | GlobalStep=1033 | Source=WARMUP_RANDOM | action_y=-0.400316 | action_z=+0.257461 | magnitude=0.475961 | angle_deg=+147.25 | direction=-Y+Z | turn_angle_deg=163.76
Episode=11 | Step=65 | GlobalStep=1034 | Source=WARMUP_RANDOM | action_y=-0.970927 | action_z=-0.308212 | magnitude=1.018672 | angle_deg=-162.39 | direction=-Y | turn_angle_deg=50.36
Episode=11 | Step=66 | GlobalStep=1035 | Source=WARMUP_RANDOM | action_y=-0.602305 | action_z=+0.841631 | magnitude=1.034947 | angle_deg=+125.59 | direction=-Y+Z | turn_angle_deg=72.02
Episode=11 | Step=67 | GlobalStep=1036 | Source=WARMUP_RANDOM | action_y=-0.228679 | action_z=-0.569366 | magnitude=0.613573 | angle_deg=-111.88 | direction=-Z | turn_angle_deg=122.53
Episode=11 | Step=68 | GlobalStep=1037 | Source=WARMUP_RANDOM | action_y=-0.761263 | action_z=-0.656000 | magnitude=1.004917 | angle_deg=-139.25 | direction=-Y-Z | turn_angle_deg=27.37
Episode=11 | Step=69 | GlobalStep=1038 | Source=WARMUP_RANDOM | action_y=+0.802366 | action_z=+0.299745 | magnitude=0.856527 | angle_deg=+20.48 | direction=+Y | turn_angle_deg=159.73
Episode=11 | Step=70 | GlobalStep=1039 | Source=WARMUP_RANDOM | action_y=-0.209219 | action_z=+0.511462 | magnitude=0.552599 | angle_deg=+112.25 | direction=+Z | turn_angle_deg=91.76
Episode=11 | Step=71 | GlobalStep=1040 | Source=WARMUP_RANDOM | action_y=-0.898270 | action_z=+0.995046 | magnitude=1.340525 | angle_deg=+132.07 | direction=-Y+Z | turn_angle_deg=19.83
Episode=11 | Step=72 | GlobalStep=1041 | Source=WARMUP_RANDOM | action_y=+0.662746 | action_z=+0.580140 | magnitude=0.880792 | angle_deg=+41.20 | direction=+Y+Z | turn_angle_deg=90.88
Episode=11 | Step=73 | GlobalStep=1042 | Source=WARMUP_RANDOM | action_y=+0.229729 | action_z=-0.867500 | magnitude=0.897402 | angle_deg=-75.17 | direction=-Z | turn_angle_deg=116.37
Episode=11 | Step=74 | GlobalStep=1043 | Source=WARMUP_RANDOM | action_y=-0.863515 | action_z=-0.699987 | magnitude=1.111594 | angle_deg=-140.97 | direction=-Y-Z | turn_angle_deg=65.80
Episode=11 | Step=75 | GlobalStep=1044 | Source=WARMUP_RANDOM | action_y=+0.654869 | action_z=+0.298673 | magnitude=0.719763 | angle_deg=+24.52 | direction=+Y+Z | turn_angle_deg=165.49
Episode=11 | Step=76 | GlobalStep=1045 | Source=WARMUP_RANDOM | action_y=-0.374623 | action_z=-0.567126 | magnitude=0.679687 | angle_deg=-123.45 | direction=-Y-Z | turn_angle_deg=147.96
Episode=11 | Step=77 | GlobalStep=1046 | Source=WARMUP_RANDOM | action_y=+0.112277 | action_z=-0.042826 | magnitude=0.120167 | angle_deg=-20.88 | direction=+Y | turn_angle_deg=102.57
Episode=11 | Step=78 | GlobalStep=1047 | Source=WARMUP_RANDOM | action_y=+0.214015 | action_z=+0.751496 | magnitude=0.781376 | angle_deg=+74.10 | direction=+Z | turn_angle_deg=94.98
Episode=11 | Step=79 | GlobalStep=1048 | Source=WARMUP_RANDOM | action_y=+0.019019 | action_z=+0.984861 | magnitude=0.985045 | angle_deg=+88.89 | direction=+Z | turn_angle_deg=14.79
Episode=11 | Step=80 | GlobalStep=1049 | Source=WARMUP_RANDOM | action_y=-0.537234 | action_z=+0.335107 | magnitude=0.633180 | angle_deg=+148.05 | direction=-Y+Z | turn_angle_deg=59.15
Episode=11 | Step=81 | GlobalStep=1050 | Source=WARMUP_RANDOM | action_y=-0.937140 | action_z=-0.882111 | magnitude=1.286993 | angle_deg=-136.73 | direction=-Y-Z | turn_angle_deg=75.22
Episode=11 | Step=82 | GlobalStep=1051 | Source=WARMUP_RANDOM | action_y=+0.681676 | action_z=-0.329410 | magnitude=0.757096 | angle_deg=-25.79 | direction=+Y-Z | turn_angle_deg=110.94
Episode=11 | Step=83 | GlobalStep=1052 | Source=WARMUP_RANDOM | action_y=+0.365403 | action_z=+0.214535 | magnitude=0.423727 | angle_deg=+30.42 | direction=+Y+Z | turn_angle_deg=56.21
Episode=11 | Step=84 | GlobalStep=1053 | Source=WARMUP_RANDOM | action_y=+0.398667 | action_z=+0.047347 | magnitude=0.401469 | angle_deg=+6.77 | direction=+Y | turn_angle_deg=23.64
Episode=11 | Step=85 | GlobalStep=1054 | Source=WARMUP_RANDOM | action_y=+0.112818 | action_z=-0.229137 | magnitude=0.255405 | angle_deg=-63.79 | direction=+Y-Z | turn_angle_deg=70.56
Episode=11 | Step=86 | GlobalStep=1055 | Source=WARMUP_RANDOM | action_y=+0.838322 | action_z=-0.332244 | magnitude=0.901759 | angle_deg=-21.62 | direction=+Y | turn_angle_deg=42.17
Episode=11 | Step=87 | GlobalStep=1056 | Source=WARMUP_RANDOM | action_y=-0.733380 | action_z=-0.046642 | magnitude=0.734862 | angle_deg=-176.36 | direction=-Y | turn_angle_deg=154.74
Episode=11 | Step=88 | GlobalStep=1057 | Source=WARMUP_RANDOM | action_y=-0.502807 | action_z=+0.522617 | magnitude=0.725220 | angle_deg=+133.89 | direction=-Y+Z | turn_angle_deg=49.75
Episode=11 | Step=89 | GlobalStep=1058 | Source=WARMUP_RANDOM | action_y=+0.681316 | action_z=-0.498887 | magnitude=0.844440 | angle_deg=-36.21 | direction=+Y-Z | turn_angle_deg=170.11
Episode=11 | Step=90 | GlobalStep=1059 | Source=WARMUP_RANDOM | action_y=+0.083739 | action_z=+0.995419 | magnitude=0.998935 | angle_deg=+85.19 | direction=+Z | turn_angle_deg=121.40
Episode=11 | Step=91 | GlobalStep=1060 | Source=WARMUP_RANDOM | action_y=-0.198369 | action_z=-0.028392 | magnitude=0.200390 | angle_deg=-171.85 | direction=-Y | turn_angle_deg=102.95
Episode=11 | Step=92 | GlobalStep=1061 | Source=WARMUP_RANDOM | action_y=+0.832035 | action_z=-0.516641 | magnitude=0.979387 | angle_deg=-31.84 | direction=+Y-Z | turn_angle_deg=140.02
Episode=11 | Step=93 | GlobalStep=1062 | Source=WARMUP_RANDOM | action_y=-0.183464 | action_z=+0.188238 | magnitude=0.262854 | angle_deg=+134.26 | direction=-Y+Z | turn_angle_deg=166.10
Episode=11 | Step=94 | GlobalStep=1063 | Source=WARMUP_RANDOM | action_y=-0.299437 | action_z=+0.172883 | magnitude=0.345762 | angle_deg=+150.00 | direction=-Y+Z | turn_angle_deg=15.74
Episode=11 | Step=95 | GlobalStep=1064 | Source=WARMUP_RANDOM | action_y=-0.435157 | action_z=-0.147776 | magnitude=0.459564 | angle_deg=-161.24 | direction=-Y | turn_angle_deg=48.76
Episode=11 | Step=96 | GlobalStep=1065 | Source=WARMUP_RANDOM | action_y=-0.886955 | action_z=-0.739542 | magnitude=1.154821 | angle_deg=-140.18 | direction=-Y-Z | turn_angle_deg=21.06
Episode=11 | Step=97 | GlobalStep=1066 | Source=WARMUP_RANDOM | action_y=-0.101017 | action_z=-0.420561 | magnitude=0.432523 | angle_deg=-103.51 | direction=-Z | turn_angle_deg=36.67
Episode=11 | Step=98 | GlobalStep=1067 | Source=WARMUP_RANDOM | action_y=-0.529578 | action_z=-0.312025 | magnitude=0.614664 | angle_deg=-149.49 | direction=-Y-Z | turn_angle_deg=45.99
Episode=11 | Step=99 | GlobalStep=1068 | Source=WARMUP_RANDOM | action_y=+0.976355 | action_z=+0.430652 | magnitude=1.067113 | angle_deg=+23.80 | direction=+Y+Z | turn_angle_deg=173.29
Episode=11 | Step=100 | GlobalStep=1069 | Source=WARMUP_RANDOM | action_y=+0.505486 | action_z=-0.809537 | magnitude=0.954393 | angle_deg=-58.02 | direction=+Y-Z | turn_angle_deg=81.82
Episode=11 | Step=101 | GlobalStep=1070 | Source=WARMUP_RANDOM | action_y=-0.769581 | action_z=-0.129433 | magnitude=0.780389 | angle_deg=-170.45 | direction=-Y | turn_angle_deg=112.43
Episode=11 | Step=102 | GlobalStep=1071 | Source=WARMUP_RANDOM | action_y=-0.243036 | action_z=-0.984586 | magnitude=1.014138 | angle_deg=-103.87 | direction=-Z | turn_angle_deg=66.59
Episode=11 | Step=103 | GlobalStep=1072 | Source=WARMUP_RANDOM | action_y=+0.395742 | action_z=+0.899320 | magnitude=0.982542 | angle_deg=+66.25 | direction=+Y+Z | turn_angle_deg=170.11
Episode=11 | Step=104 | GlobalStep=1073 | Source=WARMUP_RANDOM | action_y=-0.919830 | action_z=-0.214100 | magnitude=0.944419 | angle_deg=-166.90 | direction=-Y | turn_angle_deg=126.85
Episode=11 | Step=105 | GlobalStep=1074 | Source=WARMUP_RANDOM | action_y=+0.365858 | action_z=+0.852002 | magnitude=0.927233 | angle_deg=+66.76 | direction=+Y+Z | turn_angle_deg=126.34
Episode=11 | Step=106 | GlobalStep=1075 | Source=WARMUP_RANDOM | action_y=-0.448547 | action_z=+0.317082 | magnitude=0.549305 | angle_deg=+144.74 | direction=-Y+Z | turn_angle_deg=77.98
Episode=11 | Step=107 | GlobalStep=1076 | Source=WARMUP_RANDOM | action_y=+0.263910 | action_z=-0.816533 | magnitude=0.858123 | angle_deg=-72.09 | direction=-Z | turn_angle_deg=143.17
Episode=11 | Step=108 | GlobalStep=1077 | Source=WARMUP_RANDOM | action_y=-0.798438 | action_z=-0.940222 | magnitude=1.233499 | angle_deg=-130.34 | direction=-Y-Z | turn_angle_deg=58.25
Episode=11 | Step=109 | GlobalStep=1078 | Source=WARMUP_RANDOM | action_y=-0.002097 | action_z=-0.346446 | magnitude=0.346452 | angle_deg=-90.35 | direction=-Z | turn_angle_deg=39.99
Episode=11 | Step=110 | GlobalStep=1079 | Source=WARMUP_RANDOM | action_y=+0.891308 | action_z=-0.663031 | magnitude=1.110874 | angle_deg=-36.65 | direction=+Y-Z | turn_angle_deg=53.70
Episode=11 | Step=111 | GlobalStep=1080 | Source=WARMUP_RANDOM | action_y=-0.269836 | action_z=-0.859190 | magnitude=0.900566 | angle_deg=-107.44 | direction=-Z | turn_angle_deg=70.79
Episode=11 | Step=112 | GlobalStep=1081 | Source=WARMUP_RANDOM | action_y=+0.323413 | action_z=+0.173745 | magnitude=0.367128 | angle_deg=+28.25 | direction=+Y+Z | turn_angle_deg=135.68
Episode=11 | Step=113 | GlobalStep=1082 | Source=WARMUP_RANDOM | action_y=+0.540314 | action_z=+0.191427 | magnitude=0.573222 | angle_deg=+19.51 | direction=+Y | turn_angle_deg=8.74
Episode=11 | Step=114 | GlobalStep=1083 | Source=WARMUP_RANDOM | action_y=+0.374233 | action_z=+0.588342 | magnitude=0.697278 | angle_deg=+57.54 | direction=+Y+Z | turn_angle_deg=38.03
Episode=11 | Step=115 | GlobalStep=1084 | Source=WARMUP_RANDOM | action_y=-0.958638 | action_z=+0.898647 | magnitude=1.313984 | angle_deg=+136.85 | direction=-Y+Z | turn_angle_deg=79.31
Episode=11 | Step=116 | GlobalStep=1085 | Source=WARMUP_RANDOM | action_y=-0.322850 | action_z=+0.947467 | magnitude=1.000963 | angle_deg=+108.82 | direction=+Z | turn_angle_deg=28.03
Episode=11 | Step=117 | GlobalStep=1086 | Source=WARMUP_RANDOM | action_y=-0.557143 | action_z=+0.633985 | magnitude=0.844005 | angle_deg=+131.31 | direction=-Y+Z | turn_angle_deg=22.49
Episode=11 | Step=118 | GlobalStep=1087 | Source=WARMUP_RANDOM | action_y=+0.789948 | action_z=+0.845771 | magnitude=1.157302 | angle_deg=+46.95 | direction=+Y+Z | turn_angle_deg=84.35
Episode=11 | Step=119 | GlobalStep=1088 | Source=WARMUP_RANDOM | action_y=-0.065622 | action_z=-0.211927 | magnitude=0.221854 | angle_deg=-107.20 | direction=-Z | turn_angle_deg=154.16
Episode=11 | Step=120 | GlobalStep=1089 | Source=WARMUP_RANDOM | action_y=-0.439565 | action_z=+0.528944 | magnitude=0.687749 | angle_deg=+129.73 | direction=-Y+Z | turn_angle_deg=123.07
Episode=11 | Step=121 | GlobalStep=1090 | Source=WARMUP_RANDOM | action_y=+0.017388 | action_z=+0.326062 | magnitude=0.326525 | angle_deg=+86.95 | direction=+Z | turn_angle_deg=42.78
Episode=11 | Step=122 | GlobalStep=1091 | Source=WARMUP_RANDOM | action_y=+0.251937 | action_z=+0.088465 | magnitude=0.267018 | angle_deg=+19.35 | direction=+Y | turn_angle_deg=67.60
Episode=11 | Step=123 | GlobalStep=1092 | Source=WARMUP_RANDOM | action_y=-0.589533 | action_z=+0.255238 | magnitude=0.642414 | angle_deg=+156.59 | direction=-Y+Z | turn_angle_deg=137.24
Episode=11 | Step=124 | GlobalStep=1093 | Source=WARMUP_RANDOM | action_y=-0.015984 | action_z=-0.699585 | magnitude=0.699767 | angle_deg=-91.31 | direction=-Z | turn_angle_deg=112.10
Episode=11 | Step=125 | GlobalStep=1094 | Source=WARMUP_RANDOM | action_y=-0.335795 | action_z=+0.099783 | magnitude=0.350307 | angle_deg=+163.45 | direction=-Y | turn_angle_deg=105.24
Episode=11 | Step=126 | GlobalStep=1095 | Source=WARMUP_RANDOM | action_y=-0.685985 | action_z=+0.419128 | magnitude=0.803893 | angle_deg=+148.58 | direction=-Y+Z | turn_angle_deg=14.87
Episode=11 | Step=127 | GlobalStep=1096 | Source=WARMUP_RANDOM | action_y=-0.099387 | action_z=+0.452448 | magnitude=0.463235 | angle_deg=+102.39 | direction=+Z | turn_angle_deg=46.19
Episode=11 | Step=128 | GlobalStep=1097 | Source=WARMUP_RANDOM | action_y=-0.682734 | action_z=-0.661571 | magnitude=0.950685 | angle_deg=-135.90 | direction=-Y-Z | turn_angle_deg=121.71
Episode=11 | Step=129 | GlobalStep=1098 | Source=WARMUP_RANDOM | action_y=+0.125548 | action_z=-0.228087 | magnitude=0.260357 | angle_deg=-61.17 | direction=+Y-Z | turn_angle_deg=74.73
Episode=11 | Step=130 | GlobalStep=1099 | Source=WARMUP_RANDOM | action_y=+0.648176 | action_z=+0.262838 | magnitude=0.699440 | angle_deg=+22.07 | direction=+Y | turn_angle_deg=83.24
Episode=11 | Step=131 | GlobalStep=1100 | Source=WARMUP_RANDOM | action_y=+0.057828 | action_z=-0.163284 | magnitude=0.173222 | angle_deg=-70.50 | direction=-Z | turn_angle_deg=92.57
Episode=11 | Step=132 | GlobalStep=1101 | Source=WARMUP_RANDOM | action_y=-0.905498 | action_z=-0.007755 | magnitude=0.905531 | angle_deg=-179.51 | direction=-Y | turn_angle_deg=109.01
Episode=11 | Step=133 | GlobalStep=1102 | Source=WARMUP_RANDOM | action_y=-0.502285 | action_z=-0.841042 | magnitude=0.979612 | angle_deg=-120.85 | direction=-Y-Z | turn_angle_deg=58.66
Episode=11 | Step=134 | GlobalStep=1103 | Source=WARMUP_RANDOM | action_y=-0.597018 | action_z=+0.611198 | magnitude=0.854397 | angle_deg=+134.33 | direction=-Y+Z | turn_angle_deg=104.83
Episode=11 | Step=135 | GlobalStep=1104 | Source=WARMUP_RANDOM | action_y=-0.623123 | action_z=-0.335348 | magnitude=0.707630 | angle_deg=-151.71 | direction=-Y-Z | turn_angle_deg=73.96
Episode=11 | Step=136 | GlobalStep=1105 | Source=WARMUP_RANDOM | action_y=-0.255066 | action_z=-0.204959 | magnitude=0.327210 | angle_deg=-141.22 | direction=-Y-Z | turn_angle_deg=10.50
Episode=11 | Step=137 | GlobalStep=1106 | Source=WARMUP_RANDOM | action_y=+0.695517 | action_z=+0.696856 | magnitude=0.984557 | angle_deg=+45.06 | direction=+Y+Z | turn_angle_deg=173.73
Episode=11 | Step=138 | GlobalStep=1107 | Source=WARMUP_RANDOM | action_y=+0.334053 | action_z=-0.204370 | magnitude=0.391610 | angle_deg=-31.46 | direction=+Y-Z | turn_angle_deg=76.51
Episode=11 | Step=139 | GlobalStep=1108 | Source=WARMUP_RANDOM | action_y=-0.636007 | action_z=-0.476053 | magnitude=0.794438 | angle_deg=-143.19 | direction=-Y-Z | turn_angle_deg=111.73
Episode=11 | Step=140 | GlobalStep=1109 | Source=WARMUP_RANDOM | action_y=-0.538041 | action_z=-0.483399 | magnitude=0.723300 | angle_deg=-138.06 | direction=-Y-Z | turn_angle_deg=5.12
Episode=11 | Step=141 | GlobalStep=1110 | Source=WARMUP_RANDOM | action_y=+0.552731 | action_z=-0.647458 | magnitude=0.851301 | angle_deg=-49.51 | direction=+Y-Z | turn_angle_deg=88.55
Episode=11 | Step=142 | GlobalStep=1111 | Source=WARMUP_RANDOM | action_y=-0.731748 | action_z=-0.432261 | magnitude=0.849885 | angle_deg=-149.43 | direction=-Y-Z | turn_angle_deg=99.92
Episode=11 | Step=143 | GlobalStep=1112 | Source=WARMUP_RANDOM | action_y=+0.661077 | action_z=+0.700336 | magnitude=0.963065 | angle_deg=+46.65 | direction=+Y+Z | turn_angle_deg=163.92
Episode=11 | Step=144 | GlobalStep=1113 | Source=WARMUP_RANDOM | action_y=-0.746312 | action_z=+0.752905 | magnitude=1.060117 | angle_deg=+134.75 | direction=-Y+Z | turn_angle_deg=88.10
Episode=11 | Step=145 | GlobalStep=1114 | Source=WARMUP_RANDOM | action_y=-0.616724 | action_z=+0.083986 | magnitude=0.622416 | angle_deg=+172.25 | direction=-Y | turn_angle_deg=37.50
Episode=11 | Step=146 | GlobalStep=1115 | Source=WARMUP_RANDOM | action_y=-0.813972 | action_z=+0.852873 | magnitude=1.178958 | angle_deg=+133.66 | direction=-Y+Z | turn_angle_deg=38.58
Episode=11 | Step=147 | GlobalStep=1116 | Source=WARMUP_RANDOM | action_y=+0.301179 | action_z=-0.474436 | magnitude=0.561959 | angle_deg=-57.59 | direction=+Y-Z | turn_angle_deg=168.74
Episode=11 | Step=148 | GlobalStep=1117 | Source=WARMUP_RANDOM | action_y=-0.490283 | action_z=-0.267025 | magnitude=0.558283 | angle_deg=-151.43 | direction=-Y-Z | turn_angle_deg=93.83
Episode=11 | Step=149 | GlobalStep=1118 | Source=WARMUP_RANDOM | action_y=+0.391243 | action_z=+0.540163 | magnitude=0.666969 | angle_deg=+54.08 | direction=+Y+Z | turn_angle_deg=154.49
Episode=11 | Step=150 | GlobalStep=1119 | Source=WARMUP_RANDOM | action_y=+0.070142 | action_z=-0.624230 | magnitude=0.628158 | angle_deg=-83.59 | direction=-Z | turn_angle_deg=137.67
Episode=11 | Step=151 | GlobalStep=1120 | Source=WARMUP_RANDOM | action_y=-0.262937 | action_z=-0.520514 | magnitude=0.583156 | angle_deg=-116.80 | direction=-Y-Z | turn_angle_deg=33.21
Episode=11 | Step=152 | GlobalStep=1121 | Source=WARMUP_RANDOM | action_y=-0.393541 | action_z=+0.447001 | magnitude=0.595553 | angle_deg=+131.36 | direction=-Y+Z | turn_angle_deg=111.84
Episode=11 | Step=153 | GlobalStep=1122 | Source=WARMUP_RANDOM | action_y=+0.241155 | action_z=-0.839698 | magnitude=0.873641 | angle_deg=-73.98 | direction=-Z | turn_angle_deg=154.66
Episode=11 | Step=154 | GlobalStep=1123 | Source=WARMUP_RANDOM | action_y=+0.437218 | action_z=-0.601105 | magnitude=0.743295 | angle_deg=-53.97 | direction=+Y-Z | turn_angle_deg=20.01
Episode=11 | Step=155 | GlobalStep=1124 | Source=WARMUP_RANDOM | action_y=-0.540505 | action_z=-0.766437 | magnitude=0.937855 | angle_deg=-125.19 | direction=-Y-Z | turn_angle_deg=71.22
Episode=11 | Step=156 | GlobalStep=1125 | Source=WARMUP_RANDOM | action_y=-0.699851 | action_z=+0.365534 | magnitude=0.789561 | angle_deg=+152.42 | direction=-Y+Z | turn_angle_deg=82.39
Episode=11 | Step=157 | GlobalStep=1126 | Source=WARMUP_RANDOM | action_y=+0.442482 | action_z=-0.920086 | magnitude=1.020955 | angle_deg=-64.32 | direction=+Y-Z | turn_angle_deg=143.26
Episode=11 | Step=158 | GlobalStep=1127 | Source=WARMUP_RANDOM | action_y=+0.213819 | action_z=-0.557871 | magnitude=0.597444 | angle_deg=-69.03 | direction=-Z | turn_angle_deg=4.71
Episode=11 | Step=159 | GlobalStep=1128 | Source=WARMUP_RANDOM | action_y=+0.982080 | action_z=-0.205769 | magnitude=1.003405 | angle_deg=-11.83 | direction=+Y | turn_angle_deg=57.20
Episode=11 | Step=160 | GlobalStep=1129 | Source=WARMUP_RANDOM | action_y=+0.126572 | action_z=-0.740999 | magnitude=0.751732 | angle_deg=-80.31 | direction=-Z | turn_angle_deg=68.47
Episode=11 | Step=161 | GlobalStep=1130 | Source=WARMUP_RANDOM | action_y=-0.133394 | action_z=+0.821614 | magnitude=0.832372 | angle_deg=+99.22 | direction=+Z | turn_angle_deg=179.53
Episode=11 | Step=162 | GlobalStep=1131 | Source=WARMUP_RANDOM | action_y=-0.539309 | action_z=-0.168751 | magnitude=0.565094 | angle_deg=-162.63 | direction=-Y | turn_angle_deg=98.15
Episode=11 | Step=163 | GlobalStep=1132 | Source=WARMUP_RANDOM | action_y=-0.215814 | action_z=-0.934810 | magnitude=0.959398 | angle_deg=-103.00 | direction=-Z | turn_angle_deg=59.63
Episode=11 | Step=164 | GlobalStep=1133 | Source=WARMUP_RANDOM | action_y=-0.244045 | action_z=+0.435164 | magnitude=0.498925 | angle_deg=+119.28 | direction=-Y+Z | turn_angle_deg=137.72
Episode=11 | Step=165 | GlobalStep=1134 | Source=WARMUP_RANDOM | action_y=-0.801252 | action_z=-0.435799 | magnitude=0.912100 | angle_deg=-151.46 | direction=-Y-Z | turn_angle_deg=89.26
Episode=11 | Step=166 | GlobalStep=1135 | Source=WARMUP_RANDOM | action_y=+0.569020 | action_z=+0.246027 | magnitude=0.619930 | angle_deg=+23.38 | direction=+Y+Z | turn_angle_deg=174.84
Episode=11 | Step=167 | GlobalStep=1136 | Source=WARMUP_RANDOM | action_y=-0.622054 | action_z=-0.894398 | magnitude=1.089449 | angle_deg=-124.82 | direction=-Y-Z | turn_angle_deg=148.20
Episode=11 | Step=168 | GlobalStep=1137 | Source=WARMUP_RANDOM | action_y=+0.972372 | action_z=+0.664256 | magnitude=1.177600 | angle_deg=+34.34 | direction=+Y+Z | turn_angle_deg=159.16
Episode=11 | Step=169 | GlobalStep=1138 | Source=WARMUP_RANDOM | action_y=-0.086967 | action_z=-0.029683 | magnitude=0.091893 | angle_deg=-161.15 | direction=-Y | turn_angle_deg=164.51
----------------------------------------------------------------------------------------------------
[Episode 11 END] | reason=assembly_success | hole_found=True | assembly_success=True | search_steps=168 | search_time_s=16.80 | yz_path_mm=237.18
====================================================================================================
====================================================================================================
[Episode 12 START]
字段: Episode | Step | GlobalStep | Source | action_y | action_z | magnitude | angle_deg | direction | turn_angle_deg
方向角: +Y=0deg, +Z=+90deg, -Y=+/-180deg, -Z=-90deg
当前实验 sac_action_step = 0.05 mm；实际每轴参考增量 = action × 0.05 mm
----------------------------------------------------------------------------------------------------
Episode=12 | Step=1 | GlobalStep=1139 | Source=WARMUP_RANDOM | action_y=+0.811958 | action_z=-0.285531 | magnitude=0.860700 | angle_deg=-19.37 | direction=+Y | turn_angle_deg=N/A
Episode=12 | Step=2 | GlobalStep=1140 | Source=WARMUP_RANDOM | action_y=-0.237786 | action_z=+0.036781 | magnitude=0.240614 | angle_deg=+171.21 | direction=-Y | turn_angle_deg=169.42
Episode=12 | Step=3 | GlobalStep=1141 | Source=WARMUP_RANDOM | action_y=-0.289295 | action_z=-0.137028 | magnitude=0.320106 | angle_deg=-154.65 | direction=-Y-Z | turn_angle_deg=34.14
Episode=12 | Step=4 | GlobalStep=1142 | Source=WARMUP_RANDOM | action_y=-0.685385 | action_z=-0.868168 | magnitude=1.106105 | angle_deg=-128.29 | direction=-Y-Z | turn_angle_deg=26.37
Episode=12 | Step=5 | GlobalStep=1143 | Source=WARMUP_RANDOM | action_y=+0.193996 | action_z=+0.148844 | magnitude=0.244518 | angle_deg=+37.50 | direction=+Y+Z | turn_angle_deg=165.79
Episode=12 | Step=6 | GlobalStep=1144 | Source=WARMUP_RANDOM | action_y=+0.894851 | action_z=+0.408196 | magnitude=0.983556 | angle_deg=+24.52 | direction=+Y+Z | turn_angle_deg=12.98
Episode=12 | Step=7 | GlobalStep=1145 | Source=WARMUP_RANDOM | action_y=+0.280062 | action_z=+0.446198 | magnitude=0.526809 | angle_deg=+57.88 | direction=+Y+Z | turn_angle_deg=33.36
Episode=12 | Step=8 | GlobalStep=1146 | Source=WARMUP_RANDOM | action_y=-0.000704 | action_z=-0.807230 | magnitude=0.807231 | angle_deg=-90.05 | direction=-Z | turn_angle_deg=147.93
Episode=12 | Step=9 | GlobalStep=1147 | Source=WARMUP_RANDOM | action_y=+0.005132 | action_z=-0.408862 | magnitude=0.408895 | angle_deg=-89.28 | direction=-Z | turn_angle_deg=0.77
Episode=12 | Step=10 | GlobalStep=1148 | Source=WARMUP_RANDOM | action_y=+0.183689 | action_z=+0.982155 | magnitude=0.999185 | angle_deg=+79.41 | direction=+Z | turn_angle_deg=168.69
Episode=12 | Step=11 | GlobalStep=1149 | Source=WARMUP_RANDOM | action_y=-0.225527 | action_z=+0.767100 | magnitude=0.799565 | angle_deg=+106.38 | direction=+Z | turn_angle_deg=26.98
Episode=12 | Step=12 | GlobalStep=1150 | Source=WARMUP_RANDOM | action_y=+0.207339 | action_z=+0.492055 | magnitude=0.533954 | angle_deg=+67.15 | direction=+Y+Z | turn_angle_deg=39.23
Episode=12 | Step=13 | GlobalStep=1151 | Source=WARMUP_RANDOM | action_y=-0.509909 | action_z=-0.021960 | magnitude=0.510382 | angle_deg=-177.53 | direction=-Y | turn_angle_deg=115.32
Episode=12 | Step=14 | GlobalStep=1152 | Source=WARMUP_RANDOM | action_y=+0.124540 | action_z=+0.785453 | magnitude=0.795265 | angle_deg=+80.99 | direction=+Z | turn_angle_deg=101.48
Episode=12 | Step=15 | GlobalStep=1153 | Source=WARMUP_RANDOM | action_y=-0.717474 | action_z=+0.086806 | magnitude=0.722706 | angle_deg=+173.10 | direction=-Y | turn_angle_deg=92.11
Episode=12 | Step=16 | GlobalStep=1154 | Source=WARMUP_RANDOM | action_y=+0.124618 | action_z=-0.040421 | magnitude=0.131009 | angle_deg=-17.97 | direction=+Y | turn_angle_deg=168.93
Episode=12 | Step=17 | GlobalStep=1155 | Source=WARMUP_RANDOM | action_y=+0.966009 | action_z=-0.754007 | magnitude=1.225439 | angle_deg=-37.97 | direction=+Y-Z | turn_angle_deg=20.00
Episode=12 | Step=18 | GlobalStep=1156 | Source=WARMUP_RANDOM | action_y=-0.187748 | action_z=+0.181161 | magnitude=0.260900 | angle_deg=+136.02 | direction=-Y+Z | turn_angle_deg=174.00
Episode=12 | Step=19 | GlobalStep=1157 | Source=WARMUP_RANDOM | action_y=+0.956041 | action_z=+0.133563 | magnitude=0.965325 | angle_deg=+7.95 | direction=+Y | turn_angle_deg=128.07
Episode=12 | Step=20 | GlobalStep=1158 | Source=WARMUP_RANDOM | action_y=+0.380840 | action_z=-0.587132 | magnitude=0.699830 | angle_deg=-57.03 | direction=+Y-Z | turn_angle_deg=64.98
Episode=12 | Step=21 | GlobalStep=1159 | Source=WARMUP_RANDOM | action_y=+0.929978 | action_z=+0.396074 | magnitude=1.010808 | angle_deg=+23.07 | direction=+Y+Z | turn_angle_deg=80.10
Episode=12 | Step=22 | GlobalStep=1160 | Source=WARMUP_RANDOM | action_y=-0.669958 | action_z=+0.467401 | magnitude=0.816889 | angle_deg=+145.10 | direction=-Y+Z | turn_angle_deg=122.03
Episode=12 | Step=23 | GlobalStep=1161 | Source=WARMUP_RANDOM | action_y=-0.895585 | action_z=+0.657171 | magnitude=1.110831 | angle_deg=+143.73 | direction=-Y+Z | turn_angle_deg=1.37
Episode=12 | Step=24 | GlobalStep=1162 | Source=WARMUP_RANDOM | action_y=+0.064326 | action_z=-0.187350 | magnitude=0.198086 | angle_deg=-71.05 | direction=-Z | turn_angle_deg=145.22
Episode=12 | Step=25 | GlobalStep=1163 | Source=WARMUP_RANDOM | action_y=-0.975975 | action_z=-0.577467 | magnitude=1.134017 | angle_deg=-149.39 | direction=-Y-Z | turn_angle_deg=78.34
Episode=12 | Step=26 | GlobalStep=1164 | Source=WARMUP_RANDOM | action_y=+0.255740 | action_z=+0.214031 | magnitude=0.333485 | angle_deg=+39.93 | direction=+Y+Z | turn_angle_deg=170.69
Episode=12 | Step=27 | GlobalStep=1165 | Source=WARMUP_RANDOM | action_y=-0.980317 | action_z=+0.789601 | magnitude=1.258766 | angle_deg=+141.15 | direction=-Y+Z | turn_angle_deg=101.22
Episode=12 | Step=28 | GlobalStep=1166 | Source=WARMUP_RANDOM | action_y=+0.618994 | action_z=+0.541458 | magnitude=0.822393 | angle_deg=+41.18 | direction=+Y+Z | turn_angle_deg=99.97
Episode=12 | Step=29 | GlobalStep=1167 | Source=WARMUP_RANDOM | action_y=-0.688796 | action_z=-0.087813 | magnitude=0.694371 | angle_deg=-172.73 | direction=-Y | turn_angle_deg=146.09
Episode=12 | Step=30 | GlobalStep=1168 | Source=WARMUP_RANDOM | action_y=-0.724950 | action_z=-0.974616 | magnitude=1.214672 | angle_deg=-126.64 | direction=-Y-Z | turn_angle_deg=46.09
Episode=12 | Step=31 | GlobalStep=1169 | Source=WARMUP_RANDOM | action_y=-0.885820 | action_z=+0.635721 | magnitude=1.090329 | angle_deg=+144.33 | direction=-Y+Z | turn_angle_deg=89.02
Episode=12 | Step=32 | GlobalStep=1170 | Source=WARMUP_RANDOM | action_y=+0.767743 | action_z=+0.326437 | magnitude=0.834260 | angle_deg=+23.03 | direction=+Y+Z | turn_angle_deg=121.30
Episode=12 | Step=33 | GlobalStep=1171 | Source=WARMUP_RANDOM | action_y=+0.033027 | action_z=-0.209898 | magnitude=0.212480 | angle_deg=-81.06 | direction=-Z | turn_angle_deg=104.09
Episode=12 | Step=34 | GlobalStep=1172 | Source=WARMUP_RANDOM | action_y=+0.535390 | action_z=+0.371280 | magnitude=0.651530 | angle_deg=+34.74 | direction=+Y+Z | turn_angle_deg=115.80
Episode=12 | Step=35 | GlobalStep=1173 | Source=WARMUP_RANDOM | action_y=+0.400415 | action_z=-0.327170 | magnitude=0.517081 | angle_deg=-39.25 | direction=+Y-Z | turn_angle_deg=73.99
Episode=12 | Step=36 | GlobalStep=1174 | Source=WARMUP_RANDOM | action_y=-0.907821 | action_z=-0.850063 | magnitude=1.243683 | angle_deg=-136.88 | direction=-Y-Z | turn_angle_deg=97.63
Episode=12 | Step=37 | GlobalStep=1175 | Source=WARMUP_RANDOM | action_y=+0.173824 | action_z=-0.945627 | magnitude=0.961471 | angle_deg=-79.58 | direction=-Z | turn_angle_deg=57.30
Episode=12 | Step=38 | GlobalStep=1176 | Source=WARMUP_RANDOM | action_y=-0.426986 | action_z=+0.691742 | magnitude=0.812911 | angle_deg=+121.69 | direction=-Y+Z | turn_angle_deg=158.73
Episode=12 | Step=39 | GlobalStep=1177 | Source=WARMUP_RANDOM | action_y=+0.661871 | action_z=-0.378869 | magnitude=0.762637 | angle_deg=-29.79 | direction=+Y-Z | turn_angle_deg=151.47
Episode=12 | Step=40 | GlobalStep=1178 | Source=WARMUP_RANDOM | action_y=+0.149231 | action_z=+0.036186 | magnitude=0.153555 | angle_deg=+13.63 | direction=+Y | turn_angle_deg=43.42
Episode=12 | Step=41 | GlobalStep=1179 | Source=WARMUP_RANDOM | action_y=+0.158798 | action_z=+0.812815 | magnitude=0.828182 | angle_deg=+78.95 | direction=+Z | turn_angle_deg=65.32
Episode=12 | Step=42 | GlobalStep=1180 | Source=WARMUP_RANDOM | action_y=-0.859616 | action_z=-0.973584 | magnitude=1.298770 | angle_deg=-131.44 | direction=-Y-Z | turn_angle_deg=149.61
Episode=12 | Step=43 | GlobalStep=1181 | Source=WARMUP_RANDOM | action_y=+0.149069 | action_z=+0.604654 | magnitude=0.622759 | angle_deg=+76.15 | direction=+Z | turn_angle_deg=152.41
Episode=12 | Step=44 | GlobalStep=1182 | Source=WARMUP_RANDOM | action_y=+0.236997 | action_z=+0.223238 | magnitude=0.325581 | angle_deg=+43.29 | direction=+Y+Z | turn_angle_deg=32.86
Episode=12 | Step=45 | GlobalStep=1183 | Source=WARMUP_RANDOM | action_y=-0.276313 | action_z=+0.817402 | magnitude=0.862841 | angle_deg=+108.68 | direction=+Z | turn_angle_deg=65.39
Episode=12 | Step=46 | GlobalStep=1184 | Source=WARMUP_RANDOM | action_y=+0.809472 | action_z=+0.197819 | magnitude=0.833293 | angle_deg=+13.73 | direction=+Y | turn_angle_deg=94.94
Episode=12 | Step=47 | GlobalStep=1185 | Source=WARMUP_RANDOM | action_y=+0.944949 | action_z=-0.553087 | magnitude=1.094912 | angle_deg=-30.34 | direction=+Y-Z | turn_angle_deg=44.07
Episode=12 | Step=48 | GlobalStep=1186 | Source=WARMUP_RANDOM | action_y=+0.966190 | action_z=-0.616565 | magnitude=1.146157 | angle_deg=-32.54 | direction=+Y-Z | turn_angle_deg=2.20
Episode=12 | Step=49 | GlobalStep=1187 | Source=WARMUP_RANDOM | action_y=-0.443338 | action_z=+0.401768 | magnitude=0.598303 | angle_deg=+137.82 | direction=-Y+Z | turn_angle_deg=170.36
Episode=12 | Step=50 | GlobalStep=1188 | Source=WARMUP_RANDOM | action_y=+0.438421 | action_z=+0.829729 | magnitude=0.938437 | angle_deg=+62.15 | direction=+Y+Z | turn_angle_deg=75.67
Episode=12 | Step=51 | GlobalStep=1189 | Source=WARMUP_RANDOM | action_y=+0.986898 | action_z=+0.861787 | magnitude=1.310208 | angle_deg=+41.13 | direction=+Y+Z | turn_angle_deg=21.02
Episode=12 | Step=52 | GlobalStep=1190 | Source=WARMUP_RANDOM | action_y=+0.679862 | action_z=-0.409413 | magnitude=0.793620 | angle_deg=-31.06 | direction=+Y-Z | turn_angle_deg=72.18
Episode=12 | Step=53 | GlobalStep=1191 | Source=WARMUP_RANDOM | action_y=+0.077899 | action_z=-0.103788 | magnitude=0.129770 | angle_deg=-53.11 | direction=+Y-Z | turn_angle_deg=22.05
Episode=12 | Step=54 | GlobalStep=1192 | Source=WARMUP_RANDOM | action_y=+0.610506 | action_z=-0.335871 | magnitude=0.696797 | angle_deg=-28.82 | direction=+Y-Z | turn_angle_deg=24.29
Episode=12 | Step=55 | GlobalStep=1193 | Source=WARMUP_RANDOM | action_y=+0.595159 | action_z=-0.906834 | magnitude=1.084695 | angle_deg=-56.72 | direction=+Y-Z | turn_angle_deg=27.91
Episode=12 | Step=56 | GlobalStep=1194 | Source=WARMUP_RANDOM | action_y=-0.478828 | action_z=+0.699496 | magnitude=0.847686 | angle_deg=+124.39 | direction=-Y+Z | turn_angle_deg=178.88
Episode=12 | Step=57 | GlobalStep=1195 | Source=WARMUP_RANDOM | action_y=-0.772356 | action_z=-0.748235 | magnitude=1.075355 | angle_deg=-135.91 | direction=-Y-Z | turn_angle_deg=99.70
Episode=12 | Step=58 | GlobalStep=1196 | Source=WARMUP_RANDOM | action_y=-0.644280 | action_z=+0.168040 | magnitude=0.665834 | angle_deg=+165.38 | direction=-Y | turn_angle_deg=58.71
Episode=12 | Step=59 | GlobalStep=1197 | Source=WARMUP_RANDOM | action_y=-0.084491 | action_z=-0.194877 | magnitude=0.212405 | angle_deg=-113.44 | direction=-Y-Z | turn_angle_deg=81.18
Episode=12 | Step=60 | GlobalStep=1198 | Source=WARMUP_RANDOM | action_y=+0.220806 | action_z=-0.308201 | magnitude=0.379134 | angle_deg=-54.38 | direction=+Y-Z | turn_angle_deg=59.06
Episode=12 | Step=61 | GlobalStep=1199 | Source=WARMUP_RANDOM | action_y=-0.905494 | action_z=-0.939657 | magnitude=1.304942 | angle_deg=-133.94 | direction=-Y-Z | turn_angle_deg=79.56
Episode=12 | Step=62 | GlobalStep=1200 | Source=WARMUP_RANDOM | action_y=+0.985777 | action_z=-0.733241 | magnitude=1.228576 | angle_deg=-36.64 | direction=+Y-Z | turn_angle_deg=97.30
Episode=12 | Step=63 | GlobalStep=1201 | Source=WARMUP_RANDOM | action_y=+0.289322 | action_z=+0.918635 | magnitude=0.963119 | angle_deg=+72.52 | direction=+Z | turn_angle_deg=109.16
Episode=12 | Step=64 | GlobalStep=1202 | Source=WARMUP_RANDOM | action_y=-0.989733 | action_z=+0.051215 | magnitude=0.991057 | angle_deg=+177.04 | direction=-Y | turn_angle_deg=104.52
Episode=12 | Step=65 | GlobalStep=1203 | Source=WARMUP_RANDOM | action_y=-0.667934 | action_z=-0.059302 | magnitude=0.670561 | angle_deg=-174.93 | direction=-Y | turn_angle_deg=8.04
Episode=12 | Step=66 | GlobalStep=1204 | Source=WARMUP_RANDOM | action_y=-0.265628 | action_z=-0.389803 | magnitude=0.471704 | angle_deg=-124.27 | direction=-Y-Z | turn_angle_deg=50.65
Episode=12 | Step=67 | GlobalStep=1205 | Source=WARMUP_RANDOM | action_y=+0.743566 | action_z=+0.387521 | magnitude=0.838489 | angle_deg=+27.53 | direction=+Y+Z | turn_angle_deg=151.80
Episode=12 | Step=68 | GlobalStep=1206 | Source=WARMUP_RANDOM | action_y=+0.808594 | action_z=-0.880713 | magnitude=1.195609 | angle_deg=-47.44 | direction=+Y-Z | turn_angle_deg=74.97
Episode=12 | Step=69 | GlobalStep=1207 | Source=WARMUP_RANDOM | action_y=+0.675807 | action_z=-0.735688 | magnitude=0.998976 | angle_deg=-47.43 | direction=+Y-Z | turn_angle_deg=0.02
Episode=12 | Step=70 | GlobalStep=1208 | Source=WARMUP_RANDOM | action_y=+0.223434 | action_z=+0.751534 | magnitude=0.784045 | angle_deg=+73.44 | direction=+Z | turn_angle_deg=120.87
Episode=12 | Step=71 | GlobalStep=1209 | Source=WARMUP_RANDOM | action_y=+0.343642 | action_z=+0.727988 | magnitude=0.805019 | angle_deg=+64.73 | direction=+Y+Z | turn_angle_deg=8.71
Episode=12 | Step=72 | GlobalStep=1210 | Source=WARMUP_RANDOM | action_y=-0.153534 | action_z=+0.205292 | magnitude=0.256354 | angle_deg=+126.79 | direction=-Y+Z | turn_angle_deg=62.06
Episode=12 | Step=73 | GlobalStep=1211 | Source=WARMUP_RANDOM | action_y=+0.833195 | action_z=-0.367927 | magnitude=0.910815 | angle_deg=-23.83 | direction=+Y-Z | turn_angle_deg=150.62
Episode=12 | Step=74 | GlobalStep=1212 | Source=WARMUP_RANDOM | action_y=+0.176848 | action_z=-0.421292 | magnitude=0.456905 | angle_deg=-67.23 | direction=+Y-Z | turn_angle_deg=43.40
Episode=12 | Step=75 | GlobalStep=1213 | Source=WARMUP_RANDOM | action_y=+0.760450 | action_z=+0.425883 | magnitude=0.871585 | angle_deg=+29.25 | direction=+Y+Z | turn_angle_deg=96.48
Episode=12 | Step=76 | GlobalStep=1214 | Source=WARMUP_RANDOM | action_y=-0.444429 | action_z=-0.016900 | magnitude=0.444750 | angle_deg=-177.82 | direction=-Y | turn_angle_deg=152.93
Episode=12 | Step=77 | GlobalStep=1215 | Source=WARMUP_RANDOM | action_y=+0.997465 | action_z=-0.693366 | magnitude=1.214781 | angle_deg=-34.80 | direction=+Y-Z | turn_angle_deg=143.02
Episode=12 | Step=78 | GlobalStep=1216 | Source=WARMUP_RANDOM | action_y=-0.686766 | action_z=-0.293285 | magnitude=0.746769 | angle_deg=-156.87 | direction=-Y-Z | turn_angle_deg=122.07
Episode=12 | Step=79 | GlobalStep=1217 | Source=WARMUP_RANDOM | action_y=-0.173385 | action_z=-0.510416 | magnitude=0.539061 | angle_deg=-108.76 | direction=-Z | turn_angle_deg=48.11
Episode=12 | Step=80 | GlobalStep=1218 | Source=WARMUP_RANDOM | action_y=-0.370564 | action_z=+0.428802 | magnitude=0.566736 | angle_deg=+130.83 | direction=-Y+Z | turn_angle_deg=120.40
Episode=12 | Step=81 | GlobalStep=1219 | Source=WARMUP_RANDOM | action_y=+0.957543 | action_z=-0.565295 | magnitude=1.111956 | angle_deg=-30.56 | direction=+Y-Z | turn_angle_deg=161.39
Episode=12 | Step=82 | GlobalStep=1220 | Source=WARMUP_RANDOM | action_y=+0.953009 | action_z=+0.510928 | magnitude=1.081329 | angle_deg=+28.20 | direction=+Y+Z | turn_angle_deg=58.75
Episode=12 | Step=83 | GlobalStep=1221 | Source=WARMUP_RANDOM | action_y=+0.063345 | action_z=-0.852756 | magnitude=0.855105 | angle_deg=-85.75 | direction=-Z | turn_angle_deg=113.95
Episode=12 | Step=84 | GlobalStep=1222 | Source=WARMUP_RANDOM | action_y=-0.631921 | action_z=+0.934271 | magnitude=1.127912 | angle_deg=+124.07 | direction=-Y+Z | turn_angle_deg=150.17
Episode=12 | Step=85 | GlobalStep=1223 | Source=WARMUP_RANDOM | action_y=+0.941412 | action_z=-0.987780 | magnitude=1.364539 | angle_deg=-46.38 | direction=+Y-Z | turn_angle_deg=170.45
Episode=12 | Step=86 | GlobalStep=1224 | Source=WARMUP_RANDOM | action_y=-0.190197 | action_z=-0.225817 | magnitude=0.295243 | angle_deg=-130.11 | direction=-Y-Z | turn_angle_deg=83.73
Episode=12 | Step=87 | GlobalStep=1225 | Source=WARMUP_RANDOM | action_y=+0.673069 | action_z=+0.238137 | magnitude=0.713954 | angle_deg=+19.48 | direction=+Y | turn_angle_deg=149.59
Episode=12 | Step=88 | GlobalStep=1226 | Source=WARMUP_RANDOM | action_y=-0.033863 | action_z=-0.968331 | magnitude=0.968923 | angle_deg=-92.00 | direction=-Z | turn_angle_deg=111.49
Episode=12 | Step=89 | GlobalStep=1227 | Source=WARMUP_RANDOM | action_y=+0.709207 | action_z=+0.201295 | magnitude=0.737221 | angle_deg=+15.85 | direction=+Y | turn_angle_deg=107.85
Episode=12 | Step=90 | GlobalStep=1228 | Source=WARMUP_RANDOM | action_y=-0.578897 | action_z=-0.293250 | magnitude=0.648935 | angle_deg=-153.13 | direction=-Y-Z | turn_angle_deg=168.98
Episode=12 | Step=91 | GlobalStep=1229 | Source=WARMUP_RANDOM | action_y=+0.143015 | action_z=-0.254022 | magnitude=0.291514 | angle_deg=-60.62 | direction=+Y-Z | turn_angle_deg=92.51
Episode=12 | Step=92 | GlobalStep=1230 | Source=WARMUP_RANDOM | action_y=+0.000872 | action_z=-0.981595 | magnitude=0.981595 | angle_deg=-89.95 | direction=-Z | turn_angle_deg=29.33
Episode=12 | Step=93 | GlobalStep=1231 | Source=WARMUP_RANDOM | action_y=+0.451744 | action_z=-0.037625 | magnitude=0.453308 | angle_deg=-4.76 | direction=+Y | turn_angle_deg=85.19
Episode=12 | Step=94 | GlobalStep=1232 | Source=WARMUP_RANDOM | action_y=-0.816011 | action_z=-0.843099 | magnitude=1.173325 | angle_deg=-134.06 | direction=-Y-Z | turn_angle_deg=129.30
Episode=12 | Step=95 | GlobalStep=1233 | Source=WARMUP_RANDOM | action_y=+0.739032 | action_z=+0.165053 | magnitude=0.757239 | angle_deg=+12.59 | direction=+Y | turn_angle_deg=146.65
Episode=12 | Step=96 | GlobalStep=1234 | Source=WARMUP_RANDOM | action_y=+0.667168 | action_z=+0.906141 | magnitude=1.125258 | angle_deg=+53.64 | direction=+Y+Z | turn_angle_deg=41.05
Episode=12 | Step=97 | GlobalStep=1235 | Source=WARMUP_RANDOM | action_y=-0.118734 | action_z=-0.565556 | magnitude=0.577885 | angle_deg=-101.86 | direction=-Z | turn_angle_deg=155.49
Episode=12 | Step=98 | GlobalStep=1236 | Source=WARMUP_RANDOM | action_y=-0.512289 | action_z=+0.663566 | magnitude=0.838308 | angle_deg=+127.67 | direction=-Y+Z | turn_angle_deg=130.47
Episode=12 | Step=99 | GlobalStep=1237 | Source=WARMUP_RANDOM | action_y=+0.034618 | action_z=+0.514219 | magnitude=0.515383 | angle_deg=+86.15 | direction=+Z | turn_angle_deg=41.52
Episode=12 | Step=100 | GlobalStep=1238 | Source=WARMUP_RANDOM | action_y=+0.498875 | action_z=+0.776924 | magnitude=0.923303 | angle_deg=+57.29 | direction=+Y+Z | turn_angle_deg=28.85
Episode=12 | Step=101 | GlobalStep=1239 | Source=WARMUP_RANDOM | action_y=-0.439139 | action_z=+0.712123 | magnitude=0.836637 | angle_deg=+121.66 | direction=-Y+Z | turn_angle_deg=64.37
Episode=12 | Step=102 | GlobalStep=1240 | Source=WARMUP_RANDOM | action_y=+0.633257 | action_z=+0.611151 | magnitude=0.880068 | angle_deg=+43.98 | direction=+Y+Z | turn_angle_deg=77.68
Episode=12 | Step=103 | GlobalStep=1241 | Source=WARMUP_RANDOM | action_y=-0.832680 | action_z=-0.475239 | magnitude=0.958753 | angle_deg=-150.29 | direction=-Y-Z | turn_angle_deg=165.73
Episode=12 | Step=104 | GlobalStep=1242 | Source=WARMUP_RANDOM | action_y=-0.164530 | action_z=+0.457348 | magnitude=0.486043 | angle_deg=+109.79 | direction=+Z | turn_angle_deg=99.93
Episode=12 | Step=105 | GlobalStep=1243 | Source=WARMUP_RANDOM | action_y=-0.503091 | action_z=-0.844675 | magnitude=0.983147 | angle_deg=-120.78 | direction=-Y-Z | turn_angle_deg=129.44
Episode=12 | Step=106 | GlobalStep=1244 | Source=WARMUP_RANDOM | action_y=+0.897220 | action_z=+0.152961 | magnitude=0.910165 | angle_deg=+9.67 | direction=+Y | turn_angle_deg=130.45
Episode=12 | Step=107 | GlobalStep=1245 | Source=WARMUP_RANDOM | action_y=+0.710246 | action_z=-0.887933 | magnitude=1.137046 | angle_deg=-51.34 | direction=+Y-Z | turn_angle_deg=61.02
Episode=12 | Step=108 | GlobalStep=1246 | Source=WARMUP_RANDOM | action_y=-0.895154 | action_z=-0.295854 | magnitude=0.942778 | angle_deg=-161.71 | direction=-Y | turn_angle_deg=110.37
Episode=12 | Step=109 | GlobalStep=1247 | Source=WARMUP_RANDOM | action_y=-0.541757 | action_z=+0.471265 | magnitude=0.718047 | angle_deg=+138.98 | direction=-Y+Z | turn_angle_deg=59.31
Episode=12 | Step=110 | GlobalStep=1248 | Source=WARMUP_RANDOM | action_y=-0.695482 | action_z=-0.599526 | magnitude=0.918219 | angle_deg=-139.24 | direction=-Y-Z | turn_angle_deg=81.78
Episode=12 | Step=111 | GlobalStep=1249 | Source=WARMUP_RANDOM | action_y=+0.292013 | action_z=-0.636416 | magnitude=0.700212 | angle_deg=-65.35 | direction=+Y-Z | turn_angle_deg=73.89
Episode=12 | Step=112 | GlobalStep=1250 | Source=WARMUP_RANDOM | action_y=+0.808300 | action_z=+0.676137 | magnitude=1.053808 | angle_deg=+39.91 | direction=+Y+Z | turn_angle_deg=105.26
Episode=12 | Step=113 | GlobalStep=1251 | Source=WARMUP_RANDOM | action_y=+0.028155 | action_z=+0.957833 | magnitude=0.958247 | angle_deg=+88.32 | direction=+Z | turn_angle_deg=48.40
Episode=12 | Step=114 | GlobalStep=1252 | Source=WARMUP_RANDOM | action_y=-0.378727 | action_z=-0.481178 | magnitude=0.612345 | angle_deg=-128.21 | direction=-Y-Z | turn_angle_deg=143.48
Episode=12 | Step=115 | GlobalStep=1253 | Source=WARMUP_RANDOM | action_y=+0.313609 | action_z=+0.715558 | magnitude=0.781264 | angle_deg=+66.33 | direction=+Y+Z | turn_angle_deg=165.46
Episode=12 | Step=116 | GlobalStep=1254 | Source=WARMUP_RANDOM | action_y=+0.373128 | action_z=-0.196371 | magnitude=0.421647 | angle_deg=-27.76 | direction=+Y-Z | turn_angle_deg=94.09
Episode=12 | Step=117 | GlobalStep=1255 | Source=WARMUP_RANDOM | action_y=-0.258432 | action_z=+0.912758 | magnitude=0.948638 | angle_deg=+105.81 | direction=+Z | turn_angle_deg=133.57
Episode=12 | Step=118 | GlobalStep=1256 | Source=WARMUP_RANDOM | action_y=+0.384226 | action_z=-0.459559 | magnitude=0.599020 | angle_deg=-50.10 | direction=+Y-Z | turn_angle_deg=155.91
Episode=12 | Step=119 | GlobalStep=1257 | Source=WARMUP_RANDOM | action_y=-0.212394 | action_z=-0.291857 | magnitude=0.360959 | angle_deg=-126.04 | direction=-Y-Z | turn_angle_deg=75.94
Episode=12 | Step=120 | GlobalStep=1258 | Source=WARMUP_RANDOM | action_y=-0.048022 | action_z=+0.861039 | magnitude=0.862377 | angle_deg=+93.19 | direction=+Z | turn_angle_deg=140.76
Episode=12 | Step=121 | GlobalStep=1259 | Source=WARMUP_RANDOM | action_y=-0.137454 | action_z=+0.018897 | magnitude=0.138747 | angle_deg=+172.17 | direction=-Y | turn_angle_deg=78.98
Episode=12 | Step=122 | GlobalStep=1260 | Source=WARMUP_RANDOM | action_y=-0.362010 | action_z=+0.628710 | magnitude=0.725485 | angle_deg=+119.93 | direction=-Y+Z | turn_angle_deg=52.24
Episode=12 | Step=123 | GlobalStep=1261 | Source=WARMUP_RANDOM | action_y=-0.455389 | action_z=-0.239499 | magnitude=0.514529 | angle_deg=-152.26 | direction=-Y-Z | turn_angle_deg=87.81
Episode=12 | Step=124 | GlobalStep=1262 | Source=WARMUP_RANDOM | action_y=-0.544679 | action_z=-0.172759 | magnitude=0.571420 | angle_deg=-162.40 | direction=-Y | turn_angle_deg=10.14
Episode=12 | Step=125 | GlobalStep=1263 | Source=WARMUP_RANDOM | action_y=+0.060948 | action_z=+0.291787 | magnitude=0.298085 | angle_deg=+78.20 | direction=+Z | turn_angle_deg=119.40
Episode=12 | Step=126 | GlobalStep=1264 | Source=WARMUP_RANDOM | action_y=+0.451403 | action_z=-0.387037 | magnitude=0.594611 | angle_deg=-40.61 | direction=+Y-Z | turn_angle_deg=118.81
Episode=12 | Step=127 | GlobalStep=1265 | Source=WARMUP_RANDOM | action_y=+0.801630 | action_z=+0.984717 | magnitude=1.269755 | angle_deg=+50.85 | direction=+Y+Z | turn_angle_deg=91.46
Episode=12 | Step=128 | GlobalStep=1266 | Source=WARMUP_RANDOM | action_y=-0.679056 | action_z=+0.004461 | magnitude=0.679070 | angle_deg=+179.62 | direction=-Y | turn_angle_deg=128.77
Episode=12 | Step=129 | GlobalStep=1267 | Source=WARMUP_RANDOM | action_y=-0.201441 | action_z=-0.811224 | magnitude=0.835860 | angle_deg=-103.95 | direction=-Z | turn_angle_deg=76.43
Episode=12 | Step=130 | GlobalStep=1268 | Source=WARMUP_RANDOM | action_y=-0.226025 | action_z=+0.502484 | magnitude=0.550979 | angle_deg=+114.22 | direction=-Y+Z | turn_angle_deg=141.84
Episode=12 | Step=131 | GlobalStep=1269 | Source=WARMUP_RANDOM | action_y=-0.471251 | action_z=+0.879331 | magnitude=0.997647 | angle_deg=+118.19 | direction=-Y+Z | turn_angle_deg=3.97
Episode=12 | Step=132 | GlobalStep=1270 | Source=WARMUP_RANDOM | action_y=-0.893560 | action_z=+0.027175 | magnitude=0.893973 | angle_deg=+178.26 | direction=-Y | turn_angle_deg=60.07
Episode=12 | Step=133 | GlobalStep=1271 | Source=WARMUP_RANDOM | action_y=-0.747309 | action_z=+0.931988 | magnitude=1.194601 | angle_deg=+128.72 | direction=-Y+Z | turn_angle_deg=49.53
Episode=12 | Step=134 | GlobalStep=1272 | Source=WARMUP_RANDOM | action_y=+0.590936 | action_z=-0.036160 | magnitude=0.592041 | angle_deg=-3.50 | direction=+Y | turn_angle_deg=132.23
Episode=12 | Step=135 | GlobalStep=1273 | Source=WARMUP_RANDOM | action_y=-0.067226 | action_z=-0.714922 | magnitude=0.718076 | angle_deg=-95.37 | direction=-Z | turn_angle_deg=91.87
Episode=12 | Step=136 | GlobalStep=1274 | Source=WARMUP_RANDOM | action_y=+0.223617 | action_z=-0.914308 | magnitude=0.941257 | angle_deg=-76.26 | direction=-Z | turn_angle_deg=19.12
Episode=12 | Step=137 | GlobalStep=1275 | Source=WARMUP_RANDOM | action_y=-0.788758 | action_z=-0.817101 | magnitude=1.135690 | angle_deg=-133.99 | direction=-Y-Z | turn_angle_deg=57.73
Episode=12 | Step=138 | GlobalStep=1276 | Source=WARMUP_RANDOM | action_y=-0.342960 | action_z=-0.389885 | magnitude=0.519261 | angle_deg=-131.34 | direction=-Y-Z | turn_angle_deg=2.65
Episode=12 | Step=139 | GlobalStep=1277 | Source=WARMUP_RANDOM | action_y=+0.310529 | action_z=+0.730705 | magnitude=0.793951 | angle_deg=+66.98 | direction=+Y+Z | turn_angle_deg=161.69
Episode=12 | Step=140 | GlobalStep=1278 | Source=WARMUP_RANDOM | action_y=+0.463476 | action_z=+0.814098 | magnitude=0.936785 | angle_deg=+60.35 | direction=+Y+Z | turn_angle_deg=6.63
Episode=12 | Step=141 | GlobalStep=1279 | Source=WARMUP_RANDOM | action_y=+0.999768 | action_z=-0.205965 | magnitude=1.020764 | angle_deg=-11.64 | direction=+Y | turn_angle_deg=71.99
Episode=12 | Step=142 | GlobalStep=1280 | Source=WARMUP_RANDOM | action_y=+0.156586 | action_z=+0.977222 | magnitude=0.989688 | angle_deg=+80.90 | direction=+Z | turn_angle_deg=92.54
Episode=12 | Step=143 | GlobalStep=1281 | Source=WARMUP_RANDOM | action_y=+0.711204 | action_z=+0.010428 | magnitude=0.711280 | angle_deg=+0.84 | direction=+Y | turn_angle_deg=80.06
Episode=12 | Step=144 | GlobalStep=1282 | Source=WARMUP_RANDOM | action_y=-0.045656 | action_z=-0.854488 | magnitude=0.855707 | angle_deg=-93.06 | direction=-Z | turn_angle_deg=93.90
Episode=12 | Step=145 | GlobalStep=1283 | Source=WARMUP_RANDOM | action_y=+0.488734 | action_z=-0.215083 | magnitude=0.533968 | angle_deg=-23.75 | direction=+Y-Z | turn_angle_deg=69.30
Episode=12 | Step=146 | GlobalStep=1284 | Source=WARMUP_RANDOM | action_y=+0.397179 | action_z=+0.028787 | magnitude=0.398221 | angle_deg=+4.15 | direction=+Y | turn_angle_deg=27.90
Episode=12 | Step=147 | GlobalStep=1285 | Source=WARMUP_RANDOM | action_y=+0.793851 | action_z=-0.018619 | magnitude=0.794070 | angle_deg=-1.34 | direction=+Y | turn_angle_deg=5.49
Episode=12 | Step=148 | GlobalStep=1286 | Source=WARMUP_RANDOM | action_y=+0.379720 | action_z=+0.336940 | magnitude=0.507657 | angle_deg=+41.58 | direction=+Y+Z | turn_angle_deg=42.93
Episode=12 | Step=149 | GlobalStep=1287 | Source=WARMUP_RANDOM | action_y=-0.501224 | action_z=-0.734937 | magnitude=0.889582 | angle_deg=-124.29 | direction=-Y-Z | turn_angle_deg=165.88
Episode=12 | Step=150 | GlobalStep=1288 | Source=WARMUP_RANDOM | action_y=-0.907376 | action_z=+0.267209 | magnitude=0.945903 | angle_deg=+163.59 | direction=-Y | turn_angle_deg=72.12
Episode=12 | Step=151 | GlobalStep=1289 | Source=WARMUP_RANDOM | action_y=+0.737426 | action_z=-0.733442 | magnitude=1.040064 | angle_deg=-44.84 | direction=+Y-Z | turn_angle_deg=151.56
Episode=12 | Step=152 | GlobalStep=1290 | Source=WARMUP_RANDOM | action_y=+0.515672 | action_z=+0.993790 | magnitude=1.119614 | angle_deg=+62.58 | direction=+Y+Z | turn_angle_deg=107.42
Episode=12 | Step=153 | GlobalStep=1291 | Source=WARMUP_RANDOM | action_y=-0.439847 | action_z=+0.323907 | magnitude=0.546243 | angle_deg=+143.63 | direction=-Y+Z | turn_angle_deg=81.06
Episode=12 | Step=154 | GlobalStep=1292 | Source=WARMUP_RANDOM | action_y=-0.931246 | action_z=-0.448212 | magnitude=1.033495 | angle_deg=-154.30 | direction=-Y-Z | turn_angle_deg=62.07
Episode=12 | Step=155 | GlobalStep=1293 | Source=WARMUP_RANDOM | action_y=+0.938145 | action_z=+0.271914 | magnitude=0.976757 | angle_deg=+16.16 | direction=+Y | turn_angle_deg=170.46
Episode=12 | Step=156 | GlobalStep=1294 | Source=WARMUP_RANDOM | action_y=+0.368505 | action_z=+0.639006 | magnitude=0.737648 | angle_deg=+60.03 | direction=+Y+Z | turn_angle_deg=43.86
Episode=12 | Step=157 | GlobalStep=1295 | Source=WARMUP_RANDOM | action_y=-0.827597 | action_z=-0.664100 | magnitude=1.061106 | angle_deg=-141.25 | direction=-Y-Z | turn_angle_deg=158.72
Episode=12 | Step=158 | GlobalStep=1296 | Source=WARMUP_RANDOM | action_y=+0.982065 | action_z=+0.326522 | magnitude=1.034924 | angle_deg=+18.39 | direction=+Y | turn_angle_deg=159.65
Episode=12 | Step=159 | GlobalStep=1297 | Source=WARMUP_RANDOM | action_y=-0.477346 | action_z=+0.261540 | magnitude=0.544300 | angle_deg=+151.28 | direction=-Y+Z | turn_angle_deg=132.89
Episode=12 | Step=160 | GlobalStep=1298 | Source=WARMUP_RANDOM | action_y=-0.385587 | action_z=+0.712442 | magnitude=0.810094 | angle_deg=+118.42 | direction=-Y+Z | turn_angle_deg=32.86
Episode=12 | Step=161 | GlobalStep=1299 | Source=WARMUP_RANDOM | action_y=-0.476667 | action_z=+0.920267 | magnitude=1.036389 | angle_deg=+117.38 | direction=-Y+Z | turn_angle_deg=1.04
Episode=12 | Step=162 | GlobalStep=1300 | Source=WARMUP_RANDOM | action_y=+0.266371 | action_z=+0.791367 | magnitude=0.834994 | angle_deg=+71.40 | direction=+Z | turn_angle_deg=45.99
Episode=12 | Step=163 | GlobalStep=1301 | Source=WARMUP_RANDOM | action_y=+0.723246 | action_z=+0.138587 | magnitude=0.736404 | angle_deg=+10.85 | direction=+Y | turn_angle_deg=60.55
Episode=12 | Step=164 | GlobalStep=1302 | Source=WARMUP_RANDOM | action_y=+0.805318 | action_z=+0.315066 | magnitude=0.864756 | angle_deg=+21.37 | direction=+Y | turn_angle_deg=10.52
Episode=12 | Step=165 | GlobalStep=1303 | Source=WARMUP_RANDOM | action_y=-0.906582 | action_z=-0.734233 | magnitude=1.166614 | angle_deg=-141.00 | direction=-Y-Z | turn_angle_deg=162.36
Episode=12 | Step=166 | GlobalStep=1304 | Source=WARMUP_RANDOM | action_y=-0.791897 | action_z=+0.812899 | magnitude=1.134860 | angle_deg=+134.25 | direction=-Y+Z | turn_angle_deg=84.75
Episode=12 | Step=167 | GlobalStep=1305 | Source=WARMUP_RANDOM | action_y=-0.238509 | action_z=-0.823286 | magnitude=0.857139 | angle_deg=-106.16 | direction=-Z | turn_angle_deg=119.59
Episode=12 | Step=168 | GlobalStep=1306 | Source=WARMUP_RANDOM | action_y=+0.140927 | action_z=-0.508287 | magnitude=0.527462 | angle_deg=-74.50 | direction=-Z | turn_angle_deg=31.65
Episode=12 | Step=169 | GlobalStep=1307 | Source=WARMUP_RANDOM | action_y=+0.602957 | action_z=-0.137019 | magnitude=0.618330 | angle_deg=-12.80 | direction=+Y | turn_angle_deg=61.70
Episode=12 | Step=170 | GlobalStep=1308 | Source=WARMUP_RANDOM | action_y=-0.061315 | action_z=-0.449832 | magnitude=0.453991 | angle_deg=-97.76 | direction=-Z | turn_angle_deg=84.96
Episode=12 | Step=171 | GlobalStep=1309 | Source=WARMUP_RANDOM | action_y=+0.912660 | action_z=-0.791327 | magnitude=1.207952 | angle_deg=-40.93 | direction=+Y-Z | turn_angle_deg=56.83
Episode=12 | Step=172 | GlobalStep=1310 | Source=WARMUP_RANDOM | action_y=+0.895440 | action_z=-0.786171 | magnitude=1.191586 | angle_deg=-41.28 | direction=+Y-Z | turn_angle_deg=0.36
Episode=12 | Step=173 | GlobalStep=1311 | Source=WARMUP_RANDOM | action_y=+0.105463 | action_z=-0.909427 | magnitude=0.915522 | angle_deg=-83.39 | direction=-Z | turn_angle_deg=42.10
Episode=12 | Step=174 | GlobalStep=1312 | Source=WARMUP_RANDOM | action_y=-0.739920 | action_z=+0.883731 | magnitude=1.152590 | angle_deg=+129.94 | direction=-Y+Z | turn_angle_deg=146.68
Episode=12 | Step=175 | GlobalStep=1313 | Source=WARMUP_RANDOM | action_y=+0.592449 | action_z=-0.509028 | magnitude=0.781093 | angle_deg=-40.67 | direction=+Y-Z | turn_angle_deg=170.61
Episode=12 | Step=176 | GlobalStep=1314 | Source=WARMUP_RANDOM | action_y=+0.516684 | action_z=-0.582198 | magnitude=0.778406 | angle_deg=-48.41 | direction=+Y-Z | turn_angle_deg=7.74
Episode=12 | Step=177 | GlobalStep=1315 | Source=WARMUP_RANDOM | action_y=+0.401815 | action_z=-0.170039 | magnitude=0.436313 | angle_deg=-22.94 | direction=+Y-Z | turn_angle_deg=25.47
Episode=12 | Step=178 | GlobalStep=1316 | Source=WARMUP_RANDOM | action_y=+0.850903 | action_z=-0.037130 | magnitude=0.851713 | angle_deg=-2.50 | direction=+Y | turn_angle_deg=20.44
Episode=12 | Step=179 | GlobalStep=1317 | Source=WARMUP_RANDOM | action_y=+0.966263 | action_z=-0.359288 | magnitude=1.030899 | angle_deg=-20.40 | direction=+Y | turn_angle_deg=17.90
Episode=12 | Step=180 | GlobalStep=1318 | Source=WARMUP_RANDOM | action_y=+0.754246 | action_z=+0.872694 | magnitude=1.153465 | angle_deg=+49.16 | direction=+Y+Z | turn_angle_deg=69.56
Episode=12 | Step=181 | GlobalStep=1319 | Source=WARMUP_RANDOM | action_y=+0.428566 | action_z=-0.857941 | magnitude=0.959026 | angle_deg=-63.46 | direction=+Y-Z | turn_angle_deg=112.62
Episode=12 | Step=182 | GlobalStep=1320 | Source=WARMUP_RANDOM | action_y=-0.203579 | action_z=-0.038314 | magnitude=0.207153 | angle_deg=-169.34 | direction=-Y | turn_angle_deg=105.88
Episode=12 | Step=183 | GlobalStep=1321 | Source=WARMUP_RANDOM | action_y=+0.263733 | action_z=-0.320046 | magnitude=0.414710 | angle_deg=-50.51 | direction=+Y-Z | turn_angle_deg=118.83
Episode=12 | Step=184 | GlobalStep=1322 | Source=WARMUP_RANDOM | action_y=+0.169688 | action_z=+0.855675 | magnitude=0.872338 | angle_deg=+78.78 | direction=+Z | turn_angle_deg=129.29
Episode=12 | Step=185 | GlobalStep=1323 | Source=WARMUP_RANDOM | action_y=-0.691332 | action_z=-0.986579 | magnitude=1.204690 | angle_deg=-125.02 | direction=-Y-Z | turn_angle_deg=156.20
Episode=12 | Step=186 | GlobalStep=1324 | Source=WARMUP_RANDOM | action_y=-0.857102 | action_z=-0.157531 | magnitude=0.871458 | angle_deg=-169.59 | direction=-Y | turn_angle_deg=44.57
Episode=12 | Step=187 | GlobalStep=1325 | Source=WARMUP_RANDOM | action_y=-0.266358 | action_z=-0.009851 | magnitude=0.266540 | angle_deg=-177.88 | direction=-Y | turn_angle_deg=8.30
Episode=12 | Step=188 | GlobalStep=1326 | Source=WARMUP_RANDOM | action_y=-0.274949 | action_z=-0.196668 | magnitude=0.338046 | angle_deg=-144.42 | direction=-Y-Z | turn_angle_deg=33.46
Episode=12 | Step=189 | GlobalStep=1327 | Source=WARMUP_RANDOM | action_y=-0.601737 | action_z=+0.540695 | magnitude=0.808974 | angle_deg=+138.06 | direction=-Y+Z | turn_angle_deg=77.52
Episode=12 | Step=190 | GlobalStep=1328 | Source=WARMUP_RANDOM | action_y=+0.250752 | action_z=+0.111404 | magnitude=0.274386 | angle_deg=+23.95 | direction=+Y+Z | turn_angle_deg=114.10
Episode=12 | Step=191 | GlobalStep=1329 | Source=WARMUP_RANDOM | action_y=-0.318884 | action_z=+0.292618 | magnitude=0.432796 | angle_deg=+137.46 | direction=-Y+Z | turn_angle_deg=113.50
Episode=12 | Step=192 | GlobalStep=1330 | Source=WARMUP_RANDOM | action_y=-0.900759 | action_z=+0.231298 | magnitude=0.929982 | angle_deg=+165.60 | direction=-Y | turn_angle_deg=28.14
Episode=12 | Step=193 | GlobalStep=1331 | Source=WARMUP_RANDOM | action_y=+0.257248 | action_z=-0.772500 | magnitude=0.814207 | angle_deg=-71.58 | direction=-Z | turn_angle_deg=122.82
Episode=12 | Step=194 | GlobalStep=1332 | Source=WARMUP_RANDOM | action_y=+0.029400 | action_z=+0.924260 | magnitude=0.924728 | angle_deg=+88.18 | direction=+Z | turn_angle_deg=159.76
Episode=12 | Step=195 | GlobalStep=1333 | Source=WARMUP_RANDOM | action_y=-0.143335 | action_z=-0.080964 | magnitude=0.164621 | angle_deg=-150.54 | direction=-Y-Z | turn_angle_deg=121.28
Episode=12 | Step=196 | GlobalStep=1334 | Source=WARMUP_RANDOM | action_y=+0.564452 | action_z=-0.591547 | magnitude=0.817639 | angle_deg=-46.34 | direction=+Y-Z | turn_angle_deg=104.20
Episode=12 | Step=197 | GlobalStep=1335 | Source=WARMUP_RANDOM | action_y=-0.009540 | action_z=+0.789692 | magnitude=0.789750 | angle_deg=+90.69 | direction=+Z | turn_angle_deg=137.03
Episode=12 | Step=198 | GlobalStep=1336 | Source=WARMUP_RANDOM | action_y=-0.049273 | action_z=-0.696407 | magnitude=0.698148 | angle_deg=-94.05 | direction=-Z | turn_angle_deg=175.26
Episode=12 | Step=199 | GlobalStep=1337 | Source=WARMUP_RANDOM | action_y=+0.526654 | action_z=+0.515144 | magnitude=0.736708 | angle_deg=+44.37 | direction=+Y+Z | turn_angle_deg=138.41
Episode=12 | Step=200 | GlobalStep=1338 | Source=WARMUP_RANDOM | action_y=+0.450453 | action_z=+0.565896 | magnitude=0.723288 | angle_deg=+51.48 | direction=+Y+Z | turn_angle_deg=7.11
Episode=12 | Step=201 | GlobalStep=1339 | Source=WARMUP_RANDOM | action_y=+0.115120 | action_z=-0.124971 | magnitude=0.169913 | angle_deg=-47.35 | direction=+Y-Z | turn_angle_deg=98.83
Episode=12 | Step=202 | GlobalStep=1340 | Source=WARMUP_RANDOM | action_y=+0.145822 | action_z=-0.258794 | magnitude=0.297050 | angle_deg=-60.60 | direction=+Y-Z | turn_angle_deg=13.25
Episode=12 | Step=203 | GlobalStep=1341 | Source=WARMUP_RANDOM | action_y=+0.794670 | action_z=-0.036664 | magnitude=0.795516 | angle_deg=-2.64 | direction=+Y | turn_angle_deg=57.96
Episode=12 | Step=204 | GlobalStep=1342 | Source=WARMUP_RANDOM | action_y=+0.029648 | action_z=+0.628274 | magnitude=0.628973 | angle_deg=+87.30 | direction=+Z | turn_angle_deg=89.94
Episode=12 | Step=205 | GlobalStep=1343 | Source=WARMUP_RANDOM | action_y=-0.687353 | action_z=+0.208536 | magnitude=0.718290 | angle_deg=+163.12 | direction=-Y | turn_angle_deg=75.82
Episode=12 | Step=206 | GlobalStep=1344 | Source=WARMUP_RANDOM | action_y=+0.263072 | action_z=-0.778048 | magnitude=0.821320 | angle_deg=-71.32 | direction=-Z | turn_angle_deg=125.56
Episode=12 | Step=207 | GlobalStep=1345 | Source=WARMUP_RANDOM | action_y=-0.484633 | action_z=-0.595912 | magnitude=0.768102 | angle_deg=-129.12 | direction=-Y-Z | turn_angle_deg=57.80
Episode=12 | Step=208 | GlobalStep=1346 | Source=WARMUP_RANDOM | action_y=-0.755894 | action_z=+0.348556 | magnitude=0.832386 | angle_deg=+155.24 | direction=-Y+Z | turn_angle_deg=75.64
Episode=12 | Step=209 | GlobalStep=1347 | Source=WARMUP_RANDOM | action_y=-0.906932 | action_z=+0.132070 | magnitude=0.916498 | angle_deg=+171.71 | direction=-Y | turn_angle_deg=16.47
Episode=12 | Step=210 | GlobalStep=1348 | Source=WARMUP_RANDOM | action_y=+0.427347 | action_z=-0.204529 | magnitude=0.473770 | angle_deg=-25.58 | direction=+Y-Z | turn_angle_deg=162.71
Episode=12 | Step=211 | GlobalStep=1349 | Source=WARMUP_RANDOM | action_y=-0.433152 | action_z=-0.502614 | magnitude=0.663506 | angle_deg=-130.75 | direction=-Y-Z | turn_angle_deg=105.18
Episode=12 | Step=212 | GlobalStep=1350 | Source=WARMUP_RANDOM | action_y=+0.493139 | action_z=+0.142434 | magnitude=0.513297 | angle_deg=+16.11 | direction=+Y | turn_angle_deg=146.87
Episode=12 | Step=213 | GlobalStep=1351 | Source=WARMUP_RANDOM | action_y=+0.437593 | action_z=-0.583209 | magnitude=0.729123 | angle_deg=-53.12 | direction=+Y-Z | turn_angle_deg=69.23
Episode=12 | Step=214 | GlobalStep=1352 | Source=WARMUP_RANDOM | action_y=-0.103101 | action_z=-0.245673 | magnitude=0.266430 | angle_deg=-112.77 | direction=-Y-Z | turn_angle_deg=59.65
Episode=12 | Step=215 | GlobalStep=1353 | Source=WARMUP_RANDOM | action_y=+0.099068 | action_z=+0.404352 | magnitude=0.416311 | angle_deg=+76.23 | direction=+Z | turn_angle_deg=171.00
Episode=12 | Step=216 | GlobalStep=1354 | Source=WARMUP_RANDOM | action_y=+0.110453 | action_z=+0.772047 | magnitude=0.779908 | angle_deg=+81.86 | direction=+Z | turn_angle_deg=5.62
Episode=12 | Step=217 | GlobalStep=1355 | Source=WARMUP_RANDOM | action_y=+0.162570 | action_z=+0.701622 | magnitude=0.720210 | angle_deg=+76.95 | direction=+Z | turn_angle_deg=4.90
Episode=12 | Step=218 | GlobalStep=1356 | Source=WARMUP_RANDOM | action_y=+0.008830 | action_z=-0.371188 | magnitude=0.371293 | angle_deg=-88.64 | direction=-Z | turn_angle_deg=165.59
Episode=12 | Step=219 | GlobalStep=1357 | Source=WARMUP_RANDOM | action_y=-0.499264 | action_z=+0.542168 | magnitude=0.737028 | angle_deg=+132.64 | direction=-Y+Z | turn_angle_deg=138.72
Episode=12 | Step=220 | GlobalStep=1358 | Source=WARMUP_RANDOM | action_y=-0.147990 | action_z=+0.426254 | magnitude=0.451213 | angle_deg=+109.15 | direction=+Z | turn_angle_deg=23.49
Episode=12 | Step=221 | GlobalStep=1359 | Source=WARMUP_RANDOM | action_y=-0.228476 | action_z=-0.411540 | magnitude=0.470708 | angle_deg=-119.04 | direction=-Y-Z | turn_angle_deg=131.82
Episode=12 | Step=222 | GlobalStep=1360 | Source=WARMUP_RANDOM | action_y=+0.702110 | action_z=+0.160917 | magnitude=0.720314 | angle_deg=+12.91 | direction=+Y | turn_angle_deg=131.95
Episode=12 | Step=223 | GlobalStep=1361 | Source=WARMUP_RANDOM | action_y=+0.732619 | action_z=-0.811564 | magnitude=1.093328 | angle_deg=-47.93 | direction=+Y-Z | turn_angle_deg=60.84
Episode=12 | Step=224 | GlobalStep=1362 | Source=WARMUP_RANDOM | action_y=+0.794582 | action_z=+0.082898 | magnitude=0.798894 | angle_deg=+5.96 | direction=+Y | turn_angle_deg=53.88
Episode=12 | Step=225 | GlobalStep=1363 | Source=WARMUP_RANDOM | action_y=+0.909769 | action_z=+0.503203 | magnitude=1.039660 | angle_deg=+28.95 | direction=+Y+Z | turn_angle_deg=22.99
Episode=12 | Step=226 | GlobalStep=1364 | Source=WARMUP_RANDOM | action_y=+0.811429 | action_z=+0.714033 | magnitude=1.080861 | angle_deg=+41.35 | direction=+Y+Z | turn_angle_deg=12.40
Episode=12 | Step=227 | GlobalStep=1365 | Source=WARMUP_RANDOM | action_y=-0.321286 | action_z=-0.975195 | magnitude=1.026757 | angle_deg=-108.23 | direction=-Z | turn_angle_deg=149.58
Episode=12 | Step=228 | GlobalStep=1366 | Source=WARMUP_RANDOM | action_y=+0.230612 | action_z=+0.342081 | magnitude=0.412555 | angle_deg=+56.01 | direction=+Y+Z | turn_angle_deg=164.25
Episode=12 | Step=229 | GlobalStep=1367 | Source=WARMUP_RANDOM | action_y=+0.373104 | action_z=-0.713035 | magnitude=0.804752 | angle_deg=-62.38 | direction=+Y-Z | turn_angle_deg=118.39
Episode=12 | Step=230 | GlobalStep=1368 | Source=WARMUP_RANDOM | action_y=-0.957361 | action_z=+0.495921 | magnitude=1.078183 | angle_deg=+152.62 | direction=-Y+Z | turn_angle_deg=145.01
Episode=12 | Step=231 | GlobalStep=1369 | Source=WARMUP_RANDOM | action_y=-0.436597 | action_z=+0.419148 | magnitude=0.605229 | angle_deg=+136.17 | direction=-Y+Z | turn_angle_deg=16.45
Episode=12 | Step=232 | GlobalStep=1370 | Source=WARMUP_RANDOM | action_y=-0.211396 | action_z=+0.086155 | magnitude=0.228278 | angle_deg=+157.83 | direction=-Y | turn_angle_deg=21.66
Episode=12 | Step=233 | GlobalStep=1371 | Source=WARMUP_RANDOM | action_y=+0.214110 | action_z=+0.299212 | magnitude=0.367928 | angle_deg=+54.41 | direction=+Y+Z | turn_angle_deg=103.41
Episode=12 | Step=234 | GlobalStep=1372 | Source=WARMUP_RANDOM | action_y=-0.176425 | action_z=+0.176753 | magnitude=0.249735 | angle_deg=+134.95 | direction=-Y+Z | turn_angle_deg=80.53
Episode=12 | Step=235 | GlobalStep=1373 | Source=WARMUP_RANDOM | action_y=+0.202763 | action_z=+0.859831 | magnitude=0.883415 | angle_deg=+76.73 | direction=+Z | turn_angle_deg=58.22
Episode=12 | Step=236 | GlobalStep=1374 | Source=WARMUP_RANDOM | action_y=+0.832890 | action_z=+0.991723 | magnitude=1.295076 | angle_deg=+49.98 | direction=+Y+Z | turn_angle_deg=26.76
Episode=12 | Step=237 | GlobalStep=1375 | Source=WARMUP_RANDOM | action_y=-0.572293 | action_z=-0.171881 | magnitude=0.597547 | angle_deg=-163.28 | direction=-Y | turn_angle_deg=146.74
Episode=12 | Step=238 | GlobalStep=1376 | Source=WARMUP_RANDOM | action_y=+0.624828 | action_z=+0.056903 | magnitude=0.627413 | angle_deg=+5.20 | direction=+Y | turn_angle_deg=168.49
Episode=12 | Step=239 | GlobalStep=1377 | Source=WARMUP_RANDOM | action_y=+0.670759 | action_z=+0.748911 | magnitude=1.005378 | angle_deg=+48.15 | direction=+Y+Z | turn_angle_deg=42.95
Episode=12 | Step=240 | GlobalStep=1378 | Source=WARMUP_RANDOM | action_y=+0.721680 | action_z=+0.417971 | magnitude=0.833979 | angle_deg=+30.08 | direction=+Y+Z | turn_angle_deg=18.07
Episode=12 | Step=241 | GlobalStep=1379 | Source=WARMUP_RANDOM | action_y=-0.508736 | action_z=+0.802753 | magnitude=0.950381 | angle_deg=+122.36 | direction=-Y+Z | turn_angle_deg=92.29
Episode=12 | Step=242 | GlobalStep=1380 | Source=WARMUP_RANDOM | action_y=-0.053170 | action_z=+0.545113 | magnitude=0.547700 | angle_deg=+95.57 | direction=+Z | turn_angle_deg=26.79
Episode=12 | Step=243 | GlobalStep=1381 | Source=WARMUP_RANDOM | action_y=+0.415061 | action_z=-0.149640 | magnitude=0.441212 | angle_deg=-19.83 | direction=+Y | turn_angle_deg=115.40
Episode=12 | Step=244 | GlobalStep=1382 | Source=WARMUP_RANDOM | action_y=-0.262452 | action_z=-0.495363 | magnitude=0.560594 | angle_deg=-117.92 | direction=-Y-Z | turn_angle_deg=98.09
Episode=12 | Step=245 | GlobalStep=1383 | Source=WARMUP_RANDOM | action_y=+0.592693 | action_z=-0.182480 | magnitude=0.620148 | angle_deg=-17.11 | direction=+Y | turn_angle_deg=100.80
Episode=12 | Step=246 | GlobalStep=1384 | Source=WARMUP_RANDOM | action_y=+0.818273 | action_z=-0.760753 | magnitude=1.117281 | angle_deg=-42.91 | direction=+Y-Z | turn_angle_deg=25.80
Episode=12 | Step=247 | GlobalStep=1385 | Source=WARMUP_RANDOM | action_y=+0.507117 | action_z=+0.098314 | magnitude=0.516559 | angle_deg=+10.97 | direction=+Y | turn_angle_deg=53.89
Episode=12 | Step=248 | GlobalStep=1386 | Source=WARMUP_RANDOM | action_y=+0.180316 | action_z=+0.510991 | magnitude=0.541872 | angle_deg=+70.56 | direction=+Z | turn_angle_deg=59.59
Episode=12 | Step=249 | GlobalStep=1387 | Source=WARMUP_RANDOM | action_y=+0.693294 | action_z=-0.469248 | magnitude=0.837168 | angle_deg=-34.09 | direction=+Y-Z | turn_angle_deg=104.65
Episode=12 | Step=250 | GlobalStep=1388 | Source=WARMUP_RANDOM | action_y=+0.067767 | action_z=+0.606276 | magnitude=0.610051 | angle_deg=+83.62 | direction=+Z | turn_angle_deg=117.71
Episode=12 | Step=251 | GlobalStep=1389 | Source=WARMUP_RANDOM | action_y=-0.899140 | action_z=-0.161206 | magnitude=0.913477 | angle_deg=-169.84 | direction=-Y | turn_angle_deg=106.54
Episode=12 | Step=252 | GlobalStep=1390 | Source=WARMUP_RANDOM | action_y=-0.387453 | action_z=+0.573450 | magnitude=0.692073 | angle_deg=+124.05 | direction=-Y+Z | turn_angle_deg=66.12
Episode=12 | Step=253 | GlobalStep=1391 | Source=WARMUP_RANDOM | action_y=-0.535697 | action_z=-0.120164 | magnitude=0.549009 | angle_deg=-167.36 | direction=-Y | turn_angle_deg=68.60
Episode=12 | Step=254 | GlobalStep=1392 | Source=WARMUP_RANDOM | action_y=-0.068322 | action_z=-0.949998 | magnitude=0.952452 | angle_deg=-94.11 | direction=-Z | turn_angle_deg=73.24
Episode=12 | Step=255 | GlobalStep=1393 | Source=WARMUP_RANDOM | action_y=-0.411068 | action_z=-0.802054 | magnitude=0.901259 | angle_deg=-117.14 | direction=-Y-Z | turn_angle_deg=23.02
Episode=12 | Step=256 | GlobalStep=1394 | Source=WARMUP_RANDOM | action_y=-0.675791 | action_z=+0.281855 | magnitude=0.732213 | angle_deg=+157.36 | direction=-Y+Z | turn_angle_deg=85.50
Episode=12 | Step=257 | GlobalStep=1395 | Source=WARMUP_RANDOM | action_y=+0.730221 | action_z=-0.742719 | magnitude=1.041563 | angle_deg=-45.49 | direction=+Y-Z | turn_angle_deg=157.15
Episode=12 | Step=258 | GlobalStep=1396 | Source=WARMUP_RANDOM | action_y=-0.531744 | action_z=+0.481161 | magnitude=0.717124 | angle_deg=+137.86 | direction=-Y+Z | turn_angle_deg=176.65
Episode=12 | Step=259 | GlobalStep=1397 | Source=WARMUP_RANDOM | action_y=+0.675718 | action_z=+0.402964 | magnitude=0.786750 | angle_deg=+30.81 | direction=+Y+Z | turn_angle_deg=107.05
Episode=12 | Step=260 | GlobalStep=1398 | Source=WARMUP_RANDOM | action_y=-0.398636 | action_z=+0.660468 | magnitude=0.771446 | angle_deg=+121.11 | direction=-Y+Z | turn_angle_deg=90.30
Episode=12 | Step=261 | GlobalStep=1399 | Source=WARMUP_RANDOM | action_y=-0.629253 | action_z=+0.947382 | magnitude=1.137318 | angle_deg=+123.59 | direction=-Y+Z | turn_angle_deg=2.48
Episode=12 | Step=262 | GlobalStep=1400 | Source=WARMUP_RANDOM | action_y=-0.969020 | action_z=-0.644723 | magnitude=1.163902 | angle_deg=-146.36 | direction=-Y-Z | turn_angle_deg=90.04
Episode=12 | Step=263 | GlobalStep=1401 | Source=WARMUP_RANDOM | action_y=-0.948812 | action_z=+0.100402 | magnitude=0.954110 | angle_deg=+173.96 | direction=-Y | turn_angle_deg=39.68
Episode=12 | Step=264 | GlobalStep=1402 | Source=WARMUP_RANDOM | action_y=-0.790911 | action_z=+0.088967 | magnitude=0.795899 | angle_deg=+173.58 | direction=-Y | turn_angle_deg=0.38
Episode=12 | Step=265 | GlobalStep=1403 | Source=WARMUP_RANDOM | action_y=-0.861270 | action_z=+0.337671 | magnitude=0.925099 | angle_deg=+158.59 | direction=-Y | turn_angle_deg=14.99
Episode=12 | Step=266 | GlobalStep=1404 | Source=WARMUP_RANDOM | action_y=+0.313988 | action_z=-0.642990 | magnitude=0.715559 | angle_deg=-63.97 | direction=+Y-Z | turn_angle_deg=137.44
Episode=12 | Step=267 | GlobalStep=1405 | Source=WARMUP_RANDOM | action_y=-0.431227 | action_z=-0.275118 | magnitude=0.511515 | angle_deg=-147.46 | direction=-Y-Z | turn_angle_deg=83.49
Episode=12 | Step=268 | GlobalStep=1406 | Source=WARMUP_RANDOM | action_y=-0.571116 | action_z=-0.018240 | magnitude=0.571407 | angle_deg=-178.17 | direction=-Y | turn_angle_deg=30.71
Episode=12 | Step=269 | GlobalStep=1407 | Source=WARMUP_RANDOM | action_y=+0.688935 | action_z=-0.779236 | magnitude=1.040115 | angle_deg=-48.52 | direction=+Y-Z | turn_angle_deg=129.65
Episode=12 | Step=270 | GlobalStep=1408 | Source=WARMUP_RANDOM | action_y=+0.782681 | action_z=-0.077479 | magnitude=0.786507 | angle_deg=-5.65 | direction=+Y | turn_angle_deg=42.87
Episode=12 | Step=271 | GlobalStep=1409 | Source=WARMUP_RANDOM | action_y=-0.400321 | action_z=+0.785883 | magnitude=0.881969 | angle_deg=+116.99 | direction=-Y+Z | turn_angle_deg=122.65
Episode=12 | Step=272 | GlobalStep=1410 | Source=WARMUP_RANDOM | action_y=-0.355776 | action_z=-0.896798 | magnitude=0.964792 | angle_deg=-111.64 | direction=-Z | turn_angle_deg=131.37
Episode=12 | Step=273 | GlobalStep=1411 | Source=WARMUP_RANDOM | action_y=+0.089655 | action_z=-0.527544 | magnitude=0.535108 | angle_deg=-80.35 | direction=-Z | turn_angle_deg=31.28
Episode=12 | Step=274 | GlobalStep=1412 | Source=WARMUP_RANDOM | action_y=+0.658584 | action_z=-0.531917 | magnitude=0.846563 | angle_deg=-38.93 | direction=+Y-Z | turn_angle_deg=41.43
Episode=12 | Step=275 | GlobalStep=1413 | Source=WARMUP_RANDOM | action_y=+0.586220 | action_z=+0.183854 | magnitude=0.614375 | angle_deg=+17.41 | direction=+Y | turn_angle_deg=56.34
Episode=12 | Step=276 | GlobalStep=1414 | Source=WARMUP_RANDOM | action_y=-0.568872 | action_z=-0.193164 | magnitude=0.600773 | angle_deg=-161.24 | direction=-Y | turn_angle_deg=178.66
Episode=12 | Step=277 | GlobalStep=1415 | Source=WARMUP_RANDOM | action_y=+0.718109 | action_z=+0.505375 | magnitude=0.878114 | angle_deg=+35.14 | direction=+Y+Z | turn_angle_deg=163.62
Episode=12 | Step=278 | GlobalStep=1416 | Source=WARMUP_RANDOM | action_y=-0.293051 | action_z=-0.762274 | magnitude=0.816664 | angle_deg=-111.03 | direction=-Z | turn_angle_deg=146.17
Episode=12 | Step=279 | GlobalStep=1417 | Source=WARMUP_RANDOM | action_y=-0.220423 | action_z=-0.330572 | magnitude=0.397321 | angle_deg=-123.70 | direction=-Y-Z | turn_angle_deg=12.67
Episode=12 | Step=280 | GlobalStep=1418 | Source=WARMUP_RANDOM | action_y=-0.860069 | action_z=+0.833953 | magnitude=1.197997 | angle_deg=+135.88 | direction=-Y+Z | turn_angle_deg=100.42
Episode=12 | Step=281 | GlobalStep=1419 | Source=WARMUP_RANDOM | action_y=-0.044371 | action_z=+0.283606 | magnitude=0.287056 | angle_deg=+98.89 | direction=+Z | turn_angle_deg=36.99
Episode=12 | Step=282 | GlobalStep=1420 | Source=WARMUP_RANDOM | action_y=+0.576205 | action_z=-0.520976 | magnitude=0.776807 | angle_deg=-42.12 | direction=+Y-Z | turn_angle_deg=141.01
Episode=12 | Step=283 | GlobalStep=1421 | Source=WARMUP_RANDOM | action_y=-0.473760 | action_z=-0.869645 | magnitude=0.990319 | angle_deg=-118.58 | direction=-Y-Z | turn_angle_deg=76.46
Episode=12 | Step=284 | GlobalStep=1422 | Source=WARMUP_RANDOM | action_y=-0.041079 | action_z=-0.046857 | magnitude=0.062314 | angle_deg=-131.24 | direction=-Y-Z | turn_angle_deg=12.66
Episode=12 | Step=285 | GlobalStep=1423 | Source=WARMUP_RANDOM | action_y=-0.553094 | action_z=+0.126953 | magnitude=0.567477 | angle_deg=+167.07 | direction=-Y | turn_angle_deg=61.69
Episode=12 | Step=286 | GlobalStep=1424 | Source=WARMUP_RANDOM | action_y=-0.889082 | action_z=-0.083757 | magnitude=0.893019 | angle_deg=-174.62 | direction=-Y | turn_angle_deg=18.31
Episode=12 | Step=287 | GlobalStep=1425 | Source=WARMUP_RANDOM | action_y=+0.865171 | action_z=-0.475131 | magnitude=0.987051 | angle_deg=-28.77 | direction=+Y-Z | turn_angle_deg=145.84
Episode=12 | Step=288 | GlobalStep=1426 | Source=WARMUP_RANDOM | action_y=-0.384235 | action_z=-0.497417 | magnitude=0.628538 | angle_deg=-127.68 | direction=-Y-Z | turn_angle_deg=98.91
Episode=12 | Step=289 | GlobalStep=1427 | Source=WARMUP_RANDOM | action_y=+0.381731 | action_z=-0.027794 | magnitude=0.382741 | angle_deg=-4.16 | direction=+Y | turn_angle_deg=123.52
Episode=12 | Step=290 | GlobalStep=1428 | Source=WARMUP_RANDOM | action_y=+0.731909 | action_z=+0.849273 | magnitude=1.121140 | angle_deg=+49.25 | direction=+Y+Z | turn_angle_deg=53.41
Episode=12 | Step=291 | GlobalStep=1429 | Source=WARMUP_RANDOM | action_y=-0.008195 | action_z=-0.718254 | magnitude=0.718301 | angle_deg=-90.65 | direction=-Z | turn_angle_deg=139.90
----------------------------------------------------------------------------------------------------
[Episode 12 END] | reason=insertion_failure | hole_found=True | assembly_success=False | search_steps=291 | search_time_s=29.10 | yz_path_mm=421.45
====================================================================================================
====================================================================================================
[Episode 13 START]
字段: Episode | Step | GlobalStep | Source | action_y | action_z | magnitude | angle_deg | direction | turn_angle_deg
方向角: +Y=0deg, +Z=+90deg, -Y=+/-180deg, -Z=-90deg
当前实验 sac_action_step = 0.05 mm；实际每轴参考增量 = action × 0.05 mm
----------------------------------------------------------------------------------------------------
Episode=13 | Step=1 | GlobalStep=1430 | Source=WARMUP_RANDOM | action_y=+0.677019 | action_z=-0.655158 | magnitude=0.942118 | angle_deg=-44.06 | direction=+Y-Z | turn_angle_deg=N/A
Episode=13 | Step=2 | GlobalStep=1431 | Source=WARMUP_RANDOM | action_y=+0.729632 | action_z=+0.751601 | magnitude=1.047505 | angle_deg=+45.85 | direction=+Y+Z | turn_angle_deg=89.91
Episode=13 | Step=3 | GlobalStep=1432 | Source=WARMUP_RANDOM | action_y=-0.089970 | action_z=+0.260955 | magnitude=0.276029 | angle_deg=+109.02 | direction=+Z | turn_angle_deg=63.17
Episode=13 | Step=4 | GlobalStep=1433 | Source=WARMUP_RANDOM | action_y=-0.084820 | action_z=-0.672634 | magnitude=0.677960 | angle_deg=-97.19 | direction=-Z | turn_angle_deg=153.79
Episode=13 | Step=5 | GlobalStep=1434 | Source=WARMUP_RANDOM | action_y=-0.866119 | action_z=+0.386925 | magnitude=0.948616 | angle_deg=+155.93 | direction=-Y+Z | turn_angle_deg=106.88
Episode=13 | Step=6 | GlobalStep=1435 | Source=WARMUP_RANDOM | action_y=-0.161776 | action_z=+0.883833 | magnitude=0.898517 | angle_deg=+100.37 | direction=+Z | turn_angle_deg=55.56
Episode=13 | Step=7 | GlobalStep=1436 | Source=WARMUP_RANDOM | action_y=+0.298222 | action_z=+0.459038 | magnitude=0.547405 | angle_deg=+56.99 | direction=+Y+Z | turn_angle_deg=43.38
Episode=13 | Step=8 | GlobalStep=1437 | Source=WARMUP_RANDOM | action_y=-0.859207 | action_z=+0.872613 | magnitude=1.224619 | angle_deg=+134.56 | direction=-Y+Z | turn_angle_deg=77.57
Episode=13 | Step=9 | GlobalStep=1438 | Source=WARMUP_RANDOM | action_y=+0.134304 | action_z=+0.241223 | magnitude=0.276091 | angle_deg=+60.89 | direction=+Y+Z | turn_angle_deg=73.66
Episode=13 | Step=10 | GlobalStep=1439 | Source=WARMUP_RANDOM | action_y=-0.993961 | action_z=-0.051786 | magnitude=0.995309 | angle_deg=-177.02 | direction=-Y | turn_angle_deg=122.09
Episode=13 | Step=11 | GlobalStep=1440 | Source=WARMUP_RANDOM | action_y=+0.969085 | action_z=-0.082552 | magnitude=0.972595 | angle_deg=-4.87 | direction=+Y | turn_angle_deg=172.15
Episode=13 | Step=12 | GlobalStep=1441 | Source=WARMUP_RANDOM | action_y=+0.672625 | action_z=+0.802269 | magnitude=1.046929 | angle_deg=+50.02 | direction=+Y+Z | turn_angle_deg=54.89
Episode=13 | Step=13 | GlobalStep=1442 | Source=WARMUP_RANDOM | action_y=+0.669255 | action_z=+0.732782 | magnitude=0.992408 | angle_deg=+47.59 | direction=+Y+Z | turn_angle_deg=2.43
Episode=13 | Step=14 | GlobalStep=1443 | Source=WARMUP_RANDOM | action_y=+0.625463 | action_z=+0.342149 | magnitude=0.712930 | angle_deg=+28.68 | direction=+Y+Z | turn_angle_deg=18.91
Episode=13 | Step=15 | GlobalStep=1444 | Source=WARMUP_RANDOM | action_y=-0.333209 | action_z=+0.861016 | magnitude=0.923243 | angle_deg=+111.16 | direction=+Z | turn_angle_deg=82.48
Episode=13 | Step=16 | GlobalStep=1445 | Source=WARMUP_RANDOM | action_y=-0.441040 | action_z=+0.622397 | magnitude=0.762820 | angle_deg=+125.32 | direction=-Y+Z | turn_angle_deg=14.17
Episode=13 | Step=17 | GlobalStep=1446 | Source=WARMUP_RANDOM | action_y=+0.856818 | action_z=+0.786219 | magnitude=1.162874 | angle_deg=+42.54 | direction=+Y+Z | turn_angle_deg=82.78
Episode=13 | Step=18 | GlobalStep=1447 | Source=WARMUP_RANDOM | action_y=+0.927501 | action_z=+0.174924 | magnitude=0.943852 | angle_deg=+10.68 | direction=+Y | turn_angle_deg=31.86
Episode=13 | Step=19 | GlobalStep=1448 | Source=WARMUP_RANDOM | action_y=+0.026513 | action_z=-0.403953 | magnitude=0.404822 | angle_deg=-86.24 | direction=-Z | turn_angle_deg=96.93
Episode=13 | Step=20 | GlobalStep=1449 | Source=WARMUP_RANDOM | action_y=-0.307389 | action_z=+0.378879 | magnitude=0.487891 | angle_deg=+129.05 | direction=-Y+Z | turn_angle_deg=144.70
Episode=13 | Step=21 | GlobalStep=1450 | Source=WARMUP_RANDOM | action_y=-0.791690 | action_z=-0.879079 | magnitude=1.183027 | angle_deg=-132.01 | direction=-Y-Z | turn_angle_deg=98.94
Episode=13 | Step=22 | GlobalStep=1451 | Source=WARMUP_RANDOM | action_y=+0.655135 | action_z=-0.467607 | magnitude=0.804896 | angle_deg=-35.52 | direction=+Y-Z | turn_angle_deg=96.49
Episode=13 | Step=23 | GlobalStep=1452 | Source=WARMUP_RANDOM | action_y=+0.723864 | action_z=-0.446942 | magnitude=0.850727 | angle_deg=-31.69 | direction=+Y-Z | turn_angle_deg=3.82
Episode=13 | Step=24 | GlobalStep=1453 | Source=WARMUP_RANDOM | action_y=+0.762049 | action_z=-0.603812 | magnitude=0.972269 | angle_deg=-38.39 | direction=+Y-Z | turn_angle_deg=6.70
Episode=13 | Step=25 | GlobalStep=1454 | Source=WARMUP_RANDOM | action_y=+0.132717 | action_z=-0.049076 | magnitude=0.141500 | angle_deg=-20.29 | direction=+Y | turn_angle_deg=18.10
Episode=13 | Step=26 | GlobalStep=1455 | Source=WARMUP_RANDOM | action_y=+0.966686 | action_z=-0.838795 | magnitude=1.279866 | angle_deg=-40.95 | direction=+Y-Z | turn_angle_deg=20.65
Episode=13 | Step=27 | GlobalStep=1456 | Source=WARMUP_RANDOM | action_y=-0.388725 | action_z=-0.797971 | magnitude=0.887618 | angle_deg=-115.97 | direction=-Y-Z | turn_angle_deg=75.02
Episode=13 | Step=28 | GlobalStep=1457 | Source=WARMUP_RANDOM | action_y=-0.160839 | action_z=+0.075012 | magnitude=0.177471 | angle_deg=+155.00 | direction=-Y+Z | turn_angle_deg=89.03
Episode=13 | Step=29 | GlobalStep=1458 | Source=WARMUP_RANDOM | action_y=-0.816759 | action_z=+0.176499 | magnitude=0.835612 | angle_deg=+167.81 | direction=-Y | turn_angle_deg=12.81
Episode=13 | Step=30 | GlobalStep=1459 | Source=WARMUP_RANDOM | action_y=-0.143977 | action_z=+0.006019 | magnitude=0.144103 | angle_deg=+177.61 | direction=-Y | turn_angle_deg=9.80
Episode=13 | Step=31 | GlobalStep=1460 | Source=WARMUP_RANDOM | action_y=+0.074022 | action_z=+0.114151 | magnitude=0.136050 | angle_deg=+57.04 | direction=+Y+Z | turn_angle_deg=120.57
Episode=13 | Step=32 | GlobalStep=1461 | Source=WARMUP_RANDOM | action_y=-0.542734 | action_z=+0.287392 | magnitude=0.614129 | angle_deg=+152.10 | direction=-Y+Z | turn_angle_deg=95.06
Episode=13 | Step=33 | GlobalStep=1462 | Source=WARMUP_RANDOM | action_y=-0.399637 | action_z=-0.548744 | magnitude=0.678844 | angle_deg=-126.06 | direction=-Y-Z | turn_angle_deg=81.84
Episode=13 | Step=34 | GlobalStep=1463 | Source=WARMUP_RANDOM | action_y=-0.620437 | action_z=-0.062390 | magnitude=0.623566 | angle_deg=-174.26 | direction=-Y | turn_angle_deg=48.19
Episode=13 | Step=35 | GlobalStep=1464 | Source=WARMUP_RANDOM | action_y=+0.348829 | action_z=-0.168916 | magnitude=0.387575 | angle_deg=-25.84 | direction=+Y-Z | turn_angle_deg=148.42
Episode=13 | Step=36 | GlobalStep=1465 | Source=WARMUP_RANDOM | action_y=+0.813952 | action_z=+0.221718 | magnitude=0.843610 | angle_deg=+15.24 | direction=+Y | turn_angle_deg=41.08
Episode=13 | Step=37 | GlobalStep=1466 | Source=WARMUP_RANDOM | action_y=-0.214859 | action_z=+0.586832 | magnitude=0.624929 | angle_deg=+110.11 | direction=+Z | turn_angle_deg=94.87
Episode=13 | Step=38 | GlobalStep=1467 | Source=WARMUP_RANDOM | action_y=+0.653155 | action_z=-0.050091 | magnitude=0.655073 | angle_deg=-4.39 | direction=+Y | turn_angle_deg=114.49
Episode=13 | Step=39 | GlobalStep=1468 | Source=WARMUP_RANDOM | action_y=-0.318143 | action_z=-0.728261 | magnitude=0.794719 | angle_deg=-113.60 | direction=-Y-Z | turn_angle_deg=109.21
Episode=13 | Step=40 | GlobalStep=1469 | Source=WARMUP_RANDOM | action_y=-0.473016 | action_z=+0.372260 | magnitude=0.601931 | angle_deg=+141.80 | direction=-Y+Z | turn_angle_deg=104.60
Episode=13 | Step=41 | GlobalStep=1470 | Source=WARMUP_RANDOM | action_y=+0.076100 | action_z=-0.447396 | magnitude=0.453822 | angle_deg=-80.35 | direction=-Z | turn_angle_deg=137.86
Episode=13 | Step=42 | GlobalStep=1471 | Source=WARMUP_RANDOM | action_y=-0.127775 | action_z=+0.621723 | magnitude=0.634718 | angle_deg=+101.61 | direction=+Z | turn_angle_deg=178.04
Episode=13 | Step=43 | GlobalStep=1472 | Source=WARMUP_RANDOM | action_y=+0.420303 | action_z=+0.971463 | magnitude=1.058487 | angle_deg=+66.60 | direction=+Y+Z | turn_angle_deg=35.01
Episode=13 | Step=44 | GlobalStep=1473 | Source=WARMUP_RANDOM | action_y=+0.421915 | action_z=-0.752805 | magnitude=0.862977 | angle_deg=-60.73 | direction=+Y-Z | turn_angle_deg=127.34
Episode=13 | Step=45 | GlobalStep=1474 | Source=WARMUP_RANDOM | action_y=+0.206823 | action_z=+0.472443 | magnitude=0.515731 | angle_deg=+66.36 | direction=+Y+Z | turn_angle_deg=127.09
Episode=13 | Step=46 | GlobalStep=1475 | Source=WARMUP_RANDOM | action_y=-0.311086 | action_z=-0.583153 | magnitude=0.660940 | angle_deg=-118.08 | direction=-Y-Z | turn_angle_deg=175.56
Episode=13 | Step=47 | GlobalStep=1476 | Source=WARMUP_RANDOM | action_y=-0.495472 | action_z=+0.848157 | magnitude=0.982274 | angle_deg=+120.29 | direction=-Y+Z | turn_angle_deg=121.63
Episode=13 | Step=48 | GlobalStep=1477 | Source=WARMUP_RANDOM | action_y=+0.379038 | action_z=+0.561447 | magnitude=0.677416 | angle_deg=+55.98 | direction=+Y+Z | turn_angle_deg=64.32
Episode=13 | Step=49 | GlobalStep=1478 | Source=WARMUP_RANDOM | action_y=+0.810738 | action_z=+0.346921 | magnitude=0.881845 | angle_deg=+23.17 | direction=+Y+Z | turn_angle_deg=32.81
Episode=13 | Step=50 | GlobalStep=1479 | Source=WARMUP_RANDOM | action_y=-0.727925 | action_z=+0.994450 | magnitude=1.232399 | angle_deg=+126.20 | direction=-Y+Z | turn_angle_deg=103.04
Episode=13 | Step=51 | GlobalStep=1480 | Source=WARMUP_RANDOM | action_y=+0.276537 | action_z=-0.045090 | magnitude=0.280189 | angle_deg=-9.26 | direction=+Y | turn_angle_deg=135.46
Episode=13 | Step=52 | GlobalStep=1481 | Source=WARMUP_RANDOM | action_y=+0.082668 | action_z=-0.117829 | magnitude=0.143936 | angle_deg=-54.95 | direction=+Y-Z | turn_angle_deg=45.69
Episode=13 | Step=53 | GlobalStep=1482 | Source=WARMUP_RANDOM | action_y=+0.509235 | action_z=+0.007713 | magnitude=0.509294 | angle_deg=+0.87 | direction=+Y | turn_angle_deg=55.81
Episode=13 | Step=54 | GlobalStep=1483 | Source=WARMUP_RANDOM | action_y=-0.440956 | action_z=+0.854703 | magnitude=0.961748 | angle_deg=+117.29 | direction=-Y+Z | turn_angle_deg=116.42
Episode=13 | Step=55 | GlobalStep=1484 | Source=WARMUP_RANDOM | action_y=+0.519791 | action_z=+0.993675 | magnitude=1.121416 | angle_deg=+62.39 | direction=+Y+Z | turn_angle_deg=54.90
Episode=13 | Step=56 | GlobalStep=1485 | Source=WARMUP_RANDOM | action_y=-0.417885 | action_z=+0.563661 | magnitude=0.701671 | angle_deg=+126.55 | direction=-Y+Z | turn_angle_deg=64.17
Episode=13 | Step=57 | GlobalStep=1486 | Source=WARMUP_RANDOM | action_y=+0.321735 | action_z=+0.715627 | magnitude=0.784625 | angle_deg=+65.79 | direction=+Y+Z | turn_angle_deg=60.76
Episode=13 | Step=58 | GlobalStep=1487 | Source=WARMUP_RANDOM | action_y=-0.939717 | action_z=-0.846758 | magnitude=1.264937 | angle_deg=-137.98 | direction=-Y-Z | turn_angle_deg=156.23
Episode=13 | Step=59 | GlobalStep=1488 | Source=WARMUP_RANDOM | action_y=-0.352855 | action_z=+0.374009 | magnitude=0.514188 | angle_deg=+133.33 | direction=-Y+Z | turn_angle_deg=88.69
Episode=13 | Step=60 | GlobalStep=1489 | Source=WARMUP_RANDOM | action_y=+0.440288 | action_z=+0.822452 | magnitude=0.932888 | angle_deg=+61.84 | direction=+Y+Z | turn_angle_deg=71.49
Episode=13 | Step=61 | GlobalStep=1490 | Source=WARMUP_RANDOM | action_y=-0.371444 | action_z=-0.727915 | magnitude=0.817209 | angle_deg=-117.03 | direction=-Y-Z | turn_angle_deg=178.87
Episode=13 | Step=62 | GlobalStep=1491 | Source=WARMUP_RANDOM | action_y=+0.989851 | action_z=-0.835532 | magnitude=1.295345 | angle_deg=-40.17 | direction=+Y-Z | turn_angle_deg=76.87
Episode=13 | Step=63 | GlobalStep=1492 | Source=WARMUP_RANDOM | action_y=-0.445274 | action_z=+0.363787 | magnitude=0.574987 | angle_deg=+140.75 | direction=-Y+Z | turn_angle_deg=179.08
Episode=13 | Step=64 | GlobalStep=1493 | Source=WARMUP_RANDOM | action_y=+0.578043 | action_z=-0.526274 | magnitude=0.781728 | angle_deg=-42.32 | direction=+Y-Z | turn_angle_deg=176.93
Episode=13 | Step=65 | GlobalStep=1494 | Source=WARMUP_RANDOM | action_y=+0.288384 | action_z=+0.023192 | magnitude=0.289315 | angle_deg=+4.60 | direction=+Y | turn_angle_deg=46.91
Episode=13 | Step=66 | GlobalStep=1495 | Source=WARMUP_RANDOM | action_y=+0.301099 | action_z=+0.450844 | magnitude=0.542144 | angle_deg=+56.26 | direction=+Y+Z | turn_angle_deg=51.66
Episode=13 | Step=67 | GlobalStep=1496 | Source=WARMUP_RANDOM | action_y=-0.017475 | action_z=-0.012273 | magnitude=0.021354 | angle_deg=-144.92 | direction=-Y-Z | turn_angle_deg=158.82
Episode=13 | Step=68 | GlobalStep=1497 | Source=WARMUP_RANDOM | action_y=-0.309340 | action_z=-0.525669 | magnitude=0.609934 | angle_deg=-120.48 | direction=-Y-Z | turn_angle_deg=24.44
Episode=13 | Step=69 | GlobalStep=1498 | Source=WARMUP_RANDOM | action_y=+0.779853 | action_z=-0.514703 | magnitude=0.934392 | angle_deg=-33.42 | direction=+Y-Z | turn_angle_deg=87.05
Episode=13 | Step=70 | GlobalStep=1499 | Source=WARMUP_RANDOM | action_y=-0.819923 | action_z=-0.109309 | magnitude=0.827177 | angle_deg=-172.41 | direction=-Y | turn_angle_deg=138.98
Episode=13 | Step=71 | GlobalStep=1500 | Source=WARMUP_RANDOM | action_y=+0.972749 | action_z=-0.051453 | magnitude=0.974108 | angle_deg=-3.03 | direction=+Y | turn_angle_deg=169.38
Episode=13 | Step=72 | GlobalStep=1501 | Source=WARMUP_RANDOM | action_y=+0.995683 | action_z=-0.088852 | magnitude=0.999639 | angle_deg=-5.10 | direction=+Y | turn_angle_deg=2.07
Episode=13 | Step=73 | GlobalStep=1502 | Source=WARMUP_RANDOM | action_y=-0.184250 | action_z=-0.357329 | magnitude=0.402035 | angle_deg=-117.28 | direction=-Y-Z | turn_angle_deg=112.18
Episode=13 | Step=74 | GlobalStep=1503 | Source=WARMUP_RANDOM | action_y=-0.901286 | action_z=+0.515720 | magnitude=1.038404 | angle_deg=+150.22 | direction=-Y+Z | turn_angle_deg=92.50
Episode=13 | Step=75 | GlobalStep=1504 | Source=WARMUP_RANDOM | action_y=+0.670816 | action_z=+0.828556 | magnitude=1.066067 | angle_deg=+51.01 | direction=+Y+Z | turn_angle_deg=99.22
Episode=13 | Step=76 | GlobalStep=1505 | Source=WARMUP_RANDOM | action_y=+0.881003 | action_z=+0.185769 | magnitude=0.900375 | angle_deg=+11.91 | direction=+Y | turn_angle_deg=39.10
Episode=13 | Step=77 | GlobalStep=1506 | Source=WARMUP_RANDOM | action_y=-0.182983 | action_z=-0.442387 | magnitude=0.478737 | angle_deg=-112.47 | direction=-Z | turn_angle_deg=124.38
Episode=13 | Step=78 | GlobalStep=1507 | Source=WARMUP_RANDOM | action_y=-0.208901 | action_z=-0.411223 | magnitude=0.461241 | angle_deg=-116.93 | direction=-Y-Z | turn_angle_deg=4.46
Episode=13 | Step=79 | GlobalStep=1508 | Source=WARMUP_RANDOM | action_y=+0.962016 | action_z=+0.903019 | magnitude=1.319439 | angle_deg=+43.19 | direction=+Y+Z | turn_angle_deg=160.12
Episode=13 | Step=80 | GlobalStep=1509 | Source=WARMUP_RANDOM | action_y=+0.046337 | action_z=+0.814525 | magnitude=0.815842 | angle_deg=+86.74 | direction=+Z | turn_angle_deg=43.56
Episode=13 | Step=81 | GlobalStep=1510 | Source=WARMUP_RANDOM | action_y=+0.492966 | action_z=+0.326750 | magnitude=0.591423 | angle_deg=+33.54 | direction=+Y+Z | turn_angle_deg=53.21
Episode=13 | Step=82 | GlobalStep=1511 | Source=WARMUP_RANDOM | action_y=+0.281239 | action_z=-0.997169 | magnitude=1.036070 | angle_deg=-74.25 | direction=-Z | turn_angle_deg=107.79
Episode=13 | Step=83 | GlobalStep=1512 | Source=WARMUP_RANDOM | action_y=+0.536608 | action_z=-0.821442 | magnitude=0.981180 | angle_deg=-56.85 | direction=+Y-Z | turn_angle_deg=17.40
Episode=13 | Step=84 | GlobalStep=1513 | Source=WARMUP_RANDOM | action_y=+0.754268 | action_z=+0.698030 | magnitude=1.027699 | angle_deg=+42.78 | direction=+Y+Z | turn_angle_deg=99.63
Episode=13 | Step=85 | GlobalStep=1514 | Source=WARMUP_RANDOM | action_y=-0.351163 | action_z=-0.053087 | magnitude=0.355153 | angle_deg=-171.40 | direction=-Y | turn_angle_deg=145.81
Episode=13 | Step=86 | GlobalStep=1515 | Source=WARMUP_RANDOM | action_y=+0.289395 | action_z=+0.847748 | magnitude=0.895782 | angle_deg=+71.15 | direction=+Z | turn_angle_deg=117.44
Episode=13 | Step=87 | GlobalStep=1516 | Source=WARMUP_RANDOM | action_y=-0.124358 | action_z=+0.195387 | magnitude=0.231605 | angle_deg=+122.48 | direction=-Y+Z | turn_angle_deg=51.32
Episode=13 | Step=88 | GlobalStep=1517 | Source=WARMUP_RANDOM | action_y=+0.666251 | action_z=+0.084888 | magnitude=0.671637 | angle_deg=+7.26 | direction=+Y | turn_angle_deg=115.21
Episode=13 | Step=89 | GlobalStep=1518 | Source=WARMUP_RANDOM | action_y=+0.575879 | action_z=-0.191091 | magnitude=0.606756 | angle_deg=-18.36 | direction=+Y | turn_angle_deg=25.62
Episode=13 | Step=90 | GlobalStep=1519 | Source=WARMUP_RANDOM | action_y=+0.258487 | action_z=-0.768976 | magnitude=0.811258 | angle_deg=-71.42 | direction=-Z | turn_angle_deg=53.06
Episode=13 | Step=91 | GlobalStep=1520 | Source=WARMUP_RANDOM | action_y=-0.973489 | action_z=+0.032578 | magnitude=0.974034 | angle_deg=+178.08 | direction=-Y | turn_angle_deg=110.50
Episode=13 | Step=92 | GlobalStep=1521 | Source=WARMUP_RANDOM | action_y=+0.718413 | action_z=-0.816565 | magnitude=1.087611 | angle_deg=-48.66 | direction=+Y-Z | turn_angle_deg=133.26
Episode=13 | Step=93 | GlobalStep=1522 | Source=WARMUP_RANDOM | action_y=-0.859302 | action_z=+0.210307 | magnitude=0.884664 | angle_deg=+166.25 | direction=-Y | turn_angle_deg=145.09
Episode=13 | Step=94 | GlobalStep=1523 | Source=WARMUP_RANDOM | action_y=-0.106026 | action_z=+0.751394 | magnitude=0.758837 | angle_deg=+98.03 | direction=+Z | turn_angle_deg=68.22
Episode=13 | Step=95 | GlobalStep=1524 | Source=WARMUP_RANDOM | action_y=+0.902485 | action_z=-0.552023 | magnitude=1.057926 | angle_deg=-31.45 | direction=+Y-Z | turn_angle_deg=129.48
Episode=13 | Step=96 | GlobalStep=1525 | Source=WARMUP_RANDOM | action_y=+0.892000 | action_z=+0.354669 | magnitude=0.959924 | angle_deg=+21.68 | direction=+Y | turn_angle_deg=53.14
Episode=13 | Step=97 | GlobalStep=1526 | Source=WARMUP_RANDOM | action_y=+0.292450 | action_z=-0.702308 | magnitude=0.760765 | angle_deg=-67.39 | direction=+Y-Z | turn_angle_deg=89.08
Episode=13 | Step=98 | GlobalStep=1527 | Source=WARMUP_RANDOM | action_y=+0.705721 | action_z=+0.970787 | magnitude=1.200196 | angle_deg=+53.98 | direction=+Y+Z | turn_angle_deg=121.38
Episode=13 | Step=99 | GlobalStep=1528 | Source=WARMUP_RANDOM | action_y=-0.673259 | action_z=+0.348158 | magnitude=0.757952 | angle_deg=+152.66 | direction=-Y+Z | turn_angle_deg=98.67
Episode=13 | Step=100 | GlobalStep=1529 | Source=WARMUP_RANDOM | action_y=-0.616798 | action_z=-0.098075 | magnitude=0.624547 | angle_deg=-170.97 | direction=-Y | turn_angle_deg=36.38
Episode=13 | Step=101 | GlobalStep=1530 | Source=WARMUP_RANDOM | action_y=-0.732368 | action_z=-0.744119 | magnitude=1.044066 | angle_deg=-134.54 | direction=-Y-Z | turn_angle_deg=36.42
Episode=13 | Step=102 | GlobalStep=1531 | Source=WARMUP_RANDOM | action_y=+0.530680 | action_z=+0.067902 | magnitude=0.535007 | angle_deg=+7.29 | direction=+Y | turn_angle_deg=141.84
Episode=13 | Step=103 | GlobalStep=1532 | Source=WARMUP_RANDOM | action_y=-0.160128 | action_z=+0.193238 | magnitude=0.250963 | angle_deg=+129.65 | direction=-Y+Z | turn_angle_deg=122.36
Episode=13 | Step=104 | GlobalStep=1533 | Source=WARMUP_RANDOM | action_y=-0.223706 | action_z=-0.852527 | magnitude=0.881389 | angle_deg=-104.70 | direction=-Z | turn_angle_deg=125.65
Episode=13 | Step=105 | GlobalStep=1534 | Source=WARMUP_RANDOM | action_y=-0.613463 | action_z=-0.332078 | magnitude=0.697577 | angle_deg=-151.57 | direction=-Y-Z | turn_angle_deg=46.87
Episode=13 | Step=106 | GlobalStep=1535 | Source=WARMUP_RANDOM | action_y=-0.232780 | action_z=+0.882681 | magnitude=0.912859 | angle_deg=+104.77 | direction=+Z | turn_angle_deg=103.65
Episode=13 | Step=107 | GlobalStep=1536 | Source=WARMUP_RANDOM | action_y=+0.301135 | action_z=+0.533256 | magnitude=0.612408 | angle_deg=+60.55 | direction=+Y+Z | turn_angle_deg=44.23
Episode=13 | Step=108 | GlobalStep=1537 | Source=WARMUP_RANDOM | action_y=-0.080625 | action_z=+0.207533 | magnitude=0.222643 | angle_deg=+111.23 | direction=+Z | turn_angle_deg=50.68
Episode=13 | Step=109 | GlobalStep=1538 | Source=WARMUP_RANDOM | action_y=+0.234872 | action_z=+0.781320 | magnitude=0.815859 | angle_deg=+73.27 | direction=+Z | turn_angle_deg=37.96
Episode=13 | Step=110 | GlobalStep=1539 | Source=WARMUP_RANDOM | action_y=+0.858244 | action_z=+0.237560 | magnitude=0.890515 | angle_deg=+15.47 | direction=+Y | turn_angle_deg=57.80
Episode=13 | Step=111 | GlobalStep=1540 | Source=WARMUP_RANDOM | action_y=-0.781204 | action_z=-0.104757 | magnitude=0.788197 | angle_deg=-172.36 | direction=-Y | turn_angle_deg=172.17
Episode=13 | Step=112 | GlobalStep=1541 | Source=WARMUP_RANDOM | action_y=-0.706937 | action_z=+0.675805 | magnitude=0.977994 | angle_deg=+136.29 | direction=-Y+Z | turn_angle_deg=51.35
Episode=13 | Step=113 | GlobalStep=1542 | Source=WARMUP_RANDOM | action_y=+0.687452 | action_z=+0.498953 | magnitude=0.849438 | angle_deg=+35.97 | direction=+Y+Z | turn_angle_deg=100.32
Episode=13 | Step=114 | GlobalStep=1543 | Source=WARMUP_RANDOM | action_y=+0.096990 | action_z=-0.277369 | magnitude=0.293838 | angle_deg=-70.73 | direction=-Z | turn_angle_deg=106.70
Episode=13 | Step=115 | GlobalStep=1544 | Source=WARMUP_RANDOM | action_y=-0.800717 | action_z=+0.046305 | magnitude=0.802055 | angle_deg=+176.69 | direction=-Y | turn_angle_deg=112.58
Episode=13 | Step=116 | GlobalStep=1545 | Source=WARMUP_RANDOM | action_y=+0.058102 | action_z=-0.968569 | magnitude=0.970310 | angle_deg=-86.57 | direction=-Z | turn_angle_deg=96.74
Episode=13 | Step=117 | GlobalStep=1546 | Source=WARMUP_RANDOM | action_y=+0.273794 | action_z=-0.384685 | magnitude=0.472172 | angle_deg=-54.56 | direction=+Y-Z | turn_angle_deg=32.01
Episode=13 | Step=118 | GlobalStep=1547 | Source=WARMUP_RANDOM | action_y=-0.561532 | action_z=+0.814411 | magnitude=0.989234 | angle_deg=+124.59 | direction=-Y+Z | turn_angle_deg=179.15
Episode=13 | Step=119 | GlobalStep=1548 | Source=WARMUP_RANDOM | action_y=-0.679578 | action_z=-0.041664 | magnitude=0.680854 | angle_deg=-176.49 | direction=-Y | turn_angle_deg=58.92
Episode=13 | Step=120 | GlobalStep=1549 | Source=WARMUP_RANDOM | action_y=+0.706440 | action_z=+0.122869 | magnitude=0.717045 | angle_deg=+9.87 | direction=+Y | turn_angle_deg=173.64
Episode=13 | Step=121 | GlobalStep=1550 | Source=WARMUP_RANDOM | action_y=-0.887709 | action_z=+0.363297 | magnitude=0.959173 | angle_deg=+157.74 | direction=-Y | turn_angle_deg=147.88
Episode=13 | Step=122 | GlobalStep=1551 | Source=WARMUP_RANDOM | action_y=+0.572966 | action_z=+0.776852 | magnitude=0.965293 | angle_deg=+53.59 | direction=+Y+Z | turn_angle_deg=104.15
Episode=13 | Step=123 | GlobalStep=1552 | Source=WARMUP_RANDOM | action_y=+0.907062 | action_z=-0.388415 | magnitude=0.986726 | angle_deg=-23.18 | direction=+Y-Z | turn_angle_deg=76.77
Episode=13 | Step=124 | GlobalStep=1553 | Source=WARMUP_RANDOM | action_y=+0.987941 | action_z=+0.767619 | magnitude=1.251106 | angle_deg=+37.85 | direction=+Y+Z | turn_angle_deg=61.03
Episode=13 | Step=125 | GlobalStep=1554 | Source=WARMUP_RANDOM | action_y=-0.001151 | action_z=+0.219930 | magnitude=0.219933 | angle_deg=+90.30 | direction=+Z | turn_angle_deg=52.45
Episode=13 | Step=126 | GlobalStep=1555 | Source=WARMUP_RANDOM | action_y=-0.127648 | action_z=+0.778582 | magnitude=0.788976 | angle_deg=+99.31 | direction=+Z | turn_angle_deg=9.01
Episode=13 | Step=127 | GlobalStep=1556 | Source=WARMUP_RANDOM | action_y=+0.318226 | action_z=+0.980797 | magnitude=1.031130 | angle_deg=+72.02 | direction=+Z | turn_angle_deg=27.29
Episode=13 | Step=128 | GlobalStep=1557 | Source=WARMUP_RANDOM | action_y=+0.353714 | action_z=-0.515788 | magnitude=0.625421 | angle_deg=-55.56 | direction=+Y-Z | turn_angle_deg=127.58
Episode=13 | Step=129 | GlobalStep=1558 | Source=WARMUP_RANDOM | action_y=+0.001065 | action_z=-0.710213 | magnitude=0.710214 | angle_deg=-89.91 | direction=-Z | turn_angle_deg=34.36
Episode=13 | Step=130 | GlobalStep=1559 | Source=WARMUP_RANDOM | action_y=-0.599525 | action_z=+0.286545 | magnitude=0.664484 | angle_deg=+154.45 | direction=-Y+Z | turn_angle_deg=115.63
Episode=13 | Step=131 | GlobalStep=1560 | Source=WARMUP_RANDOM | action_y=-0.622086 | action_z=-0.275367 | magnitude=0.680308 | angle_deg=-156.12 | direction=-Y-Z | turn_angle_deg=49.42
Episode=13 | Step=132 | GlobalStep=1561 | Source=WARMUP_RANDOM | action_y=-0.556759 | action_z=+0.116067 | magnitude=0.568729 | angle_deg=+168.22 | direction=-Y | turn_angle_deg=35.65
Episode=13 | Step=133 | GlobalStep=1562 | Source=WARMUP_RANDOM | action_y=-0.147233 | action_z=-0.867361 | magnitude=0.879768 | angle_deg=-99.63 | direction=-Z | turn_angle_deg=92.14
Episode=13 | Step=134 | GlobalStep=1563 | Source=WARMUP_RANDOM | action_y=-0.299456 | action_z=+0.667873 | magnitude=0.731935 | angle_deg=+114.15 | direction=-Y+Z | turn_angle_deg=146.22
Episode=13 | Step=135 | GlobalStep=1564 | Source=WARMUP_RANDOM | action_y=+0.307220 | action_z=-0.997895 | magnitude=1.044116 | angle_deg=-72.89 | direction=-Z | turn_angle_deg=172.96
Episode=13 | Step=136 | GlobalStep=1565 | Source=WARMUP_RANDOM | action_y=+0.425469 | action_z=+0.975726 | magnitude=1.064455 | angle_deg=+66.44 | direction=+Y+Z | turn_angle_deg=139.33
Episode=13 | Step=137 | GlobalStep=1566 | Source=WARMUP_RANDOM | action_y=-0.269463 | action_z=-0.134200 | magnitude=0.301031 | angle_deg=-153.53 | direction=-Y-Z | turn_angle_deg=140.03
Episode=13 | Step=138 | GlobalStep=1567 | Source=WARMUP_RANDOM | action_y=+0.596043 | action_z=+0.880906 | magnitude=1.063608 | angle_deg=+55.92 | direction=+Y+Z | turn_angle_deg=150.56
Episode=13 | Step=139 | GlobalStep=1568 | Source=WARMUP_RANDOM | action_y=-0.110018 | action_z=+0.735004 | magnitude=0.743193 | angle_deg=+98.51 | direction=+Z | turn_angle_deg=42.60
Episode=13 | Step=140 | GlobalStep=1569 | Source=WARMUP_RANDOM | action_y=+0.834990 | action_z=-0.444566 | magnitude=0.945963 | angle_deg=-28.03 | direction=+Y-Z | turn_angle_deg=126.54
Episode=13 | Step=141 | GlobalStep=1570 | Source=WARMUP_RANDOM | action_y=-0.371276 | action_z=-0.708318 | magnitude=0.799725 | angle_deg=-117.66 | direction=-Y-Z | turn_angle_deg=89.63
Episode=13 | Step=142 | GlobalStep=1571 | Source=WARMUP_RANDOM | action_y=-0.104926 | action_z=-0.897057 | magnitude=0.903173 | angle_deg=-96.67 | direction=-Z | turn_angle_deg=20.99
Episode=13 | Step=143 | GlobalStep=1572 | Source=WARMUP_RANDOM | action_y=-0.442571 | action_z=-0.370883 | magnitude=0.577428 | angle_deg=-140.04 | direction=-Y-Z | turn_angle_deg=43.36
Episode=13 | Step=144 | GlobalStep=1573 | Source=WARMUP_RANDOM | action_y=-0.325260 | action_z=-0.516007 | magnitude=0.609965 | angle_deg=-122.22 | direction=-Y-Z | turn_angle_deg=17.81
Episode=13 | Step=145 | GlobalStep=1574 | Source=WARMUP_RANDOM | action_y=-0.020738 | action_z=-0.822395 | magnitude=0.822656 | angle_deg=-91.44 | direction=-Z | turn_angle_deg=30.78
Episode=13 | Step=146 | GlobalStep=1575 | Source=WARMUP_RANDOM | action_y=-0.845460 | action_z=+0.574279 | magnitude=1.022056 | angle_deg=+145.81 | direction=-Y+Z | turn_angle_deg=122.74
Episode=13 | Step=147 | GlobalStep=1576 | Source=WARMUP_RANDOM | action_y=-0.240938 | action_z=+0.528847 | magnitude=0.581146 | angle_deg=+114.49 | direction=-Y+Z | turn_angle_deg=31.32
Episode=13 | Step=148 | GlobalStep=1577 | Source=WARMUP_RANDOM | action_y=+0.579223 | action_z=-0.958694 | magnitude=1.120086 | angle_deg=-58.86 | direction=+Y-Z | turn_angle_deg=173.35
Episode=13 | Step=149 | GlobalStep=1578 | Source=WARMUP_RANDOM | action_y=+0.923884 | action_z=+0.812938 | magnitude=1.230622 | angle_deg=+41.34 | direction=+Y+Z | turn_angle_deg=100.21
Episode=13 | Step=150 | GlobalStep=1579 | Source=WARMUP_RANDOM | action_y=+0.051946 | action_z=+0.626092 | magnitude=0.628244 | angle_deg=+85.26 | direction=+Z | turn_angle_deg=43.91
Episode=13 | Step=151 | GlobalStep=1580 | Source=WARMUP_RANDOM | action_y=+0.319288 | action_z=-0.907184 | magnitude=0.961731 | angle_deg=-70.61 | direction=-Z | turn_angle_deg=155.87
Episode=13 | Step=152 | GlobalStep=1581 | Source=WARMUP_RANDOM | action_y=-0.619154 | action_z=-0.520535 | magnitude=0.808894 | angle_deg=-139.95 | direction=-Y-Z | turn_angle_deg=69.34
Episode=13 | Step=153 | GlobalStep=1582 | Source=WARMUP_RANDOM | action_y=+0.812225 | action_z=+0.926397 | magnitude=1.232039 | angle_deg=+48.76 | direction=+Y+Z | turn_angle_deg=171.30
Episode=13 | Step=154 | GlobalStep=1583 | Source=WARMUP_RANDOM | action_y=-0.930090 | action_z=-0.948624 | magnitude=1.328516 | angle_deg=-134.43 | direction=-Y-Z | turn_angle_deg=176.81
Episode=13 | Step=155 | GlobalStep=1584 | Source=WARMUP_RANDOM | action_y=-0.122946 | action_z=+0.282127 | magnitude=0.307752 | angle_deg=+113.55 | direction=-Y+Z | turn_angle_deg=112.02
Episode=13 | Step=156 | GlobalStep=1585 | Source=WARMUP_RANDOM | action_y=-0.534384 | action_z=-0.122316 | magnitude=0.548204 | angle_deg=-167.11 | direction=-Y | turn_angle_deg=79.35
Episode=13 | Step=157 | GlobalStep=1586 | Source=WARMUP_RANDOM | action_y=+0.078998 | action_z=-0.614191 | magnitude=0.619250 | angle_deg=-82.67 | direction=-Z | turn_angle_deg=84.44
Episode=13 | Step=158 | GlobalStep=1587 | Source=WARMUP_RANDOM | action_y=-0.641298 | action_z=+0.252577 | magnitude=0.689245 | angle_deg=+158.50 | direction=-Y | turn_angle_deg=118.83
Episode=13 | Step=159 | GlobalStep=1588 | Source=WARMUP_RANDOM | action_y=+0.642555 | action_z=-0.057533 | magnitude=0.645125 | angle_deg=-5.12 | direction=+Y | turn_angle_deg=163.62
Episode=13 | Step=160 | GlobalStep=1589 | Source=WARMUP_RANDOM | action_y=+0.742199 | action_z=+0.393493 | magnitude=0.840057 | angle_deg=+27.93 | direction=+Y+Z | turn_angle_deg=33.05
Episode=13 | Step=161 | GlobalStep=1590 | Source=WARMUP_RANDOM | action_y=-0.796088 | action_z=+0.281265 | magnitude=0.844314 | angle_deg=+160.54 | direction=-Y | turn_angle_deg=132.61
Episode=13 | Step=162 | GlobalStep=1591 | Source=WARMUP_RANDOM | action_y=+0.235283 | action_z=+0.632807 | magnitude=0.675132 | angle_deg=+69.60 | direction=+Z | turn_angle_deg=90.94
Episode=13 | Step=163 | GlobalStep=1592 | Source=WARMUP_RANDOM | action_y=-0.517741 | action_z=-0.410039 | magnitude=0.660445 | angle_deg=-141.62 | direction=-Y-Z | turn_angle_deg=148.77
Episode=13 | Step=164 | GlobalStep=1593 | Source=WARMUP_RANDOM | action_y=+0.920149 | action_z=-0.193656 | magnitude=0.940307 | angle_deg=-11.89 | direction=+Y | turn_angle_deg=129.74
Episode=13 | Step=165 | GlobalStep=1594 | Source=WARMUP_RANDOM | action_y=-0.022257 | action_z=+0.543354 | magnitude=0.543810 | angle_deg=+92.35 | direction=+Z | turn_angle_deg=104.23
Episode=13 | Step=166 | GlobalStep=1595 | Source=WARMUP_RANDOM | action_y=-0.267507 | action_z=-0.948999 | magnitude=0.985981 | angle_deg=-105.74 | direction=-Z | turn_angle_deg=161.91
Episode=13 | Step=167 | GlobalStep=1596 | Source=WARMUP_RANDOM | action_y=+0.686580 | action_z=-0.125088 | magnitude=0.697882 | angle_deg=-10.33 | direction=+Y | turn_angle_deg=95.42
Episode=13 | Step=168 | GlobalStep=1597 | Source=WARMUP_RANDOM | action_y=-0.012293 | action_z=-0.391976 | magnitude=0.392169 | angle_deg=-91.80 | direction=-Z | turn_angle_deg=81.47
Episode=13 | Step=169 | GlobalStep=1598 | Source=WARMUP_RANDOM | action_y=+0.807337 | action_z=-0.928425 | magnitude=1.230352 | angle_deg=-48.99 | direction=+Y-Z | turn_angle_deg=42.81
Episode=13 | Step=170 | GlobalStep=1599 | Source=WARMUP_RANDOM | action_y=-0.782680 | action_z=+0.249448 | magnitude=0.821470 | angle_deg=+162.32 | direction=-Y | turn_angle_deg=148.69
Episode=13 | Step=171 | GlobalStep=1600 | Source=WARMUP_RANDOM | action_y=+0.943785 | action_z=-0.179266 | magnitude=0.960660 | angle_deg=-10.75 | direction=+Y | turn_angle_deg=173.08
Episode=13 | Step=172 | GlobalStep=1601 | Source=WARMUP_RANDOM | action_y=+0.426097 | action_z=+0.000459 | magnitude=0.426098 | angle_deg=+0.06 | direction=+Y | turn_angle_deg=10.82
Episode=13 | Step=173 | GlobalStep=1602 | Source=WARMUP_RANDOM | action_y=-0.787946 | action_z=-0.064121 | magnitude=0.790551 | angle_deg=-175.35 | direction=-Y | turn_angle_deg=175.41
Episode=13 | Step=174 | GlobalStep=1603 | Source=WARMUP_RANDOM | action_y=+0.341350 | action_z=+0.443993 | magnitude=0.560045 | angle_deg=+52.45 | direction=+Y+Z | turn_angle_deg=132.21
Episode=13 | Step=175 | GlobalStep=1604 | Source=WARMUP_RANDOM | action_y=+0.240494 | action_z=-0.188023 | magnitude=0.305270 | angle_deg=-38.02 | direction=+Y-Z | turn_angle_deg=90.47
Episode=13 | Step=176 | GlobalStep=1605 | Source=WARMUP_RANDOM | action_y=+0.663837 | action_z=+0.471519 | magnitude=0.814254 | angle_deg=+35.39 | direction=+Y+Z | turn_angle_deg=73.40
Episode=13 | Step=177 | GlobalStep=1606 | Source=WARMUP_RANDOM | action_y=-0.382227 | action_z=-0.308100 | magnitude=0.490941 | angle_deg=-141.13 | direction=-Y-Z | turn_angle_deg=176.51
Episode=13 | Step=178 | GlobalStep=1607 | Source=WARMUP_RANDOM | action_y=+0.236238 | action_z=-0.852885 | magnitude=0.884998 | angle_deg=-74.52 | direction=-Z | turn_angle_deg=66.61
Episode=13 | Step=179 | GlobalStep=1608 | Source=WARMUP_RANDOM | action_y=+0.352723 | action_z=+0.370559 | magnitude=0.511593 | angle_deg=+46.41 | direction=+Y+Z | turn_angle_deg=120.93
Episode=13 | Step=180 | GlobalStep=1609 | Source=WARMUP_RANDOM | action_y=-0.078231 | action_z=+0.734049 | magnitude=0.738206 | angle_deg=+96.08 | direction=+Z | turn_angle_deg=49.67
Episode=13 | Step=181 | GlobalStep=1610 | Source=WARMUP_RANDOM | action_y=+0.204820 | action_z=-0.381441 | magnitude=0.432953 | angle_deg=-61.77 | direction=+Y-Z | turn_angle_deg=157.85
Episode=13 | Step=182 | GlobalStep=1611 | Source=WARMUP_RANDOM | action_y=+0.069360 | action_z=+0.195103 | magnitude=0.207065 | angle_deg=+70.43 | direction=+Z | turn_angle_deg=132.20
Episode=13 | Step=183 | GlobalStep=1612 | Source=WARMUP_RANDOM | action_y=-0.094646 | action_z=+0.957736 | magnitude=0.962401 | angle_deg=+95.64 | direction=+Z | turn_angle_deg=25.21
Episode=13 | Step=184 | GlobalStep=1613 | Source=WARMUP_RANDOM | action_y=+0.467700 | action_z=+0.853356 | magnitude=0.973119 | angle_deg=+61.27 | direction=+Y+Z | turn_angle_deg=34.37
Episode=13 | Step=185 | GlobalStep=1614 | Source=WARMUP_RANDOM | action_y=-0.668149 | action_z=+0.291711 | magnitude=0.729053 | angle_deg=+156.41 | direction=-Y+Z | turn_angle_deg=95.14
Episode=13 | Step=186 | GlobalStep=1615 | Source=WARMUP_RANDOM | action_y=+0.768044 | action_z=-0.444781 | magnitude=0.887537 | angle_deg=-30.08 | direction=+Y-Z | turn_angle_deg=173.51
Episode=13 | Step=187 | GlobalStep=1616 | Source=WARMUP_RANDOM | action_y=+0.932778 | action_z=-0.054284 | magnitude=0.934357 | angle_deg=-3.33 | direction=+Y | turn_angle_deg=26.74
Episode=13 | Step=188 | GlobalStep=1617 | Source=WARMUP_RANDOM | action_y=+0.836348 | action_z=-0.177125 | magnitude=0.854898 | angle_deg=-11.96 | direction=+Y | turn_angle_deg=8.63
Episode=13 | Step=189 | GlobalStep=1618 | Source=WARMUP_RANDOM | action_y=-0.982489 | action_z=-0.895729 | magnitude=1.329517 | angle_deg=-137.64 | direction=-Y-Z | turn_angle_deg=125.69
Episode=13 | Step=190 | GlobalStep=1619 | Source=WARMUP_RANDOM | action_y=+0.287584 | action_z=+0.545693 | magnitude=0.616835 | angle_deg=+62.21 | direction=+Y+Z | turn_angle_deg=160.14
Episode=13 | Step=191 | GlobalStep=1620 | Source=WARMUP_RANDOM | action_y=+0.833044 | action_z=-0.247231 | magnitude=0.868957 | angle_deg=-16.53 | direction=+Y | turn_angle_deg=78.74
Episode=13 | Step=192 | GlobalStep=1621 | Source=WARMUP_RANDOM | action_y=-0.881937 | action_z=-0.976654 | magnitude=1.315928 | angle_deg=-132.08 | direction=-Y-Z | turn_angle_deg=115.55
Episode=13 | Step=193 | GlobalStep=1622 | Source=WARMUP_RANDOM | action_y=-0.262845 | action_z=+0.998171 | magnitude=1.032198 | angle_deg=+104.75 | direction=+Z | turn_angle_deg=123.16
Episode=13 | Step=194 | GlobalStep=1623 | Source=WARMUP_RANDOM | action_y=+0.033961 | action_z=-0.028937 | magnitude=0.044617 | angle_deg=-40.43 | direction=+Y-Z | turn_angle_deg=145.19
Episode=13 | Step=195 | GlobalStep=1624 | Source=WARMUP_RANDOM | action_y=-0.352600 | action_z=-0.138695 | magnitude=0.378898 | angle_deg=-158.53 | direction=-Y | turn_angle_deg=118.09
Episode=13 | Step=196 | GlobalStep=1625 | Source=WARMUP_RANDOM | action_y=-0.494164 | action_z=-0.451099 | magnitude=0.669095 | angle_deg=-137.61 | direction=-Y-Z | turn_angle_deg=20.92
Episode=13 | Step=197 | GlobalStep=1626 | Source=WARMUP_RANDOM | action_y=+0.972049 | action_z=+0.708613 | magnitude=1.202918 | angle_deg=+36.09 | direction=+Y+Z | turn_angle_deg=173.70
Episode=13 | Step=198 | GlobalStep=1627 | Source=WARMUP_RANDOM | action_y=+0.339260 | action_z=-0.553870 | magnitude=0.649515 | angle_deg=-58.51 | direction=+Y-Z | turn_angle_deg=94.60
Episode=13 | Step=199 | GlobalStep=1628 | Source=WARMUP_RANDOM | action_y=+0.207915 | action_z=-0.098881 | magnitude=0.230230 | angle_deg=-25.44 | direction=+Y-Z | turn_angle_deg=33.08
Episode=13 | Step=200 | GlobalStep=1629 | Source=WARMUP_RANDOM | action_y=+0.180449 | action_z=+0.180551 | magnitude=0.255266 | angle_deg=+45.02 | direction=+Y+Z | turn_angle_deg=70.45
Episode=13 | Step=201 | GlobalStep=1630 | Source=WARMUP_RANDOM | action_y=+0.656217 | action_z=-0.560391 | magnitude=0.862936 | angle_deg=-40.50 | direction=+Y-Z | turn_angle_deg=85.51
Episode=13 | Step=202 | GlobalStep=1631 | Source=WARMUP_RANDOM | action_y=+0.177721 | action_z=-0.715789 | magnitude=0.737522 | angle_deg=-76.06 | direction=-Z | turn_angle_deg=35.56
Episode=13 | Step=203 | GlobalStep=1632 | Source=WARMUP_RANDOM | action_y=-0.536550 | action_z=-0.386251 | magnitude=0.661117 | angle_deg=-144.25 | direction=-Y-Z | turn_angle_deg=68.19
Episode=13 | Step=204 | GlobalStep=1633 | Source=WARMUP_RANDOM | action_y=-0.031179 | action_z=+0.341218 | magnitude=0.342640 | angle_deg=+95.22 | direction=+Z | turn_angle_deg=120.53
Episode=13 | Step=205 | GlobalStep=1634 | Source=WARMUP_RANDOM | action_y=-0.043104 | action_z=-0.678144 | magnitude=0.679513 | angle_deg=-93.64 | direction=-Z | turn_angle_deg=171.14
Episode=13 | Step=206 | GlobalStep=1635 | Source=WARMUP_RANDOM | action_y=+0.124624 | action_z=-0.468447 | magnitude=0.484741 | angle_deg=-75.10 | direction=-Z | turn_angle_deg=18.53
Episode=13 | Step=207 | GlobalStep=1636 | Source=WARMUP_RANDOM | action_y=-0.295985 | action_z=-0.894690 | magnitude=0.942379 | angle_deg=-108.31 | direction=-Z | turn_angle_deg=33.20
Episode=13 | Step=208 | GlobalStep=1637 | Source=WARMUP_RANDOM | action_y=+0.205833 | action_z=+0.475949 | magnitude=0.518551 | angle_deg=+66.61 | direction=+Y+Z | turn_angle_deg=174.92
Episode=13 | Step=209 | GlobalStep=1638 | Source=WARMUP_RANDOM | action_y=+0.616728 | action_z=-0.130250 | magnitude=0.630332 | angle_deg=-11.93 | direction=+Y | turn_angle_deg=78.54
Episode=13 | Step=210 | GlobalStep=1639 | Source=WARMUP_RANDOM | action_y=-0.636580 | action_z=+0.406279 | magnitude=0.755180 | angle_deg=+147.45 | direction=-Y+Z | turn_angle_deg=159.38
Episode=13 | Step=211 | GlobalStep=1640 | Source=WARMUP_RANDOM | action_y=+0.737219 | action_z=+0.912390 | magnitude=1.173007 | angle_deg=+51.06 | direction=+Y+Z | turn_angle_deg=96.39
Episode=13 | Step=212 | GlobalStep=1641 | Source=WARMUP_RANDOM | action_y=+0.640332 | action_z=+0.665525 | magnitude=0.923552 | angle_deg=+46.11 | direction=+Y+Z | turn_angle_deg=4.96
Episode=13 | Step=213 | GlobalStep=1642 | Source=WARMUP_RANDOM | action_y=+0.250580 | action_z=-0.587876 | magnitude=0.639053 | angle_deg=-66.91 | direction=+Y-Z | turn_angle_deg=113.02
Episode=13 | Step=214 | GlobalStep=1643 | Source=WARMUP_RANDOM | action_y=+0.037354 | action_z=-0.566777 | magnitude=0.568006 | angle_deg=-86.23 | direction=-Z | turn_angle_deg=19.32
Episode=13 | Step=215 | GlobalStep=1644 | Source=WARMUP_RANDOM | action_y=-0.740104 | action_z=-0.051197 | magnitude=0.741873 | angle_deg=-176.04 | direction=-Y | turn_angle_deg=89.81
Episode=13 | Step=216 | GlobalStep=1645 | Source=WARMUP_RANDOM | action_y=-0.422442 | action_z=-0.442816 | magnitude=0.611999 | angle_deg=-133.65 | direction=-Y-Z | turn_angle_deg=42.39
Episode=13 | Step=217 | GlobalStep=1646 | Source=WARMUP_RANDOM | action_y=-0.106287 | action_z=+0.182058 | magnitude=0.210813 | angle_deg=+120.28 | direction=-Y+Z | turn_angle_deg=106.07
Episode=13 | Step=218 | GlobalStep=1647 | Source=WARMUP_RANDOM | action_y=-0.115266 | action_z=+0.594851 | magnitude=0.605915 | angle_deg=+100.97 | direction=+Z | turn_angle_deg=19.31
Episode=13 | Step=219 | GlobalStep=1648 | Source=WARMUP_RANDOM | action_y=+0.383580 | action_z=-0.057690 | magnitude=0.387894 | angle_deg=-8.55 | direction=+Y | turn_angle_deg=109.52
Episode=13 | Step=220 | GlobalStep=1649 | Source=WARMUP_RANDOM | action_y=+0.074669 | action_z=+0.599027 | magnitude=0.603663 | angle_deg=+82.89 | direction=+Z | turn_angle_deg=91.45
Episode=13 | Step=221 | GlobalStep=1650 | Source=WARMUP_RANDOM | action_y=+0.177387 | action_z=-0.262967 | magnitude=0.317202 | angle_deg=-56.00 | direction=+Y-Z | turn_angle_deg=138.89
Episode=13 | Step=222 | GlobalStep=1651 | Source=WARMUP_RANDOM | action_y=-0.565852 | action_z=-0.416948 | magnitude=0.702876 | angle_deg=-143.62 | direction=-Y-Z | turn_angle_deg=87.62
Episode=13 | Step=223 | GlobalStep=1652 | Source=WARMUP_RANDOM | action_y=+0.777202 | action_z=+0.071821 | magnitude=0.780513 | angle_deg=+5.28 | direction=+Y | turn_angle_deg=148.90
Episode=13 | Step=224 | GlobalStep=1653 | Source=WARMUP_RANDOM | action_y=-0.585730 | action_z=+0.685720 | magnitude=0.901826 | angle_deg=+130.50 | direction=-Y+Z | turn_angle_deg=125.22
Episode=13 | Step=225 | GlobalStep=1654 | Source=WARMUP_RANDOM | action_y=+0.294962 | action_z=-0.644733 | magnitude=0.709002 | angle_deg=-65.42 | direction=+Y-Z | turn_angle_deg=164.08
Episode=13 | Step=226 | GlobalStep=1655 | Source=WARMUP_RANDOM | action_y=+0.665696 | action_z=+0.035327 | magnitude=0.666633 | angle_deg=+3.04 | direction=+Y | turn_angle_deg=68.45
Episode=13 | Step=227 | GlobalStep=1656 | Source=WARMUP_RANDOM | action_y=+0.048578 | action_z=-0.466969 | magnitude=0.469489 | angle_deg=-84.06 | direction=-Z | turn_angle_deg=87.10
Episode=13 | Step=228 | GlobalStep=1657 | Source=WARMUP_RANDOM | action_y=-0.626674 | action_z=-0.740105 | magnitude=0.969782 | angle_deg=-130.26 | direction=-Y-Z | turn_angle_deg=46.19
Episode=13 | Step=229 | GlobalStep=1658 | Source=WARMUP_RANDOM | action_y=-0.482766 | action_z=+0.424242 | magnitude=0.642685 | angle_deg=+138.69 | direction=-Y+Z | turn_angle_deg=91.05
Episode=13 | Step=230 | GlobalStep=1659 | Source=WARMUP_RANDOM | action_y=-0.719524 | action_z=+0.084582 | magnitude=0.724478 | angle_deg=+173.30 | direction=-Y | turn_angle_deg=34.60
Episode=13 | Step=231 | GlobalStep=1660 | Source=WARMUP_RANDOM | action_y=-0.981073 | action_z=-0.441000 | magnitude=1.075633 | angle_deg=-155.80 | direction=-Y-Z | turn_angle_deg=30.91
Episode=13 | Step=232 | GlobalStep=1661 | Source=WARMUP_RANDOM | action_y=+0.525406 | action_z=-0.094019 | magnitude=0.533752 | angle_deg=-10.15 | direction=+Y | turn_angle_deg=145.65
Episode=13 | Step=233 | GlobalStep=1662 | Source=WARMUP_RANDOM | action_y=-0.729254 | action_z=-0.389165 | magnitude=0.826596 | angle_deg=-151.91 | direction=-Y-Z | turn_angle_deg=141.77
Episode=13 | Step=234 | GlobalStep=1663 | Source=WARMUP_RANDOM | action_y=+0.436608 | action_z=-0.806094 | magnitude=0.916741 | angle_deg=-61.56 | direction=+Y-Z | turn_angle_deg=90.35
Episode=13 | Step=235 | GlobalStep=1664 | Source=WARMUP_RANDOM | action_y=+0.795295 | action_z=-0.680308 | magnitude=1.046572 | angle_deg=-40.54 | direction=+Y-Z | turn_angle_deg=21.01
Episode=13 | Step=236 | GlobalStep=1665 | Source=WARMUP_RANDOM | action_y=+0.915464 | action_z=+0.134239 | magnitude=0.925254 | angle_deg=+8.34 | direction=+Y | turn_angle_deg=48.89
Episode=13 | Step=237 | GlobalStep=1666 | Source=WARMUP_RANDOM | action_y=-0.965222 | action_z=+0.558414 | magnitude=1.115115 | angle_deg=+149.95 | direction=-Y+Z | turn_angle_deg=141.61
Episode=13 | Step=238 | GlobalStep=1667 | Source=WARMUP_RANDOM | action_y=-0.942616 | action_z=-0.955284 | magnitude=1.342048 | angle_deg=-134.62 | direction=-Y-Z | turn_angle_deg=75.43
Episode=13 | Step=239 | GlobalStep=1668 | Source=WARMUP_RANDOM | action_y=-0.272537 | action_z=+0.023968 | magnitude=0.273589 | angle_deg=+174.97 | direction=-Y | turn_angle_deg=50.41
Episode=13 | Step=240 | GlobalStep=1669 | Source=WARMUP_RANDOM | action_y=-0.638617 | action_z=-0.649473 | magnitude=0.910850 | angle_deg=-134.52 | direction=-Y-Z | turn_angle_deg=50.51
Episode=13 | Step=241 | GlobalStep=1670 | Source=WARMUP_RANDOM | action_y=-0.692573 | action_z=-0.288507 | magnitude=0.750262 | angle_deg=-157.38 | direction=-Y-Z | turn_angle_deg=22.87
Episode=13 | Step=242 | GlobalStep=1671 | Source=WARMUP_RANDOM | action_y=-0.008219 | action_z=-0.174721 | magnitude=0.174914 | angle_deg=-92.69 | direction=-Z | turn_angle_deg=64.69
Episode=13 | Step=243 | GlobalStep=1672 | Source=WARMUP_RANDOM | action_y=+0.259323 | action_z=-0.229601 | magnitude=0.346360 | angle_deg=-41.52 | direction=+Y-Z | turn_angle_deg=51.17
Episode=13 | Step=244 | GlobalStep=1673 | Source=WARMUP_RANDOM | action_y=-0.088679 | action_z=-0.376318 | magnitude=0.386625 | angle_deg=-103.26 | direction=-Z | turn_angle_deg=61.74
Episode=13 | Step=245 | GlobalStep=1674 | Source=WARMUP_RANDOM | action_y=-0.130815 | action_z=-0.146931 | magnitude=0.196726 | angle_deg=-131.68 | direction=-Y-Z | turn_angle_deg=28.42
Episode=13 | Step=246 | GlobalStep=1675 | Source=WARMUP_RANDOM | action_y=+0.952702 | action_z=-0.316850 | magnitude=1.004010 | angle_deg=-18.40 | direction=+Y | turn_angle_deg=113.28
Episode=13 | Step=247 | GlobalStep=1676 | Source=WARMUP_RANDOM | action_y=-0.548190 | action_z=+0.763463 | magnitude=0.939887 | angle_deg=+125.68 | direction=-Y+Z | turn_angle_deg=144.08
Episode=13 | Step=248 | GlobalStep=1677 | Source=WARMUP_RANDOM | action_y=-0.807080 | action_z=-0.862055 | magnitude=1.180897 | angle_deg=-133.11 | direction=-Y-Z | turn_angle_deg=101.21
Episode=13 | Step=249 | GlobalStep=1678 | Source=WARMUP_RANDOM | action_y=+0.108837 | action_z=+0.767590 | magnitude=0.775268 | angle_deg=+81.93 | direction=+Z | turn_angle_deg=144.96
Episode=13 | Step=250 | GlobalStep=1679 | Source=WARMUP_RANDOM | action_y=+0.952443 | action_z=+0.612260 | magnitude=1.132259 | angle_deg=+32.73 | direction=+Y+Z | turn_angle_deg=49.20
Episode=13 | Step=251 | GlobalStep=1680 | Source=WARMUP_RANDOM | action_y=-0.412519 | action_z=+0.487311 | magnitude=0.638470 | angle_deg=+130.25 | direction=-Y+Z | turn_angle_deg=97.51
Episode=13 | Step=252 | GlobalStep=1681 | Source=WARMUP_RANDOM | action_y=-0.596404 | action_z=+0.415440 | magnitude=0.726834 | angle_deg=+145.14 | direction=-Y+Z | turn_angle_deg=14.89
Episode=13 | Step=253 | GlobalStep=1682 | Source=WARMUP_RANDOM | action_y=-0.068001 | action_z=-0.359905 | magnitude=0.366272 | angle_deg=-100.70 | direction=-Z | turn_angle_deg=114.16
Episode=13 | Step=254 | GlobalStep=1683 | Source=WARMUP_RANDOM | action_y=-0.226523 | action_z=+0.058910 | magnitude=0.234058 | angle_deg=+165.42 | direction=-Y | turn_angle_deg=93.88
Episode=13 | Step=255 | GlobalStep=1684 | Source=WARMUP_RANDOM | action_y=+0.385352 | action_z=+0.130082 | magnitude=0.406716 | angle_deg=+18.65 | direction=+Y | turn_angle_deg=146.77
Episode=13 | Step=256 | GlobalStep=1685 | Source=WARMUP_RANDOM | action_y=-0.950204 | action_z=-0.497633 | magnitude=1.072626 | angle_deg=-152.36 | direction=-Y-Z | turn_angle_deg=171.01
Episode=13 | Step=257 | GlobalStep=1686 | Source=WARMUP_RANDOM | action_y=-0.110192 | action_z=-0.370627 | magnitude=0.386661 | angle_deg=-106.56 | direction=-Z | turn_angle_deg=45.80
Episode=13 | Step=258 | GlobalStep=1687 | Source=WARMUP_RANDOM | action_y=+0.391093 | action_z=-0.769479 | magnitude=0.863164 | angle_deg=-63.06 | direction=+Y-Z | turn_angle_deg=43.50
Episode=13 | Step=259 | GlobalStep=1688 | Source=WARMUP_RANDOM | action_y=+0.665993 | action_z=-0.805446 | magnitude=1.045126 | angle_deg=-50.41 | direction=+Y-Z | turn_angle_deg=12.64
Episode=13 | Step=260 | GlobalStep=1689 | Source=WARMUP_RANDOM | action_y=+0.554914 | action_z=-0.876480 | magnitude=1.037375 | angle_deg=-57.66 | direction=+Y-Z | turn_angle_deg=7.25
Episode=13 | Step=261 | GlobalStep=1690 | Source=WARMUP_RANDOM | action_y=+0.805960 | action_z=-0.118377 | magnitude=0.814607 | angle_deg=-8.36 | direction=+Y | turn_angle_deg=49.31
Episode=13 | Step=262 | GlobalStep=1691 | Source=WARMUP_RANDOM | action_y=+0.740096 | action_z=-0.970341 | magnitude=1.220371 | angle_deg=-52.67 | direction=+Y-Z | turn_angle_deg=44.31
Episode=13 | Step=263 | GlobalStep=1692 | Source=WARMUP_RANDOM | action_y=+0.523420 | action_z=+0.207446 | magnitude=0.563029 | angle_deg=+21.62 | direction=+Y | turn_angle_deg=74.29
Episode=13 | Step=264 | GlobalStep=1693 | Source=WARMUP_RANDOM | action_y=-0.148623 | action_z=-0.685085 | magnitude=0.701021 | angle_deg=-102.24 | direction=-Z | turn_angle_deg=123.86
Episode=13 | Step=265 | GlobalStep=1694 | Source=WARMUP_RANDOM | action_y=-0.746157 | action_z=+0.496298 | magnitude=0.896138 | angle_deg=+146.37 | direction=-Y+Z | turn_angle_deg=111.39
Episode=13 | Step=266 | GlobalStep=1695 | Source=WARMUP_RANDOM | action_y=-0.163751 | action_z=-0.299173 | magnitude=0.341056 | angle_deg=-118.69 | direction=-Y-Z | turn_angle_deg=94.94
Episode=13 | Step=267 | GlobalStep=1696 | Source=WARMUP_RANDOM | action_y=+0.756225 | action_z=+0.499368 | magnitude=0.906225 | angle_deg=+33.44 | direction=+Y+Z | turn_angle_deg=152.13
Episode=13 | Step=268 | GlobalStep=1697 | Source=WARMUP_RANDOM | action_y=-0.801728 | action_z=-0.725705 | magnitude=1.081395 | angle_deg=-137.85 | direction=-Y-Z | turn_angle_deg=171.29
Episode=13 | Step=269 | GlobalStep=1698 | Source=WARMUP_RANDOM | action_y=-0.141908 | action_z=+0.404827 | magnitude=0.428979 | angle_deg=+109.32 | direction=+Z | turn_angle_deg=112.83
Episode=13 | Step=270 | GlobalStep=1699 | Source=WARMUP_RANDOM | action_y=-0.489568 | action_z=-0.519638 | magnitude=0.713933 | angle_deg=-133.29 | direction=-Y-Z | turn_angle_deg=117.39
Episode=13 | Step=271 | GlobalStep=1700 | Source=WARMUP_RANDOM | action_y=+0.950322 | action_z=+0.738627 | magnitude=1.203612 | angle_deg=+37.86 | direction=+Y+Z | turn_angle_deg=171.15
Episode=13 | Step=272 | GlobalStep=1701 | Source=WARMUP_RANDOM | action_y=+0.912442 | action_z=-0.966383 | magnitude=1.329077 | angle_deg=-46.64 | direction=+Y-Z | turn_angle_deg=84.50
Episode=13 | Step=273 | GlobalStep=1702 | Source=WARMUP_RANDOM | action_y=-0.119909 | action_z=+0.766937 | magnitude=0.776254 | angle_deg=+98.89 | direction=+Z | turn_angle_deg=145.53
Episode=13 | Step=274 | GlobalStep=1703 | Source=WARMUP_RANDOM | action_y=+0.645988 | action_z=+0.858017 | magnitude=1.074008 | angle_deg=+53.02 | direction=+Y+Z | turn_angle_deg=45.86
Episode=13 | Step=275 | GlobalStep=1704 | Source=WARMUP_RANDOM | action_y=+0.091486 | action_z=-0.828288 | magnitude=0.833325 | angle_deg=-83.70 | direction=-Z | turn_angle_deg=136.72
Episode=13 | Step=276 | GlobalStep=1705 | Source=WARMUP_RANDOM | action_y=+0.931934 | action_z=+0.854574 | magnitude=1.264436 | angle_deg=+42.52 | direction=+Y+Z | turn_angle_deg=126.22
Episode=13 | Step=277 | GlobalStep=1706 | Source=WARMUP_RANDOM | action_y=-0.012319 | action_z=-0.204324 | magnitude=0.204695 | angle_deg=-93.45 | direction=-Z | turn_angle_deg=135.97
Episode=13 | Step=278 | GlobalStep=1707 | Source=WARMUP_RANDOM | action_y=-0.634484 | action_z=-0.299180 | magnitude=0.701483 | angle_deg=-154.75 | direction=-Y-Z | turn_angle_deg=61.30
Episode=13 | Step=279 | GlobalStep=1708 | Source=WARMUP_RANDOM | action_y=+0.938524 | action_z=-0.537536 | magnitude=1.081560 | angle_deg=-29.80 | direction=+Y-Z | turn_angle_deg=124.95
Episode=13 | Step=280 | GlobalStep=1709 | Source=WARMUP_RANDOM | action_y=+0.312082 | action_z=-0.365639 | magnitude=0.480715 | angle_deg=-49.52 | direction=+Y-Z | turn_angle_deg=19.72
Episode=13 | Step=281 | GlobalStep=1710 | Source=WARMUP_RANDOM | action_y=+0.798170 | action_z=+0.994173 | magnitude=1.274934 | angle_deg=+51.24 | direction=+Y+Z | turn_angle_deg=100.76
Episode=13 | Step=282 | GlobalStep=1711 | Source=WARMUP_RANDOM | action_y=+0.957169 | action_z=+0.808977 | magnitude=1.253243 | angle_deg=+40.20 | direction=+Y+Z | turn_angle_deg=11.04
Episode=13 | Step=283 | GlobalStep=1712 | Source=WARMUP_RANDOM | action_y=+0.268330 | action_z=+0.564789 | magnitude=0.625290 | angle_deg=+64.59 | direction=+Y+Z | turn_angle_deg=24.38
Episode=13 | Step=284 | GlobalStep=1713 | Source=WARMUP_RANDOM | action_y=+0.234863 | action_z=+0.568462 | magnitude=0.615068 | angle_deg=+67.55 | direction=+Z | turn_angle_deg=2.96
Episode=13 | Step=285 | GlobalStep=1714 | Source=WARMUP_RANDOM | action_y=-0.553751 | action_z=-0.438609 | magnitude=0.706412 | angle_deg=-141.62 | direction=-Y-Z | turn_angle_deg=150.83
Episode=13 | Step=286 | GlobalStep=1715 | Source=WARMUP_RANDOM | action_y=-0.629921 | action_z=-0.770680 | magnitude=0.995363 | angle_deg=-129.26 | direction=-Y-Z | turn_angle_deg=12.36
Episode=13 | Step=287 | GlobalStep=1716 | Source=WARMUP_RANDOM | action_y=-0.800281 | action_z=+0.823036 | magnitude=1.147971 | angle_deg=+134.20 | direction=-Y+Z | turn_angle_deg=96.54
Episode=13 | Step=288 | GlobalStep=1717 | Source=WARMUP_RANDOM | action_y=+0.508029 | action_z=+0.422758 | magnitude=0.660922 | angle_deg=+39.77 | direction=+Y+Z | turn_angle_deg=94.43
Episode=13 | Step=289 | GlobalStep=1718 | Source=WARMUP_RANDOM | action_y=+0.884975 | action_z=+0.630021 | magnitude=1.086328 | angle_deg=+35.45 | direction=+Y+Z | turn_angle_deg=4.32
Episode=13 | Step=290 | GlobalStep=1719 | Source=WARMUP_RANDOM | action_y=-0.541983 | action_z=+0.570235 | magnitude=0.786711 | angle_deg=+133.54 | direction=-Y+Z | turn_angle_deg=98.10
Episode=13 | Step=291 | GlobalStep=1720 | Source=WARMUP_RANDOM | action_y=-0.078263 | action_z=-0.301004 | magnitude=0.311012 | angle_deg=-104.57 | direction=-Z | turn_angle_deg=121.88
Episode=13 | Step=292 | GlobalStep=1721 | Source=WARMUP_RANDOM | action_y=+0.736668 | action_z=-0.562039 | magnitude=0.926589 | angle_deg=-37.34 | direction=+Y-Z | turn_angle_deg=67.23
Episode=13 | Step=293 | GlobalStep=1722 | Source=WARMUP_RANDOM | action_y=-0.366334 | action_z=+0.152725 | magnitude=0.396895 | angle_deg=+157.37 | direction=-Y+Z | turn_angle_deg=165.29
Episode=13 | Step=294 | GlobalStep=1723 | Source=WARMUP_RANDOM | action_y=+0.092210 | action_z=+0.318153 | magnitude=0.331246 | angle_deg=+73.84 | direction=+Z | turn_angle_deg=83.53
Episode=13 | Step=295 | GlobalStep=1724 | Source=WARMUP_RANDOM | action_y=-0.059607 | action_z=-0.642918 | magnitude=0.645675 | angle_deg=-95.30 | direction=-Z | turn_angle_deg=169.13
Episode=13 | Step=296 | GlobalStep=1725 | Source=WARMUP_RANDOM | action_y=-0.367951 | action_z=+0.049706 | magnitude=0.371293 | angle_deg=+172.31 | direction=-Y | turn_angle_deg=92.40
Episode=13 | Step=297 | GlobalStep=1726 | Source=WARMUP_RANDOM | action_y=+0.985285 | action_z=+0.581720 | magnitude=1.144196 | angle_deg=+30.56 | direction=+Y+Z | turn_angle_deg=141.75
Episode=13 | Step=298 | GlobalStep=1727 | Source=WARMUP_RANDOM | action_y=+0.403492 | action_z=-0.815193 | magnitude=0.909585 | angle_deg=-63.67 | direction=+Y-Z | turn_angle_deg=94.22
----------------------------------------------------------------------------------------------------
[Episode 13 END] | reason=fault | hole_found=False | assembly_success=False | search_steps=297 | search_time_s=29.70 | yz_path_mm=450.46
====================================================================================================
====================================================================================================
[Episode 14 START]
字段: Episode | Step | GlobalStep | Source | action_y | action_z | magnitude | angle_deg | direction | turn_angle_deg
方向角: +Y=0deg, +Z=+90deg, -Y=+/-180deg, -Z=-90deg
当前实验 sac_action_step = 0.05 mm；实际每轴参考增量 = action × 0.05 mm
----------------------------------------------------------------------------------------------------
Episode=14 | Step=1 | GlobalStep=1728 | Source=WARMUP_RANDOM | action_y=+0.560129 | action_z=+0.584134 | magnitude=0.809294 | angle_deg=+46.20 | direction=+Y+Z | turn_angle_deg=N/A
Episode=14 | Step=2 | GlobalStep=1729 | Source=WARMUP_RANDOM | action_y=+0.275980 | action_z=-0.660011 | magnitude=0.715387 | angle_deg=-67.31 | direction=+Y-Z | turn_angle_deg=113.51
Episode=14 | Step=3 | GlobalStep=1730 | Source=WARMUP_RANDOM | action_y=-0.325699 | action_z=+0.113143 | magnitude=0.344792 | angle_deg=+160.84 | direction=-Y | turn_angle_deg=131.85
Episode=14 | Step=4 | GlobalStep=1731 | Source=WARMUP_RANDOM | action_y=-0.402198 | action_z=-0.941517 | magnitude=1.023825 | angle_deg=-113.13 | direction=-Y-Z | turn_angle_deg=86.03
----------------------------------------------------------------------------------------------------
[Episode 14 END] | reason=insertion_failure | hole_found=True | assembly_success=False | search_steps=3 | search_time_s=0.30 | yz_path_mm=3.67
====================================================================================================
====================================================================================================
[Episode 15 START]
字段: Episode | Step | GlobalStep | Source | action_y | action_z | magnitude | angle_deg | direction | turn_angle_deg
方向角: +Y=0deg, +Z=+90deg, -Y=+/-180deg, -Z=-90deg
当前实验 sac_action_step = 0.05 mm；实际每轴参考增量 = action × 0.05 mm
----------------------------------------------------------------------------------------------------
Episode=15 | Step=1 | GlobalStep=1732 | Source=WARMUP_RANDOM | action_y=+0.332157 | action_z=-0.489903 | magnitude=0.591890 | angle_deg=-55.86 | direction=+Y-Z | turn_angle_deg=N/A
Episode=15 | Step=2 | GlobalStep=1733 | Source=WARMUP_RANDOM | action_y=+0.599621 | action_z=+0.265082 | magnitude=0.655602 | angle_deg=+23.85 | direction=+Y+Z | turn_angle_deg=79.71
Episode=15 | Step=3 | GlobalStep=1734 | Source=WARMUP_RANDOM | action_y=-0.581631 | action_z=-0.690332 | magnitude=0.902692 | angle_deg=-130.12 | direction=-Y-Z | turn_angle_deg=153.96
Episode=15 | Step=4 | GlobalStep=1735 | Source=WARMUP_RANDOM | action_y=+0.929960 | action_z=+0.487598 | magnitude=1.050036 | angle_deg=+27.67 | direction=+Y+Z | turn_angle_deg=157.78
Episode=15 | Step=5 | GlobalStep=1736 | Source=WARMUP_RANDOM | action_y=-0.461693 | action_z=-0.736508 | magnitude=0.869255 | angle_deg=-122.08 | direction=-Y-Z | turn_angle_deg=149.75
Episode=15 | Step=6 | GlobalStep=1737 | Source=WARMUP_RANDOM | action_y=-0.159650 | action_z=+0.204688 | magnitude=0.259587 | angle_deg=+127.95 | direction=-Y+Z | turn_angle_deg=109.96
Episode=15 | Step=7 | GlobalStep=1738 | Source=WARMUP_RANDOM | action_y=-0.983770 | action_z=+0.168141 | magnitude=0.998036 | angle_deg=+170.30 | direction=-Y | turn_angle_deg=42.35
Episode=15 | Step=8 | GlobalStep=1739 | Source=WARMUP_RANDOM | action_y=-0.742945 | action_z=-0.933356 | magnitude=1.192946 | angle_deg=-128.52 | direction=-Y-Z | turn_angle_deg=61.18
Episode=15 | Step=9 | GlobalStep=1740 | Source=WARMUP_RANDOM | action_y=-0.728574 | action_z=-0.466447 | magnitude=0.865097 | angle_deg=-147.37 | direction=-Y-Z | turn_angle_deg=18.85
Episode=15 | Step=10 | GlobalStep=1741 | Source=WARMUP_RANDOM | action_y=-0.829373 | action_z=+0.814725 | magnitude=1.162599 | angle_deg=+135.51 | direction=-Y+Z | turn_angle_deg=77.12
Episode=15 | Step=11 | GlobalStep=1742 | Source=WARMUP_RANDOM | action_y=+0.284426 | action_z=-0.901193 | magnitude=0.945012 | angle_deg=-72.48 | direction=-Z | turn_angle_deg=152.01
Episode=15 | Step=12 | GlobalStep=1743 | Source=WARMUP_RANDOM | action_y=-0.834600 | action_z=+0.682131 | magnitude=1.077896 | angle_deg=+140.74 | direction=-Y+Z | turn_angle_deg=146.78
Episode=15 | Step=13 | GlobalStep=1744 | Source=WARMUP_RANDOM | action_y=-0.818371 | action_z=+0.194419 | magnitude=0.841148 | angle_deg=+166.64 | direction=-Y | turn_angle_deg=25.90
Episode=15 | Step=14 | GlobalStep=1745 | Source=WARMUP_RANDOM | action_y=+0.388194 | action_z=+0.858887 | magnitude=0.942540 | angle_deg=+65.68 | direction=+Y+Z | turn_angle_deg=100.96
Episode=15 | Step=15 | GlobalStep=1746 | Source=WARMUP_RANDOM | action_y=-0.637859 | action_z=-0.469415 | magnitude=0.791969 | angle_deg=-143.65 | direction=-Y-Z | turn_angle_deg=150.67
Episode=15 | Step=16 | GlobalStep=1747 | Source=WARMUP_RANDOM | action_y=+0.696214 | action_z=-0.807858 | magnitude=1.066465 | angle_deg=-49.25 | direction=+Y-Z | turn_angle_deg=94.40
Episode=15 | Step=17 | GlobalStep=1748 | Source=WARMUP_RANDOM | action_y=+0.072897 | action_z=-0.338804 | magnitude=0.346558 | angle_deg=-77.86 | direction=-Z | turn_angle_deg=28.61
Episode=15 | Step=18 | GlobalStep=1749 | Source=WARMUP_RANDOM | action_y=-0.702261 | action_z=-0.712245 | magnitude=1.000231 | angle_deg=-134.60 | direction=-Y-Z | turn_angle_deg=56.74
Episode=15 | Step=19 | GlobalStep=1750 | Source=WARMUP_RANDOM | action_y=+0.908887 | action_z=-0.161326 | magnitude=0.923093 | angle_deg=-10.07 | direction=+Y | turn_angle_deg=124.53
Episode=15 | Step=20 | GlobalStep=1751 | Source=WARMUP_RANDOM | action_y=-0.745808 | action_z=+0.122537 | magnitude=0.755808 | angle_deg=+170.67 | direction=-Y | turn_angle_deg=179.27
Episode=15 | Step=21 | GlobalStep=1752 | Source=WARMUP_RANDOM | action_y=-0.191653 | action_z=-0.086774 | magnitude=0.210382 | angle_deg=-155.64 | direction=-Y-Z | turn_angle_deg=33.69
Episode=15 | Step=22 | GlobalStep=1753 | Source=WARMUP_RANDOM | action_y=-0.295191 | action_z=-0.083978 | magnitude=0.306904 | angle_deg=-164.12 | direction=-Y | turn_angle_deg=8.48
Episode=15 | Step=23 | GlobalStep=1754 | Source=WARMUP_RANDOM | action_y=+0.094193 | action_z=-0.983104 | magnitude=0.987606 | angle_deg=-84.53 | direction=-Z | turn_angle_deg=79.59
Episode=15 | Step=24 | GlobalStep=1755 | Source=WARMUP_RANDOM | action_y=-0.494954 | action_z=-0.146937 | magnitude=0.516304 | angle_deg=-163.47 | direction=-Y | turn_angle_deg=78.94
Episode=15 | Step=25 | GlobalStep=1756 | Source=WARMUP_RANDOM | action_y=-0.410573 | action_z=-0.240402 | magnitude=0.475776 | angle_deg=-149.65 | direction=-Y-Z | turn_angle_deg=13.82
Episode=15 | Step=26 | GlobalStep=1757 | Source=WARMUP_RANDOM | action_y=+0.406888 | action_z=-0.652715 | magnitude=0.769152 | angle_deg=-58.06 | direction=+Y-Z | turn_angle_deg=91.59
Episode=15 | Step=27 | GlobalStep=1758 | Source=WARMUP_RANDOM | action_y=+0.175806 | action_z=+0.704353 | magnitude=0.725962 | angle_deg=+75.99 | direction=+Z | turn_angle_deg=134.05
Episode=15 | Step=28 | GlobalStep=1759 | Source=WARMUP_RANDOM | action_y=-0.784658 | action_z=+0.568274 | magnitude=0.968826 | angle_deg=+144.09 | direction=-Y+Z | turn_angle_deg=68.10
Episode=15 | Step=29 | GlobalStep=1760 | Source=WARMUP_RANDOM | action_y=+0.881847 | action_z=+0.618831 | magnitude=1.077314 | angle_deg=+35.06 | direction=+Y+Z | turn_angle_deg=109.03
Episode=15 | Step=30 | GlobalStep=1761 | Source=WARMUP_RANDOM | action_y=+0.045213 | action_z=+0.284058 | magnitude=0.287633 | angle_deg=+80.96 | direction=+Z | turn_angle_deg=45.90
Episode=15 | Step=31 | GlobalStep=1762 | Source=WARMUP_RANDOM | action_y=+0.387271 | action_z=+0.643216 | magnitude=0.750803 | angle_deg=+58.95 | direction=+Y+Z | turn_angle_deg=22.01
Episode=15 | Step=32 | GlobalStep=1763 | Source=WARMUP_RANDOM | action_y=+0.282569 | action_z=-0.855551 | magnitude=0.901007 | angle_deg=-71.72 | direction=-Z | turn_angle_deg=130.67
Episode=15 | Step=33 | GlobalStep=1764 | Source=WARMUP_RANDOM | action_y=+0.468393 | action_z=-0.787474 | magnitude=0.916246 | angle_deg=-59.26 | direction=+Y-Z | turn_angle_deg=12.47
Episode=15 | Step=34 | GlobalStep=1765 | Source=WARMUP_RANDOM | action_y=+0.060636 | action_z=+0.932032 | magnitude=0.934002 | angle_deg=+86.28 | direction=+Z | turn_angle_deg=145.53
Episode=15 | Step=35 | GlobalStep=1766 | Source=WARMUP_RANDOM | action_y=-0.545732 | action_z=+0.636241 | magnitude=0.838228 | angle_deg=+130.62 | direction=-Y+Z | turn_angle_deg=44.34
Episode=15 | Step=36 | GlobalStep=1767 | Source=WARMUP_RANDOM | action_y=+0.839842 | action_z=+0.043658 | magnitude=0.840976 | angle_deg=+2.98 | direction=+Y | turn_angle_deg=127.65
Episode=15 | Step=37 | GlobalStep=1768 | Source=WARMUP_RANDOM | action_y=+0.637140 | action_z=+0.009820 | magnitude=0.637215 | angle_deg=+0.88 | direction=+Y | turn_angle_deg=2.09
Episode=15 | Step=38 | GlobalStep=1769 | Source=WARMUP_RANDOM | action_y=-0.430446 | action_z=-0.344047 | magnitude=0.551046 | angle_deg=-141.37 | direction=-Y-Z | turn_angle_deg=142.25
Episode=15 | Step=39 | GlobalStep=1770 | Source=WARMUP_RANDOM | action_y=-0.751948 | action_z=+0.352763 | magnitude=0.830583 | angle_deg=+154.87 | direction=-Y+Z | turn_angle_deg=63.77
Episode=15 | Step=40 | GlobalStep=1771 | Source=WARMUP_RANDOM | action_y=+0.055431 | action_z=-0.461441 | magnitude=0.464759 | angle_deg=-83.15 | direction=-Z | turn_angle_deg=121.98
Episode=15 | Step=41 | GlobalStep=1772 | Source=WARMUP_RANDOM | action_y=-0.406413 | action_z=+0.255357 | magnitude=0.479978 | angle_deg=+147.86 | direction=-Y+Z | turn_angle_deg=128.99
Episode=15 | Step=42 | GlobalStep=1773 | Source=WARMUP_RANDOM | action_y=-0.484383 | action_z=+0.882952 | magnitude=1.007091 | angle_deg=+118.75 | direction=-Y+Z | turn_angle_deg=29.11
Episode=15 | Step=43 | GlobalStep=1774 | Source=WARMUP_RANDOM | action_y=-0.462034 | action_z=+0.544068 | magnitude=0.713783 | angle_deg=+130.34 | direction=-Y+Z | turn_angle_deg=11.59
Episode=15 | Step=44 | GlobalStep=1775 | Source=WARMUP_RANDOM | action_y=-0.972044 | action_z=-0.805587 | magnitude=1.262474 | angle_deg=-140.35 | direction=-Y-Z | turn_angle_deg=89.31
Episode=15 | Step=45 | GlobalStep=1776 | Source=WARMUP_RANDOM | action_y=-0.861452 | action_z=+0.358002 | magnitude=0.932880 | angle_deg=+157.43 | direction=-Y+Z | turn_angle_deg=62.22
Episode=15 | Step=46 | GlobalStep=1777 | Source=WARMUP_RANDOM | action_y=-0.090032 | action_z=+0.243702 | magnitude=0.259800 | angle_deg=+110.28 | direction=+Z | turn_angle_deg=47.16
Episode=15 | Step=47 | GlobalStep=1778 | Source=WARMUP_RANDOM | action_y=+0.973488 | action_z=-0.255387 | magnitude=1.006430 | angle_deg=-14.70 | direction=+Y | turn_angle_deg=124.98
Episode=15 | Step=48 | GlobalStep=1779 | Source=WARMUP_RANDOM | action_y=+0.215032 | action_z=-0.595141 | magnitude=0.632797 | angle_deg=-70.13 | direction=-Z | turn_angle_deg=55.43
Episode=15 | Step=49 | GlobalStep=1780 | Source=WARMUP_RANDOM | action_y=+0.110080 | action_z=+0.599033 | magnitude=0.609063 | angle_deg=+79.59 | direction=+Z | turn_angle_deg=149.72
Episode=15 | Step=50 | GlobalStep=1781 | Source=WARMUP_RANDOM | action_y=-0.229395 | action_z=+0.539790 | magnitude=0.586511 | angle_deg=+113.02 | direction=-Y+Z | turn_angle_deg=33.44
Episode=15 | Step=51 | GlobalStep=1782 | Source=WARMUP_RANDOM | action_y=+0.413699 | action_z=+0.989050 | magnitude=1.072085 | angle_deg=+67.30 | direction=+Y+Z | turn_angle_deg=45.72
Episode=15 | Step=52 | GlobalStep=1783 | Source=WARMUP_RANDOM | action_y=-0.723985 | action_z=+0.637814 | magnitude=0.964863 | angle_deg=+138.62 | direction=-Y+Z | turn_angle_deg=71.32
Episode=15 | Step=53 | GlobalStep=1784 | Source=WARMUP_RANDOM | action_y=-0.578093 | action_z=+0.218439 | magnitude=0.617987 | angle_deg=+159.30 | direction=-Y | turn_angle_deg=20.68
Episode=15 | Step=54 | GlobalStep=1785 | Source=WARMUP_RANDOM | action_y=-0.057547 | action_z=+0.039240 | magnitude=0.069652 | angle_deg=+145.71 | direction=-Y+Z | turn_angle_deg=13.59
Episode=15 | Step=55 | GlobalStep=1786 | Source=WARMUP_RANDOM | action_y=-0.331979 | action_z=-0.081094 | magnitude=0.341740 | angle_deg=-166.27 | direction=-Y | turn_angle_deg=48.02
Episode=15 | Step=56 | GlobalStep=1787 | Source=WARMUP_RANDOM | action_y=+0.384797 | action_z=+0.160959 | magnitude=0.417105 | angle_deg=+22.70 | direction=+Y+Z | turn_angle_deg=171.03
Episode=15 | Step=57 | GlobalStep=1788 | Source=WARMUP_RANDOM | action_y=+0.898194 | action_z=+0.184830 | magnitude=0.917014 | angle_deg=+11.63 | direction=+Y | turn_angle_deg=11.07
Episode=15 | Step=58 | GlobalStep=1789 | Source=WARMUP_RANDOM | action_y=-0.759993 | action_z=+0.031946 | magnitude=0.760664 | angle_deg=+177.59 | direction=-Y | turn_angle_deg=165.97
Episode=15 | Step=59 | GlobalStep=1790 | Source=WARMUP_RANDOM | action_y=+0.278963 | action_z=+0.002912 | magnitude=0.278978 | angle_deg=+0.60 | direction=+Y | turn_angle_deg=177.00
Episode=15 | Step=60 | GlobalStep=1791 | Source=WARMUP_RANDOM | action_y=+0.094405 | action_z=-0.920808 | magnitude=0.925635 | angle_deg=-84.15 | direction=-Z | turn_angle_deg=84.74
Episode=15 | Step=61 | GlobalStep=1792 | Source=WARMUP_RANDOM | action_y=-0.001014 | action_z=+0.738544 | magnitude=0.738544 | angle_deg=+90.08 | direction=+Z | turn_angle_deg=174.22
Episode=15 | Step=62 | GlobalStep=1793 | Source=WARMUP_RANDOM | action_y=+0.011650 | action_z=-0.162920 | magnitude=0.163336 | angle_deg=-85.91 | direction=-Z | turn_angle_deg=175.99
Episode=15 | Step=63 | GlobalStep=1794 | Source=WARMUP_RANDOM | action_y=-0.502476 | action_z=-0.308616 | magnitude=0.589683 | angle_deg=-148.44 | direction=-Y-Z | turn_angle_deg=62.53
Episode=15 | Step=64 | GlobalStep=1795 | Source=WARMUP_RANDOM | action_y=-0.139283 | action_z=-0.388250 | magnitude=0.412478 | angle_deg=-109.74 | direction=-Z | turn_angle_deg=38.71
Episode=15 | Step=65 | GlobalStep=1796 | Source=WARMUP_RANDOM | action_y=-0.640455 | action_z=+0.618615 | magnitude=0.890431 | angle_deg=+135.99 | direction=-Y+Z | turn_angle_deg=114.27
Episode=15 | Step=66 | GlobalStep=1797 | Source=WARMUP_RANDOM | action_y=-0.339746 | action_z=+0.692230 | magnitude=0.771109 | angle_deg=+116.14 | direction=-Y+Z | turn_angle_deg=19.85
Episode=15 | Step=67 | GlobalStep=1798 | Source=WARMUP_RANDOM | action_y=+0.852231 | action_z=-0.103727 | magnitude=0.858520 | angle_deg=-6.94 | direction=+Y | turn_angle_deg=123.08
Episode=15 | Step=68 | GlobalStep=1799 | Source=WARMUP_RANDOM | action_y=+0.664064 | action_z=-0.152346 | magnitude=0.681316 | angle_deg=-12.92 | direction=+Y | turn_angle_deg=5.98
Episode=15 | Step=69 | GlobalStep=1800 | Source=WARMUP_RANDOM | action_y=+0.235674 | action_z=+0.950393 | magnitude=0.979178 | angle_deg=+76.07 | direction=+Z | turn_angle_deg=88.99
Episode=15 | Step=70 | GlobalStep=1801 | Source=WARMUP_RANDOM | action_y=-0.726618 | action_z=+0.637634 | magnitude=0.966722 | angle_deg=+138.73 | direction=-Y+Z | turn_angle_deg=62.66
Episode=15 | Step=71 | GlobalStep=1802 | Source=WARMUP_RANDOM | action_y=+0.755239 | action_z=-0.656937 | magnitude=1.000976 | angle_deg=-41.02 | direction=+Y-Z | turn_angle_deg=179.75
Episode=15 | Step=72 | GlobalStep=1803 | Source=WARMUP_RANDOM | action_y=-0.466261 | action_z=-0.580147 | magnitude=0.744291 | angle_deg=-128.79 | direction=-Y-Z | turn_angle_deg=87.77
Episode=15 | Step=73 | GlobalStep=1804 | Source=WARMUP_RANDOM | action_y=+0.094359 | action_z=+0.888028 | magnitude=0.893027 | angle_deg=+83.93 | direction=+Z | turn_angle_deg=147.28
Episode=15 | Step=74 | GlobalStep=1805 | Source=WARMUP_RANDOM | action_y=-0.192040 | action_z=+0.787849 | magnitude=0.810916 | angle_deg=+103.70 | direction=+Z | turn_angle_deg=19.76
Episode=15 | Step=75 | GlobalStep=1806 | Source=WARMUP_RANDOM | action_y=+0.869405 | action_z=-0.642858 | magnitude=1.081264 | angle_deg=-36.48 | direction=+Y-Z | turn_angle_deg=140.18
Episode=15 | Step=76 | GlobalStep=1807 | Source=WARMUP_RANDOM | action_y=-0.673239 | action_z=-0.954445 | magnitude=1.167996 | angle_deg=-125.20 | direction=-Y-Z | turn_angle_deg=88.72
Episode=15 | Step=77 | GlobalStep=1808 | Source=WARMUP_RANDOM | action_y=-0.942571 | action_z=+0.093035 | magnitude=0.947151 | angle_deg=+174.36 | direction=-Y | turn_angle_deg=60.44
Episode=15 | Step=78 | GlobalStep=1809 | Source=WARMUP_RANDOM | action_y=+0.197863 | action_z=-0.804195 | magnitude=0.828178 | angle_deg=-76.18 | direction=-Z | turn_angle_deg=109.46
Episode=15 | Step=79 | GlobalStep=1810 | Source=WARMUP_RANDOM | action_y=+0.078762 | action_z=-0.584647 | magnitude=0.589928 | angle_deg=-82.33 | direction=-Z | turn_angle_deg=6.15
Episode=15 | Step=80 | GlobalStep=1811 | Source=WARMUP_RANDOM | action_y=-0.722712 | action_z=-0.480672 | magnitude=0.867962 | angle_deg=-146.37 | direction=-Y-Z | turn_angle_deg=64.04
Episode=15 | Step=81 | GlobalStep=1812 | Source=WARMUP_RANDOM | action_y=+0.850489 | action_z=+0.710497 | magnitude=1.108213 | angle_deg=+39.88 | direction=+Y+Z | turn_angle_deg=173.75
Episode=15 | Step=82 | GlobalStep=1813 | Source=WARMUP_RANDOM | action_y=+0.329053 | action_z=-0.456474 | magnitude=0.562712 | angle_deg=-54.21 | direction=+Y-Z | turn_angle_deg=94.09
Episode=15 | Step=83 | GlobalStep=1814 | Source=WARMUP_RANDOM | action_y=+0.265731 | action_z=-0.905215 | magnitude=0.943412 | angle_deg=-73.64 | direction=-Z | turn_angle_deg=19.43
Episode=15 | Step=84 | GlobalStep=1815 | Source=WARMUP_RANDOM | action_y=+0.965655 | action_z=-0.812810 | magnitude=1.262200 | angle_deg=-40.09 | direction=+Y-Z | turn_angle_deg=33.55
Episode=15 | Step=85 | GlobalStep=1816 | Source=WARMUP_RANDOM | action_y=+0.197190 | action_z=-0.399624 | magnitude=0.445627 | angle_deg=-63.74 | direction=+Y-Z | turn_angle_deg=23.65
Episode=15 | Step=86 | GlobalStep=1817 | Source=WARMUP_RANDOM | action_y=-0.982570 | action_z=+0.479474 | magnitude=1.093315 | angle_deg=+153.99 | direction=-Y+Z | turn_angle_deg=142.27
Episode=15 | Step=87 | GlobalStep=1818 | Source=WARMUP_RANDOM | action_y=+0.830483 | action_z=-0.219036 | magnitude=0.858882 | angle_deg=-14.78 | direction=+Y | turn_angle_deg=168.76
Episode=15 | Step=88 | GlobalStep=1819 | Source=WARMUP_RANDOM | action_y=+0.487450 | action_z=-0.136189 | magnitude=0.506118 | angle_deg=-15.61 | direction=+Y | turn_angle_deg=0.83
Episode=15 | Step=89 | GlobalStep=1820 | Source=WARMUP_RANDOM | action_y=+0.374355 | action_z=+0.191131 | magnitude=0.420325 | angle_deg=+27.05 | direction=+Y+Z | turn_angle_deg=42.66
Episode=15 | Step=90 | GlobalStep=1821 | Source=WARMUP_RANDOM | action_y=-0.248537 | action_z=-0.438456 | magnitude=0.503998 | angle_deg=-119.55 | direction=-Y-Z | turn_angle_deg=146.59
Episode=15 | Step=91 | GlobalStep=1822 | Source=WARMUP_RANDOM | action_y=+0.837151 | action_z=+0.395280 | magnitude=0.925780 | angle_deg=+25.28 | direction=+Y+Z | turn_angle_deg=144.82
Episode=15 | Step=92 | GlobalStep=1823 | Source=WARMUP_RANDOM | action_y=+0.420243 | action_z=+0.801452 | magnitude=0.904947 | angle_deg=+62.33 | direction=+Y+Z | turn_angle_deg=37.05
Episode=15 | Step=93 | GlobalStep=1824 | Source=WARMUP_RANDOM | action_y=-0.613519 | action_z=-0.039856 | magnitude=0.614812 | angle_deg=-176.28 | direction=-Y | turn_angle_deg=121.39
Episode=15 | Step=94 | GlobalStep=1825 | Source=WARMUP_RANDOM | action_y=+0.223993 | action_z=-0.637930 | magnitude=0.676112 | angle_deg=-70.65 | direction=-Z | turn_angle_deg=105.63
Episode=15 | Step=95 | GlobalStep=1826 | Source=WARMUP_RANDOM | action_y=-0.578700 | action_z=+0.193439 | magnitude=0.610174 | angle_deg=+161.52 | direction=-Y | turn_angle_deg=127.83
Episode=15 | Step=96 | GlobalStep=1827 | Source=WARMUP_RANDOM | action_y=-0.146439 | action_z=+0.881557 | magnitude=0.893637 | angle_deg=+99.43 | direction=+Z | turn_angle_deg=62.09
Episode=15 | Step=97 | GlobalStep=1828 | Source=WARMUP_RANDOM | action_y=-0.220089 | action_z=-0.497985 | magnitude=0.544452 | angle_deg=-113.84 | direction=-Y-Z | turn_angle_deg=146.73
Episode=15 | Step=98 | GlobalStep=1829 | Source=WARMUP_RANDOM | action_y=-0.638584 | action_z=-0.538708 | magnitude=0.835461 | angle_deg=-139.85 | direction=-Y-Z | turn_angle_deg=26.01
Episode=15 | Step=99 | GlobalStep=1830 | Source=WARMUP_RANDOM | action_y=-0.612834 | action_z=+0.018668 | magnitude=0.613118 | angle_deg=+178.26 | direction=-Y | turn_angle_deg=41.90
Episode=15 | Step=100 | GlobalStep=1831 | Source=WARMUP_RANDOM | action_y=+0.930001 | action_z=+0.929689 | magnitude=1.314999 | angle_deg=+44.99 | direction=+Y+Z | turn_angle_deg=133.26
Episode=15 | Step=101 | GlobalStep=1832 | Source=WARMUP_RANDOM | action_y=-0.664934 | action_z=-0.576524 | magnitude=0.880066 | angle_deg=-139.07 | direction=-Y-Z | turn_angle_deg=175.94
Episode=15 | Step=102 | GlobalStep=1833 | Source=WARMUP_RANDOM | action_y=+0.931255 | action_z=+0.034942 | magnitude=0.931910 | angle_deg=+2.15 | direction=+Y | turn_angle_deg=141.22
Episode=15 | Step=103 | GlobalStep=1834 | Source=WARMUP_RANDOM | action_y=-0.062962 | action_z=+0.607867 | magnitude=0.611119 | angle_deg=+95.91 | direction=+Z | turn_angle_deg=93.76
Episode=15 | Step=104 | GlobalStep=1835 | Source=WARMUP_RANDOM | action_y=-0.727606 | action_z=-0.736737 | magnitude=1.035467 | angle_deg=-134.64 | direction=-Y-Z | turn_angle_deg=129.44
Episode=15 | Step=105 | GlobalStep=1836 | Source=WARMUP_RANDOM | action_y=-0.501644 | action_z=+0.499539 | magnitude=0.707945 | angle_deg=+135.12 | direction=-Y+Z | turn_angle_deg=90.24
----------------------------------------------------------------------------------------------------
[Episode 15 END] | reason=insertion_failure | hole_found=True | assembly_success=False | search_steps=104 | search_time_s=10.40 | yz_path_mm=147.38
====================================================================================================
====================================================================================================
[Episode 16 START]
字段: Episode | Step | GlobalStep | Source | action_y | action_z | magnitude | angle_deg | direction | turn_angle_deg
方向角: +Y=0deg, +Z=+90deg, -Y=+/-180deg, -Z=-90deg
当前实验 sac_action_step = 0.05 mm；实际每轴参考增量 = action × 0.05 mm
----------------------------------------------------------------------------------------------------
Episode=16 | Step=1 | GlobalStep=1837 | Source=WARMUP_RANDOM | action_y=+0.814034 | action_z=+0.038328 | magnitude=0.814936 | angle_deg=+2.70 | direction=+Y | turn_angle_deg=N/A
----------------------------------------------------------------------------------------------------
[Episode 16 END] | reason=insertion_failure | hole_found=True | assembly_success=False | search_steps=1 | search_time_s=0.10 | yz_path_mm=1.38
====================================================================================================
====================================================================================================
[Episode 17 START]
字段: Episode | Step | GlobalStep | Source | action_y | action_z | magnitude | angle_deg | direction | turn_angle_deg
方向角: +Y=0deg, +Z=+90deg, -Y=+/-180deg, -Z=-90deg
当前实验 sac_action_step = 0.05 mm；实际每轴参考增量 = action × 0.05 mm
----------------------------------------------------------------------------------------------------
Episode=17 | Step=1 | GlobalStep=1838 | Source=WARMUP_RANDOM | action_y=-0.565435 | action_z=+0.950691 | magnitude=1.106134 | angle_deg=+120.74 | direction=-Y+Z | turn_angle_deg=N/A
Episode=17 | Step=2 | GlobalStep=1839 | Source=WARMUP_RANDOM | action_y=+0.808577 | action_z=-0.223342 | magnitude=0.838856 | angle_deg=-15.44 | direction=+Y | turn_angle_deg=136.18
Episode=17 | Step=3 | GlobalStep=1840 | Source=WARMUP_RANDOM | action_y=+0.123959 | action_z=+0.268893 | magnitude=0.296090 | angle_deg=+65.25 | direction=+Y+Z | turn_angle_deg=80.69
Episode=17 | Step=4 | GlobalStep=1841 | Source=WARMUP_RANDOM | action_y=+0.524275 | action_z=+0.440759 | magnitude=0.684933 | angle_deg=+40.05 | direction=+Y+Z | turn_angle_deg=25.20
Episode=17 | Step=5 | GlobalStep=1842 | Source=WARMUP_RANDOM | action_y=-0.814378 | action_z=+0.491247 | magnitude=0.951071 | angle_deg=+148.90 | direction=-Y+Z | turn_angle_deg=108.85
Episode=17 | Step=6 | GlobalStep=1843 | Source=WARMUP_RANDOM | action_y=+0.551548 | action_z=+0.115034 | magnitude=0.563417 | angle_deg=+11.78 | direction=+Y | turn_angle_deg=137.12
Episode=17 | Step=7 | GlobalStep=1844 | Source=WARMUP_RANDOM | action_y=-0.050235 | action_z=+0.290587 | magnitude=0.294897 | angle_deg=+99.81 | direction=+Z | turn_angle_deg=88.03
Episode=17 | Step=8 | GlobalStep=1845 | Source=WARMUP_RANDOM | action_y=-0.311994 | action_z=-0.644831 | magnitude=0.716343 | angle_deg=-115.82 | direction=-Y-Z | turn_angle_deg=144.37
Episode=17 | Step=9 | GlobalStep=1846 | Source=WARMUP_RANDOM | action_y=-0.911054 | action_z=-0.555962 | magnitude=1.067292 | angle_deg=-148.61 | direction=-Y-Z | turn_angle_deg=32.79
Episode=17 | Step=10 | GlobalStep=1847 | Source=WARMUP_RANDOM | action_y=-0.867304 | action_z=+0.117181 | magnitude=0.875185 | angle_deg=+172.31 | direction=-Y | turn_angle_deg=39.09
Episode=17 | Step=11 | GlobalStep=1848 | Source=WARMUP_RANDOM | action_y=-0.092517 | action_z=+0.003832 | magnitude=0.092596 | angle_deg=+177.63 | direction=-Y | turn_angle_deg=5.32
Episode=17 | Step=12 | GlobalStep=1849 | Source=WARMUP_RANDOM | action_y=-0.953703 | action_z=+0.938706 | magnitude=1.338178 | angle_deg=+135.45 | direction=-Y+Z | turn_angle_deg=42.17
Episode=17 | Step=13 | GlobalStep=1850 | Source=WARMUP_RANDOM | action_y=-0.395547 | action_z=+0.008862 | magnitude=0.395646 | angle_deg=+178.72 | direction=-Y | turn_angle_deg=43.26
Episode=17 | Step=14 | GlobalStep=1851 | Source=WARMUP_RANDOM | action_y=+0.949470 | action_z=-0.728940 | magnitude=1.197016 | angle_deg=-37.51 | direction=+Y-Z | turn_angle_deg=143.77
Episode=17 | Step=15 | GlobalStep=1852 | Source=WARMUP_RANDOM | action_y=+0.921052 | action_z=+0.486403 | magnitude=1.041597 | angle_deg=+27.84 | direction=+Y+Z | turn_angle_deg=65.35
Episode=17 | Step=16 | GlobalStep=1853 | Source=WARMUP_RANDOM | action_y=-0.969311 | action_z=-0.272093 | magnitude=1.006776 | angle_deg=-164.32 | direction=-Y | turn_angle_deg=167.84
Episode=17 | Step=17 | GlobalStep=1854 | Source=WARMUP_RANDOM | action_y=+0.078104 | action_z=-0.169676 | magnitude=0.186789 | angle_deg=-65.28 | direction=+Y-Z | turn_angle_deg=99.04
Episode=17 | Step=18 | GlobalStep=1855 | Source=WARMUP_RANDOM | action_y=+0.596048 | action_z=+0.427697 | magnitude=0.733619 | angle_deg=+35.66 | direction=+Y+Z | turn_angle_deg=100.94
Episode=17 | Step=19 | GlobalStep=1856 | Source=WARMUP_RANDOM | action_y=+0.312208 | action_z=-0.680254 | magnitude=0.748479 | angle_deg=-65.35 | direction=+Y-Z | turn_angle_deg=101.01
Episode=17 | Step=20 | GlobalStep=1857 | Source=WARMUP_RANDOM | action_y=+0.464992 | action_z=+0.123843 | magnitude=0.481202 | angle_deg=+14.91 | direction=+Y | turn_angle_deg=80.26
Episode=17 | Step=21 | GlobalStep=1858 | Source=WARMUP_RANDOM | action_y=+0.476605 | action_z=-0.087855 | magnitude=0.484635 | angle_deg=-10.44 | direction=+Y | turn_angle_deg=25.36
Episode=17 | Step=22 | GlobalStep=1859 | Source=WARMUP_RANDOM | action_y=-0.398050 | action_z=+0.317533 | magnitude=0.509187 | angle_deg=+141.42 | direction=-Y+Z | turn_angle_deg=151.86
Episode=17 | Step=23 | GlobalStep=1860 | Source=WARMUP_RANDOM | action_y=+0.396292 | action_z=+0.526710 | magnitude=0.659144 | angle_deg=+53.04 | direction=+Y+Z | turn_angle_deg=88.38
Episode=17 | Step=24 | GlobalStep=1861 | Source=WARMUP_RANDOM | action_y=-0.636492 | action_z=-0.704005 | magnitude=0.949075 | angle_deg=-132.12 | direction=-Y-Z | turn_angle_deg=174.84
Episode=17 | Step=25 | GlobalStep=1862 | Source=WARMUP_RANDOM | action_y=+0.322375 | action_z=+0.764158 | magnitude=0.829375 | angle_deg=+67.13 | direction=+Y+Z | turn_angle_deg=160.76
Episode=17 | Step=26 | GlobalStep=1863 | Source=WARMUP_RANDOM | action_y=+0.056626 | action_z=-0.118582 | magnitude=0.131409 | angle_deg=-64.47 | direction=+Y-Z | turn_angle_deg=131.60
Episode=17 | Step=27 | GlobalStep=1864 | Source=WARMUP_RANDOM | action_y=+0.209672 | action_z=-0.416354 | magnitude=0.466168 | angle_deg=-63.27 | direction=+Y-Z | turn_angle_deg=1.20
Episode=17 | Step=28 | GlobalStep=1865 | Source=WARMUP_RANDOM | action_y=+0.129973 | action_z=-0.191187 | magnitude=0.231183 | angle_deg=-55.79 | direction=+Y-Z | turn_angle_deg=7.48
Episode=17 | Step=29 | GlobalStep=1866 | Source=WARMUP_RANDOM | action_y=-0.967262 | action_z=-0.738942 | magnitude=1.217222 | angle_deg=-142.62 | direction=-Y-Z | turn_angle_deg=86.83
Episode=17 | Step=30 | GlobalStep=1867 | Source=WARMUP_RANDOM | action_y=-0.953464 | action_z=-0.842248 | magnitude=1.272193 | angle_deg=-138.54 | direction=-Y-Z | turn_angle_deg=4.08
Episode=17 | Step=31 | GlobalStep=1868 | Source=WARMUP_RANDOM | action_y=+0.013692 | action_z=+0.386892 | magnitude=0.387134 | angle_deg=+87.97 | direction=+Z | turn_angle_deg=133.48
Episode=17 | Step=32 | GlobalStep=1869 | Source=WARMUP_RANDOM | action_y=-0.081659 | action_z=+0.776239 | magnitude=0.780523 | angle_deg=+96.01 | direction=+Z | turn_angle_deg=8.03
Episode=17 | Step=33 | GlobalStep=1870 | Source=WARMUP_RANDOM | action_y=-0.381321 | action_z=+0.851822 | magnitude=0.933277 | angle_deg=+114.12 | direction=-Y+Z | turn_angle_deg=18.11
Episode=17 | Step=34 | GlobalStep=1871 | Source=WARMUP_RANDOM | action_y=+0.778915 | action_z=-0.675433 | magnitude=1.030980 | angle_deg=-40.93 | direction=+Y-Z | turn_angle_deg=155.05
Episode=17 | Step=35 | GlobalStep=1872 | Source=WARMUP_RANDOM | action_y=+0.207919 | action_z=+0.492179 | magnitude=0.534294 | angle_deg=+67.10 | direction=+Y+Z | turn_angle_deg=108.03
Episode=17 | Step=36 | GlobalStep=1873 | Source=WARMUP_RANDOM | action_y=-0.540200 | action_z=-0.162671 | magnitude=0.564161 | angle_deg=-163.24 | direction=-Y | turn_angle_deg=129.66
Episode=17 | Step=37 | GlobalStep=1874 | Source=WARMUP_RANDOM | action_y=-0.184822 | action_z=+0.281826 | magnitude=0.337024 | angle_deg=+123.26 | direction=-Y+Z | turn_angle_deg=73.50
Episode=17 | Step=38 | GlobalStep=1875 | Source=WARMUP_RANDOM | action_y=-0.609563 | action_z=+0.374774 | magnitude=0.715558 | angle_deg=+148.42 | direction=-Y+Z | turn_angle_deg=25.16
Episode=17 | Step=39 | GlobalStep=1876 | Source=WARMUP_RANDOM | action_y=+0.471296 | action_z=-0.288030 | magnitude=0.552341 | angle_deg=-31.43 | direction=+Y-Z | turn_angle_deg=179.85
Episode=17 | Step=40 | GlobalStep=1877 | Source=WARMUP_RANDOM | action_y=-0.719562 | action_z=-0.864097 | magnitude=1.124470 | angle_deg=-129.79 | direction=-Y-Z | turn_angle_deg=98.35
Episode=17 | Step=41 | GlobalStep=1878 | Source=WARMUP_RANDOM | action_y=-0.406358 | action_z=+0.520565 | magnitude=0.660389 | angle_deg=+127.98 | direction=-Y+Z | turn_angle_deg=102.24
Episode=17 | Step=42 | GlobalStep=1879 | Source=WARMUP_RANDOM | action_y=+0.308496 | action_z=-0.103065 | magnitude=0.325257 | angle_deg=-18.47 | direction=+Y | turn_angle_deg=146.45
Episode=17 | Step=43 | GlobalStep=1880 | Source=WARMUP_RANDOM | action_y=+0.598450 | action_z=+0.751382 | magnitude=0.960582 | angle_deg=+51.46 | direction=+Y+Z | turn_angle_deg=69.94
