===== OpenArm SAC 仿真日志 =====
开始时间: 2026-08-13T17:31:01+08:00
工作目录: /home/xiaojun/openarm_ws/src/openarm_gazebo_hole_search_SAC
命令: ros2 launch openarm_gazebo_hole_search sac_hole_search_sim.launch.py rviz:=false
日志文件: /home/xiaojun/openarm_ws/src/openarm_gazebo_hole_search_SAC/sac_results/logs/simulation.log
================================
[INFO] [launch]: All log files can be found below /home/xiaojun/.ros/log/2026-08-13-17-31-01-453939-xiaojun-virtual-machine-8727
[INFO] [launch]: Default logging verbosity is set to INFO
[INFO] [ign gazebo-1]: process started with pid [8730]
[INFO] [parameter_bridge-2]: process started with pid [8732]
[INFO] [robot_state_publisher-3]: process started with pid [8735]
[INFO] [create-4]: process started with pid [8737]
[create-4] [INFO] [1786613462.132575989] [ros_gz_sim]: Requesting list of world names.
[parameter_bridge-2] [INFO] [1786613462.150551480] [ros_gz_bridge]: Creating GZ->ROS Bridge: [/clock (ignition.msgs.Clock) -> /clock (rosgraph_msgs/msg/Clock)] (Lazy 0)
[robot_state_publisher-3] [INFO] [1786613462.164483663] [robot_state_publisher]: got segment openarm_right_link0
[robot_state_publisher-3] [INFO] [1786613462.164621271] [robot_state_publisher]: got segment openarm_right_link1
[robot_state_publisher-3] [INFO] [1786613462.164631220] [robot_state_publisher]: got segment openarm_right_link2
[robot_state_publisher-3] [INFO] [1786613462.164635869] [robot_state_publisher]: got segment openarm_right_link3
[robot_state_publisher-3] [INFO] [1786613462.164640057] [robot_state_publisher]: got segment openarm_right_link4
[robot_state_publisher-3] [INFO] [1786613462.164644064] [robot_state_publisher]: got segment openarm_right_link5
[robot_state_publisher-3] [INFO] [1786613462.164648062] [robot_state_publisher]: got segment openarm_right_link6
[robot_state_publisher-3] [INFO] [1786613462.164652179] [robot_state_publisher]: got segment openarm_right_link7
[robot_state_publisher-3] [INFO] [1786613462.164656397] [robot_state_publisher]: got segment openarm_right_search_tool
[robot_state_publisher-3] [INFO] [1786613462.164660986] [robot_state_publisher]: got segment openarm_right_search_tool_tip
[robot_state_publisher-3] [INFO] [1786613462.164665134] [robot_state_publisher]: got segment world
[ign gazebo-1] [1;32m[Msg] [0m[1;32mIgnition Gazebo GUI    v[0m[1;32m6.18.0[0m[1;32m[0m
[ign gazebo-1] [1;32m[Msg] [0m[1;32mReceived world [[0m[1;32m/home/xiaojun/openarm_ws/install/openarm_gazebo_hole_search/share/openarm_gazebo_hole_search/worlds/hole_search.sdf[0m[1;32m] from the GUI.[0m[1;32m[0m
[ign gazebo-1] Warning: Ignoring XDG_SESSION_TYPE=wayland on Gnome. Use QT_QPA_PLATFORM=wayland to run on Wayland anyway.
[ign gazebo-1] [1;32m[Msg] [0m[1;32mIgnition Gazebo Server v[0m[1;32m6.18.0[0m[1;32m[0m
[ign gazebo-1] [1;32m[Msg] [0m[1;32mLoading SDF world file[[0m[1;32m/home/xiaojun/openarm_ws/install/openarm_gazebo_hole_search/share/openarm_gazebo_hole_search/worlds/hole_search.sdf[0m[1;32m].[0m
[ign gazebo-1] [1;32m[Msg] [0m[1;32mServing entity system service on [[0m[1;32m/[0m[1;32mentity/system/add[0m[1;32m][0m[1;32m[0m
[ign gazebo-1] [1;32m[Msg] [0m[1;32mCreate service on [[0m[1;32m/world/hole_search/create[0m[1;32m][0m[1;32m[0m
[ign gazebo-1] [1;32m[Msg] [0m[1;32mRemove service on [[0m[1;32m/world/hole_search/remove[0m[1;32m][0m[1;32m[0m
[ign gazebo-1] [1;32m[Msg] [0m[1;32mPose service on [[0m[1;32m/world/hole_search/set_pose[0m[1;32m][0m[1;32m[0m
[ign gazebo-1] [1;32m[Msg] [0m[1;32mPose service on [[0m[1;32m/world/hole_search/set_pose_vector[0m[1;32m][0m[1;32m[0m
[ign gazebo-1] [1;32m[Msg] [0m[1;32mLight configuration service on [[0m[1;32m/world/hole_search/light_config[0m[1;32m][0m[1;32m[0m
[ign gazebo-1] [1;32m[Msg] [0m[1;32mPhysics service on [[0m[1;32m/world/hole_search/set_physics[0m[1;32m][0m[1;32m[0m
[ign gazebo-1] [1;32m[Msg] [0m[1;32mSphericalCoordinates service on [[0m[1;32m/world/hole_search/set_spherical_coordinates[0m[1;32m][0m[1;32m[0m
[ign gazebo-1] [1;32m[Msg] [0m[1;32mEnable collision service on [[0m[1;32m/world/hole_search/enable_collision[0m[1;32m][0m[1;32m[0m
[ign gazebo-1] [1;32m[Msg] [0m[1;32mDisable collision service on [[0m[1;32m/world/hole_search/disable_collision[0m[1;32m][0m[1;32m[0m
[ign gazebo-1] [1;32m[Msg] [0m[1;32mMaterial service on [[0m[1;32m/world/hole_search/visual_config[0m[1;32m][0m[1;32m[0m
[ign gazebo-1] [1;32m[Msg] [0m[1;32mMaterial service on [[0m[1;32m/world/hole_search/wheel_slip[0m[1;32m][0m[1;32m[0m
[ign gazebo-1] [1;32m[Msg] [0m[1;32mLoaded level [[0m[1;32m3[0m[1;32m][0m[1;32m[0m
[ign gazebo-1] [1;32m[Msg] [0m[1;32mServing world controls on [[0m[1;32m/world/hole_search[0m[1;32m/control], [[0m[1;32m/world/hole_search[0m[1;32m/control/state] and [[0m[1;32m/world/hole_search[0m[1;32m/playback/control][0m[1;32m[0m
[ign gazebo-1] [1;32m[Msg] [0m[1;32mServing GUI information on [[0m[1;32m/world/hole_search[0m[1;32m/[0m[1;32mgui/info[0m[1;32m][0m[1;32m[0m
[ign gazebo-1] [1;32m[Msg] [0m[1;32mWorld [[0m[1;32mhole_search[0m[1;32m] initialized with [[0m[1;32mfast_contact[0m[1;32m] physics profile.[0m[1;32m[0m
[ign gazebo-1] [1;32m[Msg] [0m[1;32mServing world SDF generation service on [[0m[1;32m/world/hole_search[0m[1;32m/[0m[1;32mgenerate_world_sdf[0m[1;32m][0m[1;32m[0m
[ign gazebo-1] [1;32m[Msg] [0m[1;32mServing world names on [[0m[1;32m/gazebo/worlds[0m[1;32m][0m[1;32m[0m
[ign gazebo-1] [1;32m[Msg] [0m[1;32mResource path add service on [[0m[1;32m/gazebo/resource_paths/add[0m[1;32m].[0m[1;32m[0m
[ign gazebo-1] [1;32m[Msg] [0m[1;32mResource path get service on [[0m[1;32m/gazebo/resource_paths/get[0m[1;32m].[0m[1;32m[0m
[ign gazebo-1] [1;32m[Msg] [0m[1;32mResource path resolve service on [[0m[1;32m/gazebo/resource_paths/resolve[0m[1;32m].[0m[1;32m[0m
[ign gazebo-1] [1;32m[Msg] [0m[1;32mResource paths published on [[0m[1;32m/gazebo/resource_paths[0m[1;32m].[0m[1;32m[0m
[ign gazebo-1] [1;32m[Msg] [0m[1;32mServer control service on [[0m[1;32m/server_control[0m[1;32m].[0m[1;32m[0m
[create-4] [INFO] [1786613462.682092028] [ros_gz_sim]: Waiting messages on topic [robot_description].
[create-4] [INFO] [1786613462.695288125] [ros_gz_sim]: Requested creation of entity.
[create-4] [INFO] [1786613462.695337438] [ros_gz_sim]: OK creation of entity.
[ign gazebo-1] [1;33m[GUI] [Wrn] [Application.cc:802] [0m[1;33m[QT] file::/Gazebo/GazeboDrawer.qml:242:3: QML Connections: Implicitly defined onFoo properties in Connections are deprecated. Use this syntax instead: function onFoo(<arguments>) { ... }[0m[1;33m[0m
[INFO] [create-4]: process has finished cleanly [pid 8737]
[ign gazebo-1] [1;32m[GUI] [0m[1;32m[Msg] [0m[1;32mLoading config [[0m[1;32m/home/xiaojun/.ignition/gazebo/6/gui.config[0m[1;32m][0m[1;32m[0m
[ign gazebo-1] [1;32m[GUI] [0m[1;32m[Msg] [0m[1;32mAdded plugin [[0m[1;32m3D View[0m[1;32m] to main window[0m[1;32m[0m
[ign gazebo-1] [1;32m[GUI] [0m[1;32m[Msg] [0m[1;32mLoaded plugin [[0m[1;32mMinimalScene[0m[1;32m] from path [[0m[1;32m/usr/lib/x86_64-linux-gnu/ign-gui-6/plugins/libMinimalScene.so[0m[1;32m][0m[1;32m[0m
[ign gazebo-1] [1;33m[GUI] [Wrn] [Application.cc:802] [0m[1;33m[QT] file::/EntityContextMenuPlugin/EntityContextMenuPlugin.qml:56:5: QML Connections: Implicitly defined onFoo properties in Connections are deprecated. Use this syntax instead: function onFoo(<arguments>) { ... }[0m[1;33m[0m
[ign gazebo-1] [1;32m[GUI] [0m[1;32m[Msg] [0m[1;32mAdded plugin [[0m[1;32mEntity Context Menu[0m[1;32m] to main window[0m[1;32m[0m
[ign gazebo-1] [1;32m[GUI] [0m[1;32m[Msg] [0m[1;32mLoaded plugin [[0m[1;32mEntityContextMenuPlugin[0m[1;32m] from path [[0m[1;32m/usr/lib/x86_64-linux-gnu/ign-gazebo-6/plugins/gui/libEntityContextMenuPlugin.so[0m[1;32m][0m[1;32m[0m
[ign gazebo-1] [1;32m[GUI] [0m[1;32m[Msg] [0m[1;32mAdded plugin [[0m[1;32mScene Manager[0m[1;32m] to main window[0m[1;32m[0m
[ign gazebo-1] [1;32m[GUI] [0m[1;32m[Msg] [0m[1;32mLoaded plugin [[0m[1;32mGzSceneManager[0m[1;32m] from path [[0m[1;32m/usr/lib/x86_64-linux-gnu/ign-gazebo-6/plugins/gui/libGzSceneManager.so[0m[1;32m][0m[1;32m[0m
[ign gazebo-1] [1;32m[GUI] [0m[1;32m[Msg] [0m[1;32mCamera view controller topic advertised on [[0m[1;32m/gui/camera/view_control[0m[1;32m][0m[1;32m[0m
[ign gazebo-1] [1;32m[GUI] [0m[1;32m[Msg] [0m[1;32mCamera reference visual topic advertised on [[0m[1;32m/gui/camera/view_control/reference_visual[0m[1;32m][0m[1;32m[0m
[ign gazebo-1] [1;32m[GUI] [0m[1;32m[Msg] [0m[1;32mCamera view control sensitivity advertised on [[0m[1;32m/gui/camera/view_control/sensitivity[0m[1;32m][0m[1;32m[0m
[ign gazebo-1] [1;32m[GUI] [0m[1;32m[Msg] [0m[1;32mAdded plugin [[0m[1;32mInteractive view control[0m[1;32m] to main window[0m[1;32m[0m
[ign gazebo-1] [1;32m[GUI] [0m[1;32m[Msg] [0m[1;32mLoaded plugin [[0m[1;32mInteractiveViewControl[0m[1;32m] from path [[0m[1;32m/usr/lib/x86_64-linux-gnu/ign-gui-6/plugins/libInteractiveViewControl.so[0m[1;32m][0m[1;32m[0m
[ign gazebo-1] [1;32m[GUI] [0m[1;32m[Msg] [0m[1;32mAdded plugin [[0m[1;32mCamera tracking[0m[1;32m] to main window[0m[1;32m[0m
[ign gazebo-1] [1;32m[GUI] [0m[1;32m[Msg] [0m[1;32mLoaded plugin [[0m[1;32mCameraTracking[0m[1;32m] from path [[0m[1;32m/usr/lib/x86_64-linux-gnu/ign-gui-6/plugins/libCameraTracking.so[0m[1;32m][0m[1;32m[0m
[ign gazebo-1] [1;32m[GUI] [0m[1;32m[Msg] [0m[1;32mListening to stats on [[0m[1;32m/world/hole_search/stats[0m[1;32m][0m[1;32m[0m
[ign gazebo-1] [1;32m[GUI] [0m[1;32m[Msg] [0m[1;32mAdded plugin [[0m[1;32mMarker Manager[0m[1;32m] to main window[0m[1;32m[0m
[ign gazebo-1] [1;32m[GUI] [0m[1;32m[Msg] [0m[1;32mLoaded plugin [[0m[1;32mMarkerManager[0m[1;32m] from path [[0m[1;32m/usr/lib/x86_64-linux-gnu/ign-gui-6/plugins/libMarkerManager.so[0m[1;32m][0m[1;32m[0m
[ign gazebo-1] [1;32m[GUI] [0m[1;32m[Msg] [0m[1;32mAdded plugin [[0m[1;32mSelect entities[0m[1;32m] to main window[0m[1;32m[0m
[ign gazebo-1] [1;32m[GUI] [0m[1;32m[Msg] [0m[1;32mLoaded plugin [[0m[1;32mSelectEntities[0m[1;32m] from path [[0m[1;32m/usr/lib/x86_64-linux-gnu/ign-gazebo-6/plugins/gui/libSelectEntities.so[0m[1;32m][0m[1;32m[0m
[ign gazebo-1] [1;33m[GUI] [Wrn] [Application.cc:802] [0m[1;33m[QT] file::/Spawn/Spawn.qml:32:3: QML Connections: Implicitly defined onFoo properties in Connections are deprecated. Use this syntax instead: function onFoo(<arguments>) { ... }[0m[1;33m[0m
[ign gazebo-1] [1;32m[GUI] [0m[1;32m[Msg] [0m[1;32mAdded plugin [[0m[1;32mSpawn[0m[1;32m] to main window[0m[1;32m[0m
[ign gazebo-1] [1;32m[GUI] [0m[1;32m[Msg] [0m[1;32mLoaded plugin [[0m[1;32mSpawn[0m[1;32m] from path [[0m[1;32m/usr/lib/x86_64-linux-gnu/ign-gazebo-6/plugins/gui/libSpawn.so[0m[1;32m][0m[1;32m[0m
[ign gazebo-1] [1;32m[GUI] [0m[1;32m[Msg] [0m[1;32mView as transparent service on [[0m[1;32m/gui/view/transparent[0m[1;32m][0m[1;32m[0m
[ign gazebo-1] [1;32m[GUI] [0m[1;32m[Msg] [0m[1;32mView as wireframes service on [[0m[1;32m/gui/view/wireframes[0m[1;32m][0m[1;32m[0m
[ign gazebo-1] [1;32m[GUI] [0m[1;32m[Msg] [0m[1;32mView center of mass service on [[0m[1;32m/gui/view/com[0m[1;32m][0m[1;32m[0m
[ign gazebo-1] [1;32m[GUI] [0m[1;32m[Msg] [0m[1;32mView inertia service on [[0m[1;32m/gui/view/inertia[0m[1;32m][0m[1;32m[0m
[ign gazebo-1] [1;32m[GUI] [0m[1;32m[Msg] [0m[1;32mView collisions service on [[0m[1;32m/gui/view/collisions[0m[1;32m][0m[1;32m[0m
[ign gazebo-1] [1;32m[GUI] [0m[1;32m[Msg] [0m[1;32mView joints service on [[0m[1;32m/gui/view/joints[0m[1;32m][0m[1;32m[0m
[ign gazebo-1] [1;32m[GUI] [0m[1;32m[Msg] [0m[1;32mView frames service on [[0m[1;32m/gui/view/frames[0m[1;32m][0m[1;32m[0m
[ign gazebo-1] [1;32m[GUI] [0m[1;32m[Msg] [0m[1;32mAdded plugin [[0m[1;32mVisualization capabilities[0m[1;32m] to main window[0m[1;32m[0m
[ign gazebo-1] [1;32m[GUI] [0m[1;32m[Msg] [0m[1;32mLoaded plugin [[0m[1;32mVisualizationCapabilities[0m[1;32m] from path [[0m[1;32m/usr/lib/x86_64-linux-gnu/ign-gazebo-6/plugins/gui/libVisualizationCapabilities.so[0m[1;32m][0m[1;32m[0m
[ign gazebo-1] [1;32m[GUI] [0m[1;32m[Msg] [0m[1;32mUsing world control service [[0m[1;32m/world/hole_search/control[0m[1;32m][0m[1;32m[0m
[ign gazebo-1] [1;32m[GUI] [0m[1;32m[Msg] [0m[1;32mListening to stats on [[0m[1;32m/world/hole_search/stats[0m[1;32m][0m[1;32m[0m
[ign gazebo-1] [1;32m[GUI] [0m[1;32m[Msg] [0m[1;32mAdded plugin [[0m[1;32mWorld control[0m[1;32m] to main window[0m[1;32m[0m
[ign gazebo-1] [1;32m[GUI] [0m[1;32m[Msg] [0m[1;32mLoaded plugin [[0m[1;32mWorldControl[0m[1;32m] from path [[0m[1;32m/usr/lib/x86_64-linux-gnu/ign-gui-6/plugins/libWorldControl.so[0m[1;32m][0m[1;32m[0m
[ign gazebo-1] [1;32m[GUI] [0m[1;32m[Msg] [0m[1;32mListening to stats on [[0m[1;32m/world/hole_search/stats[0m[1;32m][0m[1;32m[0m
[ign gazebo-1] [1;32m[GUI] [0m[1;32m[Msg] [0m[1;32mAdded plugin [[0m[1;32mWorld stats[0m[1;32m] to main window[0m[1;32m[0m
[ign gazebo-1] [1;32m[GUI] [0m[1;32m[Msg] [0m[1;32mLoaded plugin [[0m[1;32mWorldStats[0m[1;32m] from path [[0m[1;32m/usr/lib/x86_64-linux-gnu/ign-gui-6/plugins/libWorldStats.so[0m[1;32m][0m[1;32m[0m
[ign gazebo-1] [1;32m[GUI] [0m[1;32m[Msg] [0m[1;32mAdded plugin [[0m[1;32mShapes[0m[1;32m] to main window[0m[1;32m[0m
[ign gazebo-1] [1;32m[GUI] [0m[1;32m[Msg] [0m[1;32mLoaded plugin [[0m[1;32mShapes[0m[1;32m] from path [[0m[1;32m/usr/lib/x86_64-linux-gnu/ign-gazebo-6/plugins/gui/libShapes.so[0m[1;32m][0m[1;32m[0m
[ign gazebo-1] [1;32m[GUI] [0m[1;32m[Msg] [0m[1;32mAdded plugin [[0m[1;32mLights[0m[1;32m] to main window[0m[1;32m[0m
[ign gazebo-1] [1;32m[GUI] [0m[1;32m[Msg] [0m[1;32mLoaded plugin [[0m[1;32mLights[0m[1;32m] from path [[0m[1;32m/usr/lib/x86_64-linux-gnu/ign-gazebo-6/plugins/gui/libLights.so[0m[1;32m][0m[1;32m[0m
[ign gazebo-1] [1;33m[GUI] [Wrn] [Application.cc:802] [0m[1;33m[QT] file::/TransformControl/TransformControl.qml:104:3: QML Connections: Implicitly defined onFoo properties in Connections are deprecated. Use this syntax instead: function onFoo(<arguments>) { ... }[0m[1;33m[0m
[ign gazebo-1] [1;33m[GUI] [Wrn] [Application.cc:802] [0m[1;33m[QT] file::/TransformControl/TransformControl.qml:99:3: QML Connections: Implicitly defined onFoo properties in Connections are deprecated. Use this syntax instead: function onFoo(<arguments>) { ... }[0m[1;33m[0m
[ign gazebo-1] [1;33m[GUI] [Wrn] [Application.cc:802] [0m[1;33m[QT] file::/TransformControl/TransformControl.qml:94:3: QML Connections: Implicitly defined onFoo properties in Connections are deprecated. Use this syntax instead: function onFoo(<arguments>) { ... }[0m[1;33m[0m
[ign gazebo-1] [1;33m[GUI] [Wrn] [Application.cc:802] [0m[1;33m[QT] file::/TransformControl/TransformControl.qml:89:3: QML Connections: Implicitly defined onFoo properties in Connections are deprecated. Use this syntax instead: function onFoo(<arguments>) { ... }[0m[1;33m[0m
[ign gazebo-1] [1;32m[GUI] [0m[1;32m[Msg] [0m[1;32mAdded plugin [[0m[1;32mTransform control[0m[1;32m] to main window[0m[1;32m[0m
[ign gazebo-1] [1;32m[GUI] [0m[1;32m[Msg] [0m[1;32mLoaded plugin [[0m[1;32mTransformControl[0m[1;32m] from path [[0m[1;32m/usr/lib/x86_64-linux-gnu/ign-gazebo-6/plugins/gui/libTransformControl.so[0m[1;32m][0m[1;32m[0m
[ign gazebo-1] [1;32m[GUI] [0m[1;32m[Msg] [0m[1;32mScreenshot service on [[0m[1;32m/gui/screenshot[0m[1;32m][0m[1;32m[0m
[ign gazebo-1] [1;32m[GUI] [0m[1;32m[Msg] [0m[1;32mAdded plugin [[0m[1;32mScreenshot[0m[1;32m] to main window[0m[1;32m[0m
[ign gazebo-1] [1;32m[GUI] [0m[1;32m[Msg] [0m[1;32mLoaded plugin [[0m[1;32mScreenshot[0m[1;32m] from path [[0m[1;32m/usr/lib/x86_64-linux-gnu/ign-gui-6/plugins/libScreenshot.so[0m[1;32m][0m[1;32m[0m
[ign gazebo-1] [1;32m[GUI] [0m[1;32m[Msg] [0m[1;32mAdded plugin [[0m[1;32mCopy/Paste[0m[1;32m] to main window[0m[1;32m[0m
[ign gazebo-1] [1;32m[GUI] [0m[1;32m[Msg] [0m[1;32mLoaded plugin [[0m[1;32mCopyPaste[0m[1;32m] from path [[0m[1;32m/usr/lib/x86_64-linux-gnu/ign-gazebo-6/plugins/gui/libCopyPaste.so[0m[1;32m][0m[1;32m[0m
[ign gazebo-1] [1;32m[GUI] [0m[1;32m[Msg] [0m[1;32mAdded plugin [[0m[1;32mComponent inspector[0m[1;32m] to main window[0m[1;32m[0m
[ign gazebo-1] [1;32m[GUI] [0m[1;32m[Msg] [0m[1;32mLoaded plugin [[0m[1;32mComponentInspector[0m[1;32m] from path [[0m[1;32m/usr/lib/x86_64-linux-gnu/ign-gazebo-6/plugins/gui/libComponentInspector.so[0m[1;32m][0m[1;32m[0m
[ign gazebo-1] [1;32m[GUI] [0m[1;32m[Msg] [0m[1;32mAdded plugin [[0m[1;32mEntity tree[0m[1;32m] to main window[0m[1;32m[0m
[ign gazebo-1] [1;32m[GUI] [0m[1;32m[Msg] [0m[1;32mLoaded plugin [[0m[1;32mEntityTree[0m[1;32m] from path [[0m[1;32m/usr/lib/x86_64-linux-gnu/ign-gazebo-6/plugins/gui/libEntityTree.so[0m[1;32m][0m[1;32m[0m
[ign gazebo-1] [1;32m[GUI] [0m[1;32m[Msg] [0m[1;32mUsing server control service [[0m[1;32m/server_control[0m[1;32m][0m[1;32m[0m
[ign gazebo-1] [1;33m[GUI] [Wrn] [Application.cc:802] [0m[1;33m[QT] file::/WorldStats/WorldStats.qml:53:3: QML RowLayout: Binding loop detected for property "x"[0m[1;33m[0m
[ign gazebo-1] [1;32m[GUI] [0m[1;32m[Msg] [0m[1;32mLoading plugin [[0m[1;32mignition-rendering-ogre[0m[1;32m][0m[1;32m[0m
[ign gazebo-1] [1;32m[GUI] [0m[1;32m[Msg] [0m[1;32mLoading plugin [[0m[1;32mignition-rendering-ogre[0m[1;32m][0m[1;32m[0m
[ign gazebo-1] [1;32m[GUI] [0m[1;32m[Msg] [0m[1;32mLoading plugin [[0m[1;32mignition-rendering-ogre[0m[1;32m][0m[1;32m[0m
[ign gazebo-1] [1;32m[GUI] [0m[1;32m[Msg] [0m[1;32mLoading plugin [[0m[1;32mignition-rendering-ogre[0m[1;32m][0m[1;32m[0m
[ign gazebo-1] [1;32m[GUI] [0m[1;32m[Msg] [0m[1;32mLoading plugin [[0m[1;32mignition-rendering-ogre[0m[1;32m][0m[1;32m[0m
[ign gazebo-1] [1;32m[GUI] [0m[1;32m[Msg] [0m[1;32mLoading plugin [[0m[1;32mignition-rendering-ogre[0m[1;32m][0m[1;32m[0m
[ign gazebo-1] [1;32m[GUI] [0m[1;32m[Msg] [0m[1;32mLoading plugin [[0m[1;32mignition-rendering-ogre[0m[1;32m][0m[1;32m[0m
[ign gazebo-1] [1;32m[GUI] [0m[1;32m[Msg] [0m[1;32mMove to service on [[0m[1;32m/gui/move_to[0m[1;32m][0m[1;32m[0m
[ign gazebo-1] [1;32m[GUI] [0m[1;32m[Msg] [0m[1;32mFollow service on [[0m[1;32m/gui/follow[0m[1;32m][0m[1;32m[0m
[ign gazebo-1] [1;32m[GUI] [0m[1;32m[Msg] [0m[1;32mMove to pose service on [[0m[1;32m/gui/move_to/pose[0m[1;32m][0m[1;32m[0m
[ign gazebo-1] [1;32m[GUI] [0m[1;32m[Msg] [0m[1;32mCamera pose topic advertised on [[0m[1;32m/gui/camera/pose[0m[1;32m][0m[1;32m[0m
[ign gazebo-1] [1;32m[GUI] [0m[1;32m[Msg] [0m[1;32mFollow offset service on [[0m[1;32m/gui/follow/offset[0m[1;32m][0m[1;32m[0m
[ign gazebo-1] [1;32m[GUI] [0m[1;32m[Msg] [0m[1;32mLoading plugin [[0m[1;32mignition-rendering-ogre[0m[1;32m][0m[1;32m[0m
[ign gazebo-1] [1;32m[GUI] [0m[1;32m[Msg] [0m[1;32mLoading plugin [[0m[1;32mignition-rendering-ogre[0m[1;32m][0m[1;32m[0m
[ign gazebo-1] [1;32m[GUI] [0m[1;32m[Msg] [0m[1;32mLoading plugin [[0m[1;32mignition-rendering-ogre[0m[1;32m][0m[1;32m[0m
[ign gazebo-1] [1;32m[Msg] [0m[1;32mFound no publishers on /stats, adding root stats topic[0m[1;32m[0m
[ign gazebo-1] [1;32m[Msg] [0m[1;32mFound no publishers on /clock, adding root clock topic[0m[1;32m[0m
[ign gazebo-1] [INFO] [1786613464.393647599] [GazeboSimROS2ControlPlugin]: robot_param_node is robot_state_publisher
[ign gazebo-1] [INFO] [1786613464.393709996] [GazeboSimROS2ControlPlugin]: robot_param_node is robot_description
[ign gazebo-1] [INFO] [1786613464.438095915] [gz_ros2_control]: connected to service!! robot_state_publisher asking for robot_description
[ign gazebo-1] [INFO] [1786613464.439482404] [gz_ros2_control]: Received URDF from param server
[ign gazebo-1] [INFO] [1786613464.441317651] [gz_ros2_control]: [gz_ros2_control] Fixed joint ['openarm_right_world_joint'] (Entity='46') is skipped.
[ign gazebo-1] [INFO] [1786613464.445999530] [gz_ros2_control]: The position_proportional_gain has been set to: 0.1
[ign gazebo-1] [INFO] [1786613464.446095219] [gz_ros2_control]: Loading joint: openarm_right_joint1
[ign gazebo-1] [INFO] [1786613464.446117481] [gz_ros2_control]: 	State:
[ign gazebo-1] [INFO] [1786613464.446132840] [gz_ros2_control]: 		 position
[ign gazebo-1] [INFO] [1786613464.446148489] [gz_ros2_control]: 			 found initial value: 0.000000
[ign gazebo-1] [INFO] [1786613464.446158187] [gz_ros2_control]: 		 velocity
[ign gazebo-1] [INFO] [1786613464.446163277] [gz_ros2_control]: 		 effort
[ign gazebo-1] [INFO] [1786613464.446168216] [gz_ros2_control]: 	Command:
[ign gazebo-1] [INFO] [1786613464.446173506] [gz_ros2_control]: 		 effort
[ign gazebo-1] [INFO] [1786613464.446188434] [gz_ros2_control]: Loading joint: openarm_right_joint2
[ign gazebo-1] [INFO] [1786613464.446194345] [gz_ros2_control]: 	State:
[ign gazebo-1] [INFO] [1786613464.446199214] [gz_ros2_control]: 		 position
[ign gazebo-1] [INFO] [1786613464.446204554] [gz_ros2_control]: 			 found initial value: 1.150000
[ign gazebo-1] [INFO] [1786613464.446210175] [gz_ros2_control]: 		 velocity
[ign gazebo-1] [INFO] [1786613464.446215044] [gz_ros2_control]: 		 effort
[ign gazebo-1] [INFO] [1786613464.446219663] [gz_ros2_control]: 	Command:
[ign gazebo-1] [INFO] [1786613464.446224101] [gz_ros2_control]: 		 effort
[ign gazebo-1] [INFO] [1786613464.446233468] [gz_ros2_control]: Loading joint: openarm_right_joint3
[ign gazebo-1] [INFO] [1786613464.446239259] [gz_ros2_control]: 	State:
[ign gazebo-1] [INFO] [1786613464.446244048] [gz_ros2_control]: 		 position
[ign gazebo-1] [INFO] [1786613464.446248467] [gz_ros2_control]: 			 found initial value: 0.000000
[ign gazebo-1] [INFO] [1786613464.446253666] [gz_ros2_control]: 		 velocity
[ign gazebo-1] [INFO] [1786613464.446258836] [gz_ros2_control]: 		 effort
[ign gazebo-1] [INFO] [1786613464.446264016] [gz_ros2_control]: 	Command:
[ign gazebo-1] [INFO] [1786613464.446268955] [gz_ros2_control]: 		 effort
[ign gazebo-1] [INFO] [1786613464.446278383] [gz_ros2_control]: Loading joint: openarm_right_joint4
[ign gazebo-1] [INFO] [1786613464.446283763] [gz_ros2_control]: 	State:
[ign gazebo-1] [INFO] [1786613464.446288381] [gz_ros2_control]: 		 position
[ign gazebo-1] [INFO] [1786613464.446292960] [gz_ros2_control]: 			 found initial value: 1.300000
[ign gazebo-1] [INFO] [1786613464.446298019] [gz_ros2_control]: 		 velocity
[ign gazebo-1] [INFO] [1786613464.446302608] [gz_ros2_control]: 		 effort
[ign gazebo-1] [INFO] [1786613464.446307066] [gz_ros2_control]: 	Command:
[ign gazebo-1] [INFO] [1786613464.446311695] [gz_ros2_control]: 		 effort
[ign gazebo-1] [INFO] [1786613464.446320441] [gz_ros2_control]: Loading joint: openarm_right_joint5
[ign gazebo-1] [INFO] [1786613464.446326964] [gz_ros2_control]: 	State:
[ign gazebo-1] [INFO] [1786613464.446331823] [gz_ros2_control]: 		 position
[ign gazebo-1] [INFO] [1786613464.446336261] [gz_ros2_control]: 			 found initial value: 0.000000
[ign gazebo-1] [INFO] [1786613464.446341641] [gz_ros2_control]: 		 velocity
[ign gazebo-1] [INFO] [1786613464.446346290] [gz_ros2_control]: 		 effort
[ign gazebo-1] [INFO] [1786613464.446350788] [gz_ros2_control]: 	Command:
[ign gazebo-1] [INFO] [1786613464.446355227] [gz_ros2_control]: 		 effort
[ign gazebo-1] [INFO] [1786613464.446364153] [gz_ros2_control]: Loading joint: openarm_right_joint6
[ign gazebo-1] [INFO] [1786613464.446369914] [gz_ros2_control]: 	State:
[ign gazebo-1] [INFO] [1786613464.446374593] [gz_ros2_control]: 		 position
[ign gazebo-1] [INFO] [1786613464.446378891] [gz_ros2_control]: 			 found initial value: 0.000000
[ign gazebo-1] [INFO] [1786613464.446384041] [gz_ros2_control]: 		 velocity
[ign gazebo-1] [INFO] [1786613464.446392276] [gz_ros2_control]: 		 effort
[ign gazebo-1] [INFO] [1786613464.446397065] [gz_ros2_control]: 	Command:
[ign gazebo-1] [INFO] [1786613464.446401694] [gz_ros2_control]: 		 effort
[ign gazebo-1] [INFO] [1786613464.446410130] [gz_ros2_control]: Loading joint: openarm_right_joint7
[ign gazebo-1] [INFO] [1786613464.446415500] [gz_ros2_control]: 	State:
[ign gazebo-1] [INFO] [1786613464.446420018] [gz_ros2_control]: 		 position
[ign gazebo-1] [INFO] [1786613464.446424587] [gz_ros2_control]: 			 found initial value: 0.000000
[ign gazebo-1] [INFO] [1786613464.446429746] [gz_ros2_control]: 		 velocity
[ign gazebo-1] [INFO] [1786613464.446434375] [gz_ros2_control]: 		 effort
[ign gazebo-1] [INFO] [1786613464.446438874] [gz_ros2_control]: 	Command:
[ign gazebo-1] [INFO] [1786613464.446443462] [gz_ros2_control]: 		 effort
[ign gazebo-1] [INFO] [1786613464.446560141] [resource_manager]: Initialize hardware 'openarm_right_gazebo_system' 
[ign gazebo-1] [INFO] [1786613464.446698741] [resource_manager]: Successful initialization of hardware 'openarm_right_gazebo_system'
[ign gazebo-1] [INFO] [1786613464.446732514] [resource_manager]: 'configure' hardware 'openarm_right_gazebo_system' 
[ign gazebo-1] [INFO] [1786613464.446737183] [gz_ros2_control]: System Successfully configured!
[ign gazebo-1] [INFO] [1786613464.446750919] [resource_manager]: Successful 'configure' of hardware 'openarm_right_gazebo_system'
[ign gazebo-1] [INFO] [1786613464.446758343] [resource_manager]: 'activate' hardware 'openarm_right_gazebo_system' 
[ign gazebo-1] [INFO] [1786613464.446765025] [resource_manager]: Successful 'activate' of hardware 'openarm_right_gazebo_system'
[ign gazebo-1] [INFO] [1786613464.446770175] [gz_ros2_control]: Loading controller_manager
[ign gazebo-1] [1;32m[Msg] [0m[1;32mServing scene information on [[0m[1;32m/world/hole_search[0m[1;32m/[0m[1;32mscene/info[0m[1;32m][0m[1;32m[0m
[ign gazebo-1] [1;32m[Msg] [0m[1;32mServing graph information on [[0m[1;32m/world/hole_search[0m[1;32m/[0m[1;32mscene/graph[0m[1;32m][0m[1;32m[0m
[ign gazebo-1] [1;32m[Msg] [0m[1;32mServing full state on [[0m[1;32m/world/hole_search[0m[1;32m/[0m[1;32mstate[0m[1;32m][0m[1;32m[0m
[ign gazebo-1] [1;32m[Msg] [0m[1;32mServing full state (async) on [[0m[1;32m/world/hole_search[0m[1;32m/[0m[1;32mstate_async[0m[1;32m][0m[1;32m[0m
[ign gazebo-1] [1;32m[Msg] [0m[1;32mPublishing scene information on [[0m[1;32m/world/hole_search/scene/info[0m[1;32m][0m[1;32m[0m
[ign gazebo-1] [1;32m[Msg] [0m[1;32mPublishing entity deletions on [[0m[1;32m/world/hole_search/scene/deletion[0m[1;32m][0m[1;32m[0m
[ign gazebo-1] [1;32m[Msg] [0m[1;32mPublishing state changes on [[0m[1;32m/world/hole_search/state[0m[1;32m][0m[1;32m[0m
[ign gazebo-1] [1;32m[Msg] [0m[1;32mPublishing pose messages on [[0m[1;32m/world/hole_search[0m[1;32m/[0m[1;32mpose/info[0m[1;32m][0m[1;32m[0m
[ign gazebo-1] [1;32m[Msg] [0m[1;32mPublishing dynamic pose messages on [[0m[1;32m/world/hole_search[0m[1;32m/[0m[1;32mdynamic_pose/info[0m[1;32m][0m[1;32m[0m
[ign gazebo-1] [WARN] [1786613464.532064147] [gz_ros2_control]:  Desired controller update period (0.002 s) is slower than the gazebo simulation period (0 s).
[ign gazebo-1] [1;33m[Wrn] [Component.hh:144] [0m[1;33mTrying to serialize component with data type [[0m[1;33mSt6vectorIdSaIdEE[0m[1;33m], which doesn't have [0m[1;33m`operator<<`. Component will not be serialized.[0m[1;33m[0m
[ign gazebo-1] [1;33m[GUI] [Wrn] [Component.hh:189] [0m[1;33mTrying to deserialize component with data type [[0m[1;33mSt6vectorIdSaIdEE[0m[1;33m], which doesn't have [0m[1;33m`operator>>`. Component will not be deserialized.[0m[1;33m[0m
[INFO] [spawner-5]: process started with pid [8859]
[ign gazebo-1] [INFO] [1786613465.425729006] [controller_manager]: Loading controller 'joint_state_broadcaster'
[spawner-5] [INFO] [1786613465.460769520] [spawner_joint_state_broadcaster]: [94mLoaded [1mjoint_state_broadcaster[0m
[ign gazebo-1] [INFO] [1786613465.462251520] [controller_manager]: Configuring controller 'joint_state_broadcaster'
[ign gazebo-1] [INFO] [1786613465.462423472] [joint_state_broadcaster]: 'joints' or 'interfaces' parameter is empty. All available state interfaces will be published
[INFO] [spawner-5]: process has finished cleanly [pid 8859]
[INFO] [spawner-6]: process started with pid [8874]
[ign gazebo-1] [INFO] [1786613466.462544415] [controller_manager]: Loading controller 'arm_effort_controller'
[spawner-6] [INFO] [1786613466.492625392] [spawner_arm_effort_controller]: [94mLoaded [1marm_effort_controller[0m
[ign gazebo-1] [INFO] [1786613466.494387141] [controller_manager]: Configuring controller 'arm_effort_controller'
[ign gazebo-1] [INFO] [1786613466.495517681] [arm_effort_controller]: configure successful
[INFO] [spawner-6]: process has finished cleanly [pid 8874]
[INFO] [sac_runtime_controller-7]: process started with pid [8887]
[sac_runtime_controller-7] [INFO] [1786613467.693430408] [rl_hole_search_controller]: Waiting for robot_description and joint states...
[sac_runtime_controller-7] [INFO] [1786613467.707482123] [rl_hole_search_controller]: SAC runtime ready; only SEARCHING is policy-controlled
[sac_runtime_controller-7] [INFO] [1786613467.709691747] [rl_hole_search_controller]: Loaded model with 7 positions; tool=openarm_right_search_tool_tip
[INFO] [ign-8]: process started with pid [8899]
[ign-8] data: true
[ign-8] 
[INFO] [ign-8]: process has finished cleanly [pid 8899]
[INFO] [ros2-9]: process started with pid [8908]
[ign gazebo-1] [INFO] [1786613472.082760492] [arm_effort_controller]: activate successful
[ros2-9] Successfully switched controllers
[INFO] [ros2-9]: process has finished cleanly [pid 8908]
[sac_runtime_controller-7] [INFO] [1786613485.125011005] [rl_hole_search_controller]: RESETTING episode=1, dataset_index=563, offset_yz_mm=(-0.090, -2.201)
[sac_runtime_controller-7] [INFO] [1786613485.129714611] [rl_hole_search_controller]: RESETTING: joint_error=0.4300 rad, joint_velocity=0.0000 rad/s
[sac_runtime_controller-7] [INFO] [1786613485.835407127] [rl_hole_search_controller]: RESETTING: 固定外边界板面及真实深方孔已重建，WORLD_HOLE_XYZ=(0.33220, -0.43733, 0.56863) m, HOLE_YZ_ref=(-0.4373, 0.5686) m
[sac_runtime_controller-7] [INFO] [1786613486.008302509] [rl_hole_search_controller]: RESET complete; starting original HOLDING state
[sac_runtime_controller-7] [INFO] [1786613486.010510079] [rl_hole_search_controller]: HOLDING: center=[ 0.32375036 -0.43671763  0.57130193]
[sac_runtime_controller-7] [INFO] [1786613486.011520094] [rl_hole_search_controller]: HOLDING: dx=0.0000 m, depth=0.0001 m, YZ=(-0.4367, 0.5713) m, YZ_ref=(-0.4367, 0.5713) m, center_error_YZ_mm=(0.615, 2.668), vx=0.0001 m/s, Fx=-0.05 N, contact=True
[sac_runtime_controller-7] [INFO] [1786613486.013018715] [rl_hole_search_controller]: HOLDING: reset tool tilt=0.20 deg
[sac_runtime_controller-7] [INFO] [1786613487.033948141] [rl_hole_search_controller]: HOLDING: dx=-0.0009 m, depth=-0.0008 m, YZ=(-0.4396, 0.5719) m, YZ_ref=(-0.4367, 0.5713) m, center_error_YZ_mm=(-2.232, 3.251), vx=0.0030 m/s, Fx=0.00 N, contact=False
[sac_runtime_controller-7] [INFO] [1786613488.048829440] [rl_hole_search_controller]: HOLDING: dx=-0.0005 m, depth=-0.0004 m, YZ=(-0.4386, 0.5728) m, YZ_ref=(-0.4367, 0.5713) m, center_error_YZ_mm=(-1.221, 4.192), vx=0.0109 m/s, Fx=0.00 N, contact=False
[sac_runtime_controller-7] [INFO] [1786613489.068433574] [rl_hole_search_controller]: HOLDING: dx=-0.0008 m, depth=-0.0008 m, YZ=(-0.4406, 0.5737) m, YZ_ref=(-0.4367, 0.5713) m, center_error_YZ_mm=(-3.273, 5.043), vx=0.0049 m/s, Fx=0.00 N, contact=False
[sac_runtime_controller-7] [INFO] [1786613490.097512202] [rl_hole_search_controller]: HOLDING: dx=0.0003 m, depth=0.0004 m, YZ=(-0.4336, 0.5682) m, YZ_ref=(-0.4367, 0.5713) m, center_error_YZ_mm=(3.683, -0.390), vx=0.0128 m/s, Fx=-0.65 N, contact=True
[sac_runtime_controller-7] [INFO] [1786613491.128905948] [rl_hole_search_controller]: APPROACHING: ramping world-X contact force
[sac_runtime_controller-7] [INFO] [1786613491.131647551] [rl_hole_search_controller]: APPROACHING: dx=-0.0014 m, depth=-0.0013 m, YZ=(-0.4408, 0.5732) m, YZ_ref=(-0.4367, 0.5713) m, center_error_YZ_mm=(-3.424, 4.557), vx=0.0029 m/s, Fx=0.00 N, contact=False
[sac_runtime_controller-7] [INFO] [1786613492.172235196] [rl_hole_search_controller]: APPROACHING: dx=0.0000 m, depth=0.0001 m, YZ=(-0.4405, 0.5744) m, YZ_ref=(-0.4367, 0.5713) m, center_error_YZ_mm=(-3.216, 5.751), vx=-0.0020 m/s, Fx=0.92 N, contact=True
[sac_runtime_controller-7] [INFO] [1786613492.383310923] [rl_hole_search_controller]: SEARCHING: contact at X=0.3243; YZ spiral started
[sac_runtime_controller-7] [INFO] [1786613493.221197819] [rl_hole_search_controller]: SEARCHING: dx=0.0008 m, depth=0.0009 m, YZ=(-0.4382, 0.5738) m, YZ_ref=(-0.4397, 0.5758) m, center_error_YZ_mm=(-0.830, 5.167), vx=-0.0023 m/s, Fx=0.14 N, contact=True
[sac_runtime_controller-7] [INFO] [1786613494.291376637] [rl_hole_search_controller]: SEARCHING: dx=-0.0001 m, depth=-0.0001 m, YZ=(-0.4456, 0.5837) m, YZ_ref=(-0.4397, 0.5759) m, center_error_YZ_mm=(-8.299, 15.061), vx=0.0081 m/s, Fx=0.84 N, contact=True
[sac_runtime_controller-7] [INFO] [1786613495.361399639] [rl_hole_search_controller]: SEARCHING: dx=0.0010 m, depth=0.0010 m, YZ=(-0.4394, 0.5771) m, YZ_ref=(-0.4395, 0.5760) m, center_error_YZ_mm=(-2.075, 8.499), vx=0.0014 m/s, Fx=-0.06 N, contact=True
[sac_runtime_controller-7] [INFO] [1786613496.428051809] [rl_hole_search_controller]: SEARCHING: dx=0.0007 m, depth=0.0007 m, YZ=(-0.4423, 0.5808) m, YZ_ref=(-0.4394, 0.5759) m, center_error_YZ_mm=(-4.983, 12.151), vx=0.0072 m/s, Fx=0.13 N, contact=True
[sac_runtime_controller-7] [INFO] [1786613497.515835982] [rl_hole_search_controller]: SEARCHING: dx=0.0003 m, depth=0.0004 m, YZ=(-0.4428, 0.5802) m, YZ_ref=(-0.4393, 0.5758) m, center_error_YZ_mm=(-5.453, 11.607), vx=0.0131 m/s, Fx=0.36 N, contact=True
[sac_runtime_controller-7] [INFO] [1786613498.670632448] [rl_hole_search_controller]: SEARCHING: dx=0.0009 m, depth=0.0009 m, YZ=(-0.4396, 0.5765) m, YZ_ref=(-0.4393, 0.5757) m, center_error_YZ_mm=(-2.307, 7.887), vx=-0.0027 m/s, Fx=0.06 N, contact=True
[sac_runtime_controller-7] [INFO] [1786613499.808501320] [rl_hole_search_controller]: SEARCHING: dx=0.0006 m, depth=0.0007 m, YZ=(-0.4359, 0.5734) m, YZ_ref=(-0.4393, 0.5758) m, center_error_YZ_mm=(1.398, 4.734), vx=0.0144 m/s, Fx=0.03 N, contact=True
[sac_runtime_controller-7] [INFO] [1786613500.865328114] [rl_hole_search_controller]: SEARCHING: dx=0.0011 m, depth=0.0012 m, YZ=(-0.4309, 0.5705) m, YZ_ref=(-0.4390, 0.5760) m, center_error_YZ_mm=(6.384, 1.817), vx=-0.0085 m/s, Fx=-0.17 N, contact=True
[sac_runtime_controller-7] [INFO] [1786613501.898937428] [rl_hole_search_controller]: SEARCHING: dx=0.0007 m, depth=0.0008 m, YZ=(-0.4349, 0.5729) m, YZ_ref=(-0.4391, 0.5761) m, center_error_YZ_mm=(2.451, 4.273), vx=-0.0016 m/s, Fx=0.23 N, contact=True
[sac_runtime_controller-7] [INFO] [1786613502.931429941] [rl_hole_search_controller]: SEARCHING: dx=0.0004 m, depth=0.0005 m, YZ=(-0.4371, 0.5742) m, YZ_ref=(-0.4390, 0.5761) m, center_error_YZ_mm=(0.198, 5.603), vx=-0.0003 m/s, Fx=0.51 N, contact=True
[sac_runtime_controller-7] [INFO] [1786613503.959694567] [rl_hole_search_controller]: SEARCHING: dx=0.0003 m, depth=0.0004 m, YZ=(-0.4414, 0.5775) m, YZ_ref=(-0.4388, 0.5761) m, center_error_YZ_mm=(-4.102, 8.915), vx=0.0034 m/s, Fx=0.54 N, contact=True
[sac_runtime_controller-7] [INFO] [1786613505.011340214] [rl_hole_search_controller]: SEARCHING: dx=0.0005 m, depth=0.0005 m, YZ=(-0.4401, 0.5765) m, YZ_ref=(-0.4388, 0.5761) m, center_error_YZ_mm=(-2.776, 7.887), vx=-0.0063 m/s, Fx=0.48 N, contact=True
[sac_runtime_controller-7] [INFO] [1786613506.054561311] [rl_hole_search_controller]: SEARCHING: dx=0.0010 m, depth=0.0010 m, YZ=(-0.4363, 0.5730) m, YZ_ref=(-0.4388, 0.5761) m, center_error_YZ_mm=(1.068, 4.358), vx=-0.0057 m/s, Fx=-0.02 N, contact=True
[sac_runtime_controller-7] [INFO] [1786613507.079686785] [rl_hole_search_controller]: SEARCHING: dx=0.0008 m, depth=0.0009 m, YZ=(-0.4352, 0.5727) m, YZ_ref=(-0.4386, 0.5761) m, center_error_YZ_mm=(2.160, 4.104), vx=0.0070 m/s, Fx=-0.00 N, contact=True
[sac_runtime_controller-7] [INFO] [1786613508.120279546] [rl_hole_search_controller]: SEARCHING: dx=0.0005 m, depth=0.0005 m, YZ=(-0.4367, 0.5733) m, YZ_ref=(-0.4386, 0.5761) m, center_error_YZ_mm=(0.590, 4.709), vx=-0.0142 m/s, Fx=0.48 N, contact=True
[sac_runtime_controller-7] [INFO] [1786613509.139072963] [rl_hole_search_controller]: SEARCHING: dx=0.0007 m, depth=0.0007 m, YZ=(-0.4390, 0.5757) m, YZ_ref=(-0.4386, 0.5761) m, center_error_YZ_mm=(-1.633, 7.070), vx=0.0051 m/s, Fx=0.16 N, contact=True
[sac_runtime_controller-7] [INFO] [1786613510.159677782] [rl_hole_search_controller]: SEARCHING: dx=0.0009 m, depth=0.0010 m, YZ=(-0.4351, 0.5732) m, YZ_ref=(-0.4387, 0.5761) m, center_error_YZ_mm=(2.195, 4.517), vx=0.0102 m/s, Fx=-0.17 N, contact=True
[sac_runtime_controller-7] [INFO] [1786613511.171503991] [rl_hole_search_controller]: SEARCHING: dx=0.0013 m, depth=0.0013 m, YZ=(-0.4326, 0.5712) m, YZ_ref=(-0.4386, 0.5761) m, center_error_YZ_mm=(4.697, 2.517), vx=0.0029 m/s, Fx=-0.38 N, contact=True
[sac_runtime_controller-7] [INFO] [1786613512.189989841] [rl_hole_search_controller]: SEARCHING: dx=0.0012 m, depth=0.0012 m, YZ=(-0.4301, 0.5718) m, YZ_ref=(-0.4385, 0.5762) m, center_error_YZ_mm=(7.222, 3.126), vx=0.0029 m/s, Fx=-0.30 N, contact=True
[sac_runtime_controller-7] [INFO] [1786613513.219138302] [rl_hole_search_controller]: SEARCHING: dx=0.0013 m, depth=0.0014 m, YZ=(-0.4322, 0.5734) m, YZ_ref=(-0.4385, 0.5761) m, center_error_YZ_mm=(5.167, 4.812), vx=0.0158 m/s, Fx=-0.68 N, contact=True
[sac_runtime_controller-7] [INFO] [1786613514.282113511] [rl_hole_search_controller]: SEARCHING: dx=0.0006 m, depth=0.0007 m, YZ=(-0.4380, 0.5755) m, YZ_ref=(-0.4383, 0.5761) m, center_error_YZ_mm=(-0.641, 6.819), vx=0.0017 m/s, Fx=0.28 N, contact=True
[sac_runtime_controller-7] [INFO] [1786613515.306514737] [rl_hole_search_controller]: SEARCHING: dx=0.0011 m, depth=0.0012 m, YZ=(-0.4320, 0.5722) m, YZ_ref=(-0.4384, 0.5760) m, center_error_YZ_mm=(5.295, 3.586), vx=-0.0018 m/s, Fx=-0.19 N, contact=True
[sac_runtime_controller-7] [INFO] [1786613516.337933848] [rl_hole_search_controller]: SEARCHING: dx=0.0007 m, depth=0.0007 m, YZ=(-0.4350, 0.5734) m, YZ_ref=(-0.4383, 0.5759) m, center_error_YZ_mm=(2.322, 4.716), vx=-0.0036 m/s, Fx=0.27 N, contact=True
[sac_runtime_controller-7] [INFO] [1786613517.391662616] [rl_hole_search_controller]: SEARCHING: dx=0.0003 m, depth=0.0004 m, YZ=(-0.4413, 0.5775) m, YZ_ref=(-0.4385, 0.5758) m, center_error_YZ_mm=(-3.919, 8.893), vx=-0.0052 m/s, Fx=0.64 N, contact=True
[sac_runtime_controller-7] [INFO] [1786613518.415398128] [rl_hole_search_controller]: SEARCHING: dx=0.0006 m, depth=0.0007 m, YZ=(-0.4362, 0.5723) m, YZ_ref=(-0.4384, 0.5760) m, center_error_YZ_mm=(1.174, 3.694), vx=-0.0078 m/s, Fx=0.30 N, contact=True
[sac_runtime_controller-7] [INFO] [1786613519.468486997] [rl_hole_search_controller]: SEARCHING: dx=0.0017 m, depth=0.0018 m, YZ=(-0.4325, 0.5730) m, YZ_ref=(-0.4385, 0.5759) m, center_error_YZ_mm=(4.826, 4.332), vx=-0.0028 m/s, Fx=-0.76 N, contact=True
[sac_runtime_controller-7] [INFO] [1786613520.501636506] [rl_hole_search_controller]: SEARCHING: dx=0.0004 m, depth=0.0005 m, YZ=(-0.4352, 0.5746) m, YZ_ref=(-0.4385, 0.5760) m, center_error_YZ_mm=(2.124, 5.925), vx=0.0061 m/s, Fx=0.41 N, contact=True
[sac_runtime_controller-7] [INFO] [1786613521.524157123] [rl_hole_search_controller]: SEARCHING: dx=0.0000 m, depth=0.0001 m, YZ=(-0.4443, 0.5809) m, YZ_ref=(-0.4385, 0.5761) m, center_error_YZ_mm=(-6.993, 12.276), vx=0.0091 m/s, Fx=0.75 N, contact=True
[sac_runtime_controller-7] [INFO] [1786613522.581566051] [rl_hole_search_controller]: SEARCHING: dx=0.0008 m, depth=0.0008 m, YZ=(-0.4417, 0.5797) m, YZ_ref=(-0.4385, 0.5760) m, center_error_YZ_mm=(-4.369, 11.081), vx=0.0061 m/s, Fx=0.05 N, contact=True
[sac_runtime_controller-7] [INFO] [1786613523.600378767] [rl_hole_search_controller]: SEARCHING: dx=0.0000 m, depth=0.0001 m, YZ=(-0.4454, 0.5829) m, YZ_ref=(-0.4387, 0.5760) m, center_error_YZ_mm=(-8.103, 14.275), vx=-0.0036 m/s, Fx=0.92 N, contact=True
[sac_runtime_controller-7] [INFO] [1786613523.778557676] [rl_hole_search_controller]: FAULT: search timeout
[sac_runtime_controller-7] [INFO] [1786613523.805767342] [rl_hole_search_controller]: RESETTING episode=2, dataset_index=348, offset_yz_mm=(2.794, 0.747)
[sac_runtime_controller-7] [INFO] [1786613523.806875962] [rl_hole_search_controller]: RESETTING: joint_error=0.1421 rad, joint_velocity=0.0572 rad/s
[sac_runtime_controller-7] [INFO] [1786613524.144746696] [rl_hole_search_controller]: RESETTING: 固定外边界板面及真实深方孔已重建，WORLD_HOLE_XYZ=(0.33220, -0.43387, 0.57120) m, HOLE_YZ_ref=(-0.4339, 0.5712) m
[sac_runtime_controller-7] [INFO] [1786613524.594263023] [rl_hole_search_controller]: RESET complete; starting original HOLDING state
[sac_runtime_controller-7] [INFO] [1786613524.596544044] [rl_hole_search_controller]: HOLDING: center=[ 0.32376294 -0.43640185  0.57148151]
[sac_runtime_controller-7] [INFO] [1786613524.597918453] [rl_hole_search_controller]: HOLDING: reset tool tilt=0.02 deg
[sac_runtime_controller-7] [INFO] [1786613524.642960929] [rl_hole_search_controller]: HOLDING: dx=-0.0000 m, depth=0.0000 m, YZ=(-0.4369, 0.5716) m, YZ_ref=(-0.4364, 0.5715) m, center_error_YZ_mm=(-3.075, 0.363), vx=-0.0121 m/s, Fx=-0.05 N, contact=True
[sac_runtime_controller-7] [INFO] [1786613525.675312607] [rl_hole_search_controller]: HOLDING: dx=-0.0005 m, depth=-0.0004 m, YZ=(-0.4387, 0.5719) m, YZ_ref=(-0.4364, 0.5715) m, center_error_YZ_mm=(-4.859, 0.728), vx=-0.0029 m/s, Fx=0.00 N, contact=False
[sac_runtime_controller-7] [INFO] [1786613526.711804801] [rl_hole_search_controller]: HOLDING: dx=-0.0003 m, depth=-0.0003 m, YZ=(-0.4382, 0.5719) m, YZ_ref=(-0.4364, 0.5715) m, center_error_YZ_mm=(-4.324, 0.735), vx=-0.0029 m/s, Fx=0.00 N, contact=False
[sac_runtime_controller-7] [INFO] [1786613527.765040996] [rl_hole_search_controller]: HOLDING: dx=-0.0007 m, depth=-0.0006 m, YZ=(-0.4403, 0.5735) m, YZ_ref=(-0.4364, 0.5715) m, center_error_YZ_mm=(-6.390, 2.283), vx=-0.0071 m/s, Fx=0.00 N, contact=False
[sac_runtime_controller-7] [INFO] [1786613528.791149311] [rl_hole_search_controller]: HOLDING: dx=-0.0003 m, depth=-0.0002 m, YZ=(-0.4377, 0.5717) m, YZ_ref=(-0.4364, 0.5715) m, center_error_YZ_mm=(-3.877, 0.484), vx=-0.0111 m/s, Fx=0.00 N, contact=False
[sac_runtime_controller-7] [INFO] [1786613529.768985146] [rl_hole_search_controller]: APPROACHING: ramping world-X contact force
[sac_runtime_controller-7] [INFO] [1786613529.818090076] [rl_hole_search_controller]: APPROACHING: dx=0.0003 m, depth=0.0004 m, YZ=(-0.4342, 0.5698) m, YZ_ref=(-0.4364, 0.5715) m, center_error_YZ_mm=(-0.328, -1.436), vx=0.0056 m/s, Fx=-0.44 N, contact=True
[sac_runtime_controller-7] [INFO] [1786613530.870130578] [rl_hole_search_controller]: APPROACHING: dx=0.0004 m, depth=0.0005 m, YZ=(-0.4362, 0.5730) m, YZ_ref=(-0.4364, 0.5715) m, center_error_YZ_mm=(-2.314, 1.824), vx=0.0002 m/s, Fx=0.52 N, contact=True
[sac_runtime_controller-7] [INFO] [1786613531.046440936] [rl_hole_search_controller]: SEARCHING: contact at X=0.3245; YZ spiral started
[sac_runtime_controller-7] [INFO] [1786613531.266082182] [rl_hole_search_controller]: INSERTING: hole alignment/entry detected at 0.0010 m; centering YZ and inserting to 0.0170 m
[sac_runtime_controller-7] [INFO] [1786613531.268262454] [rl_hole_search_controller]: INSERTING handoff: HOLE_YZ_ref=(-0.4339, 0.5712) m, tool_YZ=(-0.4336, 0.5717) m, center_error_YZ_mm=(0.273, 0.454), tool_tilt=0.54 deg
[sac_runtime_controller-7] [INFO] [1786613531.944623483] [rl_hole_search_controller]: INSERTING: dx=0.0023 m, depth=0.0024 m, YZ=(-0.4339, 0.5717) m, YZ_ref=(-0.4339, 0.5712) m, center_error_YZ_mm=(0.017, 0.475), vx=0.0102 m/s, Fx=1.17 N, contact=False
[sac_runtime_controller-7] [INFO] [1786613532.968186101] [rl_hole_search_controller]: INSERTING: dx=0.0045 m, depth=0.0046 m, YZ=(-0.4343, 0.5723) m, YZ_ref=(-0.4339, 0.5712) m, center_error_YZ_mm=(-0.423, 1.137), vx=-0.0022 m/s, Fx=1.20 N, contact=False
[sac_runtime_controller-7] [INFO] [1786613533.993994847] [rl_hole_search_controller]: INSERTING: dx=0.0068 m, depth=0.0068 m, YZ=(-0.4334, 0.5716) m, YZ_ref=(-0.4339, 0.5712) m, center_error_YZ_mm=(0.518, 0.374), vx=0.0035 m/s, Fx=1.19 N, contact=False
[sac_runtime_controller-7] [INFO] [1786613535.030784498] [rl_hole_search_controller]: INSERTING: dx=0.0087 m, depth=0.0087 m, YZ=(-0.4329, 0.5713) m, YZ_ref=(-0.4339, 0.5712) m, center_error_YZ_mm=(0.994, 0.078), vx=0.0105 m/s, Fx=1.15 N, contact=False
[sac_runtime_controller-7] [INFO] [1786613536.052007730] [rl_hole_search_controller]: INSERTING: dx=0.0105 m, depth=0.0106 m, YZ=(-0.4336, 0.5719) m, YZ_ref=(-0.4339, 0.5712) m, center_error_YZ_mm=(0.317, 0.656), vx=0.0063 m/s, Fx=1.20 N, contact=False
[sac_runtime_controller-7] [INFO] [1786613537.081260678] [rl_hole_search_controller]: INSERTING: dx=0.0129 m, depth=0.0129 m, YZ=(-0.4326, 0.5710) m, YZ_ref=(-0.4339, 0.5712) m, center_error_YZ_mm=(1.249, -0.194), vx=0.0030 m/s, Fx=1.16 N, contact=False
[sac_runtime_controller-7] [INFO] [1786613538.122915528] [rl_hole_search_controller]: INSERTING: dx=0.0150 m, depth=0.0151 m, YZ=(-0.4324, 0.5707) m, YZ_ref=(-0.4339, 0.5712) m, center_error_YZ_mm=(1.465, -0.508), vx=0.0010 m/s, Fx=1.18 N, contact=False
[sac_runtime_controller-7] [INFO] [1786613539.185084260] [rl_hole_search_controller]: INSERTING: dx=0.0159 m, depth=0.0159 m, YZ=(-0.4337, 0.5712) m, YZ_ref=(-0.4339, 0.5712) m, center_error_YZ_mm=(0.147, -0.013), vx=-0.0033 m/s, Fx=0.81 N, contact=False
[sac_runtime_controller-7] [INFO] [1786613540.223122787] [rl_hole_search_controller]: INSERTING: dx=0.0164 m, depth=0.0165 m, YZ=(-0.4337, 0.5718) m, YZ_ref=(-0.4339, 0.5712) m, center_error_YZ_mm=(0.124, 0.627), vx=0.0040 m/s, Fx=0.52 N, contact=False
[sac_runtime_controller-7] [INFO] [1786613541.239980887] [rl_hole_search_controller]: INSERTING: dx=0.0166 m, depth=0.0167 m, YZ=(-0.4333, 0.5710) m, YZ_ref=(-0.4339, 0.5712) m, center_error_YZ_mm=(0.576, -0.217), vx=0.0068 m/s, Fx=0.33 N, contact=False
[sac_runtime_controller-7] [INFO] [1786613542.258995419] [rl_hole_search_controller]: INSERTING: dx=0.0170 m, depth=0.0171 m, YZ=(-0.4331, 0.5709) m, YZ_ref=(-0.4339, 0.5712) m, center_error_YZ_mm=(0.817, -0.266), vx=0.0067 m/s, Fx=0.06 N, contact=False
[sac_runtime_controller-7] [INFO] [1786613543.181653650] [rl_hole_search_controller]: INSERT_HOLDING: target depth confirmed at 0.0171 m; joint velocity=0.110 rad/s; tool velocity=0.003 m/s; captured current joints and starting MIT-equivalent hold
[sac_runtime_controller-7] [INFO] [1786613543.312005617] [rl_hole_search_controller]: INSERT_HOLDING: MIT joint lock, dx=0.0171 m, depth=0.0172 m, YZ=(-0.4338, 0.5712) m, ramp=0.42, q_error_max=0.0076 rad, dq_max=0.0230 rad/s, tau_max=0.05 Nm, hold_force_max=0.04 N, tip_centered_YZ=True, contact=False
[sac_runtime_controller-7] [INFO] [1786613544.449186202] [rl_hole_search_controller]: INSERT_HOLDING: MIT joint lock, dx=0.0170 m, depth=0.0171 m, YZ=(-0.4339, 0.5712) m, ramp=1.00, q_error_max=0.0002 rad, dq_max=0.0000 rad/s, tau_max=0.00 Nm, hold_force_max=0.01 N, tip_centered_YZ=True, contact=False
[sac_runtime_controller-7] [INFO] [1786613545.497961377] [rl_hole_search_controller]: INSERT_HOLDING complete: physical geometry confirmed; depth=0.0171 m, tip_error_YZ_mm=(0.013, 0.002), entry_error_YZ_mm=(0.195, 0.035), tilt=0.62 deg; Episode is an assembly success
[sac_runtime_controller-7] [INFO] [1786613545.504002131] [rl_hole_search_controller]: RESETTING episode=3, dataset_index=513, offset_yz_mm=(-0.050, 2.176)
[sac_runtime_controller-7] [INFO] [1786613545.506614344] [rl_hole_search_controller]: RESETTING: joint_error=0.1524 rad, joint_velocity=0.0000 rad/s
[sac_runtime_controller-7] [INFO] [1786613545.904685270] [rl_hole_search_controller]: RESETTING: 固定外边界板面及真实深方孔已重建，WORLD_HOLE_XYZ=(0.33220, -0.43694, 0.57430) m, HOLE_YZ_ref=(-0.4369, 0.5743) m
[sac_runtime_controller-7] [INFO] [1786613546.325700524] [rl_hole_search_controller]: RESET complete; starting original HOLDING state
[sac_runtime_controller-7] [INFO] [1786613546.328326685] [rl_hole_search_controller]: HOLDING: center=[ 0.32378504 -0.43636283  0.57138997]
[sac_runtime_controller-7] [INFO] [1786613546.329406762] [rl_hole_search_controller]: HOLDING: dx=0.0000 m, depth=0.0001 m, YZ=(-0.4364, 0.5714) m, YZ_ref=(-0.4364, 0.5714) m, center_error_YZ_mm=(0.578, -2.914), vx=-0.0003 m/s, Fx=-0.09 N, contact=True
[sac_runtime_controller-7] [INFO] [1786613546.330693007] [rl_hole_search_controller]: HOLDING: reset tool tilt=0.01 deg
[sac_runtime_controller-7] [INFO] [1786613547.428891044] [rl_hole_search_controller]: HOLDING: dx=-0.0008 m, depth=-0.0007 m, YZ=(-0.4401, 0.5729) m, YZ_ref=(-0.4364, 0.5714) m, center_error_YZ_mm=(-3.137, -1.375), vx=-0.0016 m/s, Fx=0.00 N, contact=False
[sac_runtime_controller-7] [INFO] [1786613548.513046660] [rl_hole_search_controller]: HOLDING: dx=-0.0003 m, depth=-0.0002 m, YZ=(-0.4348, 0.5691) m, YZ_ref=(-0.4364, 0.5714) m, center_error_YZ_mm=(2.188, -5.185), vx=-0.0020 m/s, Fx=0.00 N, contact=True
[sac_runtime_controller-7] [INFO] [1786613549.550731706] [rl_hole_search_controller]: HOLDING: dx=0.0001 m, depth=0.0001 m, YZ=(-0.4304, 0.5683) m, YZ_ref=(-0.4364, 0.5714) m, center_error_YZ_mm=(6.532, -6.020), vx=0.0061 m/s, Fx=-0.27 N, contact=True
[sac_runtime_controller-7] [INFO] [1786613550.595038041] [rl_hole_search_controller]: HOLDING: dx=0.0001 m, depth=0.0002 m, YZ=(-0.4325, 0.5697) m, YZ_ref=(-0.4364, 0.5714) m, center_error_YZ_mm=(4.451, -4.558), vx=-0.0028 m/s, Fx=-0.20 N, contact=True
[sac_runtime_controller-7] [INFO] [1786613551.625429110] [rl_hole_search_controller]: APPROACHING: ramping world-X contact force
[sac_runtime_controller-7] [INFO] [1786613551.626060014] [rl_hole_search_controller]: APPROACHING: dx=-0.0011 m, depth=-0.0010 m, YZ=(-0.4396, 0.5730) m, YZ_ref=(-0.4364, 0.5714) m, center_error_YZ_mm=(-2.680, -1.268), vx=0.0043 m/s, Fx=0.00 N, contact=False
[sac_runtime_controller-7] [INFO] [1786613552.674211743] [rl_hole_search_controller]: APPROACHING: dx=0.0000 m, depth=0.0001 m, YZ=(-0.4382, 0.5727) m, YZ_ref=(-0.4364, 0.5714) m, center_error_YZ_mm=(-1.244, -1.623), vx=0.0013 m/s, Fx=0.86 N, contact=True
[sac_runtime_controller-7] [INFO] [1786613552.884556574] [rl_hole_search_controller]: SEARCHING: contact at X=0.3243; YZ spiral started
[sac_runtime_controller-7] [INFO] [1786613553.715513085] [rl_hole_search_controller]: SEARCHING: dx=0.0008 m, depth=0.0009 m, YZ=(-0.4368, 0.5728) m, YZ_ref=(-0.4376, 0.5731) m, center_error_YZ_mm=(0.189, -1.489), vx=-0.0005 m/s, Fx=0.07 N, contact=True
[sac_runtime_controller-7] [INFO] [1786613553.913359017] [rl_hole_search_controller]: INSERTING: hole alignment/entry detected at 0.0008 m; centering YZ and inserting to 0.0170 m
[sac_runtime_controller-7] [INFO] [1786613553.914430067] [rl_hole_search_controller]: INSERTING handoff: HOLE_YZ_ref=(-0.4369, 0.5743) m, tool_YZ=(-0.4374, 0.5740) m, center_error_YZ_mm=(-0.433, -0.262), tool_tilt=0.45 deg
[sac_runtime_controller-7] [INFO] [1786613554.812943143] [rl_hole_search_controller]: INSERTING: dx=0.0032 m, depth=0.0033 m, YZ=(-0.4357, 0.5740) m, YZ_ref=(-0.4369, 0.5743) m, center_error_YZ_mm=(1.195, -0.327), vx=-0.0018 m/s, Fx=1.17 N, contact=False
[sac_runtime_controller-7] [INFO] [1786613555.845704606] [rl_hole_search_controller]: INSERTING: dx=0.0047 m, depth=0.0048 m, YZ=(-0.4360, 0.5746) m, YZ_ref=(-0.4369, 0.5743) m, center_error_YZ_mm=(0.950, 0.247), vx=-0.0024 m/s, Fx=1.16 N, contact=False
[sac_runtime_controller-7] [INFO] [1786613556.901687104] [rl_hole_search_controller]: INSERTING: dx=0.0060 m, depth=0.0060 m, YZ=(-0.4367, 0.5747) m, YZ_ref=(-0.4369, 0.5743) m, center_error_YZ_mm=(0.235, 0.394), vx=-0.0022 m/s, Fx=1.19 N, contact=False
[sac_runtime_controller-7] [INFO] [1786613557.988956509] [rl_hole_search_controller]: INSERTING: dx=0.0080 m, depth=0.0081 m, YZ=(-0.4354, 0.5742) m, YZ_ref=(-0.4369, 0.5743) m, center_error_YZ_mm=(1.564, -0.116), vx=-0.0111 m/s, Fx=1.17 N, contact=False
[sac_runtime_controller-7] [INFO] [1786613559.059784428] [rl_hole_search_controller]: INSERTING: dx=0.0099 m, depth=0.0100 m, YZ=(-0.4353, 0.5738) m, YZ_ref=(-0.4369, 0.5743) m, center_error_YZ_mm=(1.644, -0.470), vx=0.0077 m/s, Fx=1.14 N, contact=False
[sac_runtime_controller-7] [INFO] [1786613560.121741717] [rl_hole_search_controller]: INSERTING: dx=0.0120 m, depth=0.0121 m, YZ=(-0.4358, 0.5742) m, YZ_ref=(-0.4369, 0.5743) m, center_error_YZ_mm=(1.142, -0.148), vx=-0.0027 m/s, Fx=1.17 N, contact=False
[sac_runtime_controller-7] [INFO] [1786613561.177986897] [rl_hole_search_controller]: INSERTING: dx=0.0139 m, depth=0.0140 m, YZ=(-0.4353, 0.5746) m, YZ_ref=(-0.4369, 0.5743) m, center_error_YZ_mm=(1.638, 0.274), vx=-0.0019 m/s, Fx=1.16 N, contact=False
[sac_runtime_controller-7] [INFO] [1786613562.320849623] [rl_hole_search_controller]: INSERTING: dx=0.0151 m, depth=0.0152 m, YZ=(-0.4367, 0.5748) m, YZ_ref=(-0.4369, 0.5743) m, center_error_YZ_mm=(0.243, 0.502), vx=0.0078 m/s, Fx=1.21 N, contact=False
[sac_runtime_controller-7] [INFO] [1786613563.447395565] [rl_hole_search_controller]: INSERTING: dx=0.0164 m, depth=0.0164 m, YZ=(-0.4359, 0.5744) m, YZ_ref=(-0.4369, 0.5743) m, center_error_YZ_mm=(1.089, 0.091), vx=-0.0015 m/s, Fx=0.48 N, contact=False
[sac_runtime_controller-7] [INFO] [1786613564.480337904] [rl_hole_search_controller]: INSERTING: dx=0.0165 m, depth=0.0166 m, YZ=(-0.4373, 0.5747) m, YZ_ref=(-0.4369, 0.5743) m, center_error_YZ_mm=(-0.321, 0.403), vx=0.0051 m/s, Fx=0.45 N, contact=False
[sac_runtime_controller-7] [INFO] [1786613565.146893305] [rl_hole_search_controller]: INSERT_HOLDING: target depth confirmed at 0.0170 m; joint velocity=0.126 rad/s; tool velocity=0.003 m/s; captured current joints and starting MIT-equivalent hold
[sac_runtime_controller-7] [INFO] [1786613565.543556422] [rl_hole_search_controller]: INSERT_HOLDING: MIT joint lock, dx=0.0169 m, depth=0.0170 m, YZ=(-0.4369, 0.5743) m, ramp=1.00, q_error_max=0.0013 rad, dq_max=0.0124 rad/s, tau_max=0.02 Nm, hold_force_max=0.02 N, tip_centered_YZ=True, contact=False
[sac_runtime_controller-7] [INFO] [1786613566.569956243] [rl_hole_search_controller]: INSERT_HOLDING: MIT joint lock, dx=0.0169 m, depth=0.0170 m, YZ=(-0.4369, 0.5743) m, ramp=1.00, q_error_max=0.0003 rad, dq_max=0.0000 rad/s, tau_max=0.00 Nm, hold_force_max=0.03 N, tip_centered_YZ=True, contact=False
[sac_runtime_controller-7] [INFO] [1786613567.222080859] [rl_hole_search_controller]: INSERT_HOLDING complete: physical geometry confirmed; depth=0.0170 m, tip_error_YZ_mm=(0.013, 0.029), entry_error_YZ_mm=(0.113, 0.235), tilt=0.77 deg; Episode is an assembly success
[sac_runtime_controller-7] [INFO] [1786613567.231688672] [rl_hole_search_controller]: RESETTING episode=4, dataset_index=101, offset_yz_mm=(1.152, -0.312)
[sac_runtime_controller-7] [INFO] [1786613567.233343960] [rl_hole_search_controller]: RESETTING: joint_error=0.1680 rad, joint_velocity=0.0000 rad/s
[sac_runtime_controller-7] [INFO] [1786613567.612823571] [rl_hole_search_controller]: RESETTING: 固定外边界板面及真实深方孔已重建，WORLD_HOLE_XYZ=(0.33220, -0.43552, 0.57146) m, HOLE_YZ_ref=(-0.4355, 0.5715) m
[sac_runtime_controller-7] [INFO] [1786613568.051420213] [rl_hole_search_controller]: RESET complete; starting original HOLDING state
[sac_runtime_controller-7] [INFO] [1786613568.053536387] [rl_hole_search_controller]: HOLDING: center=[ 0.32378955 -0.43636189  0.57141222]
[sac_runtime_controller-7] [INFO] [1786613568.054088764] [rl_hole_search_controller]: HOLDING: dx=0.0000 m, depth=0.0001 m, YZ=(-0.4364, 0.5714) m, YZ_ref=(-0.4364, 0.5714) m, center_error_YZ_mm=(-0.847, -0.051), vx=-0.0003 m/s, Fx=-0.09 N, contact=True
[sac_runtime_controller-7] [INFO] [1786613568.055998659] [rl_hole_search_controller]: HOLDING: reset tool tilt=0.01 deg
[sac_runtime_controller-7] [INFO] [1786613569.144142708] [rl_hole_search_controller]: HOLDING: dx=-0.0004 m, depth=-0.0003 m, YZ=(-0.4382, 0.5711) m, YZ_ref=(-0.4364, 0.5714) m, center_error_YZ_mm=(-2.729, -0.338), vx=-0.0089 m/s, Fx=0.00 N, contact=False
[sac_runtime_controller-7] [INFO] [1786613570.298247855] [rl_hole_search_controller]: HOLDING: dx=-0.0001 m, depth=-0.0000 m, YZ=(-0.4342, 0.5706) m, YZ_ref=(-0.4364, 0.5714) m, center_error_YZ_mm=(1.316, -0.883), vx=0.0124 m/s, Fx=-0.25 N, contact=True
[sac_runtime_controller-7] [INFO] [1786613571.450938392] [rl_hole_search_controller]: HOLDING: dx=-0.0003 m, depth=-0.0003 m, YZ=(-0.4363, 0.5724) m, YZ_ref=(-0.4364, 0.5714) m, center_error_YZ_mm=(-0.777, 0.958), vx=0.0124 m/s, Fx=0.00 N, contact=False
[sac_runtime_controller-7] [INFO] [1786613572.509435137] [rl_hole_search_controller]: HOLDING: dx=0.0001 m, depth=0.0002 m, YZ=(-0.4342, 0.5710) m, YZ_ref=(-0.4364, 0.5714) m, center_error_YZ_mm=(1.350, -0.459), vx=-0.0046 m/s, Fx=-0.19 N, contact=True
[sac_runtime_controller-7] [INFO] [1786613573.529406545] [rl_hole_search_controller]: APPROACHING: ramping world-X contact force
[sac_runtime_controller-7] [INFO] [1786613573.535095769] [rl_hole_search_controller]: APPROACHING: dx=0.0002 m, depth=0.0003 m, YZ=(-0.4312, 0.5700) m, YZ_ref=(-0.4364, 0.5714) m, center_error_YZ_mm=(4.345, -1.416), vx=-0.0033 m/s, Fx=-0.32 N, contact=True
[sac_runtime_controller-7] [INFO] [1786613574.580321616] [rl_hole_search_controller]: APPROACHING: dx=0.0002 m, depth=0.0002 m, YZ=(-0.4365, 0.5738) m, YZ_ref=(-0.4364, 0.5714) m, center_error_YZ_mm=(-0.972, 2.348), vx=-0.0021 m/s, Fx=0.75 N, contact=True
[sac_runtime_controller-7] [INFO] [1786613575.045954723] [rl_hole_search_controller]: SEARCHING: contact at X=0.3238; YZ spiral started
[sac_runtime_controller-7] [INFO] [1786613575.455703491] [rl_hole_search_controller]: INSERTING: hole alignment/entry detected at 0.0008 m; centering YZ and inserting to 0.0170 m
[sac_runtime_controller-7] [INFO] [1786613575.457852847] [rl_hole_search_controller]: INSERTING handoff: HOLE_YZ_ref=(-0.4355, 0.5715) m, tool_YZ=(-0.4351, 0.5714) m, center_error_YZ_mm=(0.381, -0.070), tool_tilt=0.14 deg
[sac_runtime_controller-7] [INFO] [1786613575.640949006] [rl_hole_search_controller]: INSERTING: dx=0.0011 m, depth=0.0012 m, YZ=(-0.4348, 0.5710) m, YZ_ref=(-0.4355, 0.5715) m, center_error_YZ_mm=(0.755, -0.416), vx=-0.0056 m/s, Fx=1.19 N, contact=False
[sac_runtime_controller-7] [INFO] [1786613576.670937489] [rl_hole_search_controller]: INSERTING: dx=0.0038 m, depth=0.0039 m, YZ=(-0.4343, 0.5716) m, YZ_ref=(-0.4355, 0.5715) m, center_error_YZ_mm=(1.178, 0.129), vx=0.0034 m/s, Fx=1.16 N, contact=False
[sac_runtime_controller-7] [INFO] [1786613577.698786828] [rl_hole_search_controller]: INSERTING: dx=0.0057 m, depth=0.0058 m, YZ=(-0.4346, 0.5717) m, YZ_ref=(-0.4355, 0.5715) m, center_error_YZ_mm=(0.951, 0.191), vx=0.0050 m/s, Fx=1.17 N, contact=False
[sac_runtime_controller-7] [INFO] [1786613578.722996623] [rl_hole_search_controller]: INSERTING: dx=0.0073 m, depth=0.0074 m, YZ=(-0.4350, 0.5724) m, YZ_ref=(-0.4355, 0.5715) m, center_error_YZ_mm=(0.496, 0.895), vx=0.0057 m/s, Fx=1.19 N, contact=False
[sac_runtime_controller-7] [INFO] [1786613579.761458259] [rl_hole_search_controller]: INSERTING: dx=0.0091 m, depth=0.0092 m, YZ=(-0.4349, 0.5716) m, YZ_ref=(-0.4355, 0.5715) m, center_error_YZ_mm=(0.658, 0.119), vx=0.0059 m/s, Fx=1.18 N, contact=False
[sac_runtime_controller-7] [INFO] [1786613580.780897175] [rl_hole_search_controller]: INSERTING: dx=0.0112 m, depth=0.0113 m, YZ=(-0.4347, 0.5712) m, YZ_ref=(-0.4355, 0.5715) m, center_error_YZ_mm=(0.779, -0.302), vx=-0.0043 m/s, Fx=1.18 N, contact=False
[sac_runtime_controller-7] [INFO] [1786613581.828581495] [rl_hole_search_controller]: INSERTING: dx=0.0128 m, depth=0.0129 m, YZ=(-0.4345, 0.5713) m, YZ_ref=(-0.4355, 0.5715) m, center_error_YZ_mm=(1.036, -0.204), vx=0.0017 m/s, Fx=1.17 N, contact=False
[sac_runtime_controller-7] [INFO] [1786613582.891077655] [rl_hole_search_controller]: INSERTING: dx=0.0145 m, depth=0.0146 m, YZ=(-0.4352, 0.5720) m, YZ_ref=(-0.4355, 0.5715) m, center_error_YZ_mm=(0.285, 0.570), vx=0.0013 m/s, Fx=1.20 N, contact=False
[sac_runtime_controller-7] [INFO] [1786613584.005204980] [rl_hole_search_controller]: INSERTING: dx=0.0159 m, depth=0.0160 m, YZ=(-0.4335, 0.5711) m, YZ_ref=(-0.4355, 0.5715) m, center_error_YZ_mm=(2.050, -0.390), vx=0.0029 m/s, Fx=0.68 N, contact=False
[sac_runtime_controller-7] [INFO] [1786613585.250005949] [rl_hole_search_controller]: INSERTING: dx=0.0166 m, depth=0.0167 m, YZ=(-0.4349, 0.5721) m, YZ_ref=(-0.4355, 0.5715) m, center_error_YZ_mm=(0.589, 0.628), vx=0.0135 m/s, Fx=0.35 N, contact=False
[sac_runtime_controller-7] [INFO] [1786613586.462359082] [rl_hole_search_controller]: INSERTING: dx=0.0164 m, depth=0.0165 m, YZ=(-0.4350, 0.5717) m, YZ_ref=(-0.4355, 0.5715) m, center_error_YZ_mm=(0.469, 0.225), vx=-0.0069 m/s, Fx=0.48 N, contact=False
[sac_runtime_controller-7] [INFO] [1786613587.641580171] [rl_hole_search_controller]: INSERTING: dx=0.0163 m, depth=0.0164 m, YZ=(-0.4344, 0.5720) m, YZ_ref=(-0.4355, 0.5715) m, center_error_YZ_mm=(1.083, 0.523), vx=0.0020 m/s, Fx=0.53 N, contact=False
[sac_runtime_controller-7] [INFO] [1786613588.767157220] [rl_hole_search_controller]: INSERTING: dx=0.0164 m, depth=0.0165 m, YZ=(-0.4353, 0.5712) m, YZ_ref=(-0.4355, 0.5715) m, center_error_YZ_mm=(0.244, -0.263), vx=0.0026 m/s, Fx=0.52 N, contact=False
[sac_runtime_controller-7] [INFO] [1786613589.926573903] [rl_hole_search_controller]: INSERTING: dx=0.0168 m, depth=0.0168 m, YZ=(-0.4341, 0.5708) m, YZ_ref=(-0.4355, 0.5715) m, center_error_YZ_mm=(1.453, -0.638), vx=-0.0018 m/s, Fx=0.21 N, contact=False
[sac_runtime_controller-7] [INFO] [1786613591.041168317] [rl_hole_search_controller]: INSERTING: dx=0.0158 m, depth=0.0159 m, YZ=(-0.4353, 0.5712) m, YZ_ref=(-0.4355, 0.5715) m, center_error_YZ_mm=(0.261, -0.286), vx=-0.0138 m/s, Fx=0.95 N, contact=False
[sac_runtime_controller-7] [INFO] [1786613592.137730631] [rl_hole_search_controller]: INSERTING: dx=0.0159 m, depth=0.0160 m, YZ=(-0.4329, 0.5681) m, YZ_ref=(-0.4355, 0.5715) m, center_error_YZ_mm=(2.621, -3.384), vx=-0.0275 m/s, Fx=0.95 N, contact=False
[sac_runtime_controller-7] [INFO] [1786613593.317148865] [rl_hole_search_controller]: INSERTING: dx=0.0170 m, depth=0.0171 m, YZ=(-0.4353, 0.5732) m, YZ_ref=(-0.4355, 0.5715) m, center_error_YZ_mm=(0.254, 1.714), vx=-0.0075 m/s, Fx=0.06 N, contact=False
[sac_runtime_controller-7] [INFO] [1786613594.548160708] [rl_hole_search_controller]: INSERTING: dx=0.0179 m, depth=0.0179 m, YZ=(-0.4362, 0.5717) m, YZ_ref=(-0.4355, 0.5715) m, center_error_YZ_mm=(-0.640, 0.247), vx=0.0023 m/s, Fx=-0.44 N, contact=False
[sac_runtime_controller-7] [INFO] [1786613595.619434189] [rl_hole_search_controller]: INSERTING: dx=0.0175 m, depth=0.0176 m, YZ=(-0.4362, 0.5711) m, YZ_ref=(-0.4355, 0.5715) m, center_error_YZ_mm=(-0.663, -0.357), vx=-0.0045 m/s, Fx=-0.15 N, contact=False
[sac_runtime_controller-7] [INFO] [1786613596.697947721] [rl_hole_search_controller]: INSERTING: dx=0.0176 m, depth=0.0177 m, YZ=(-0.4351, 0.5708) m, YZ_ref=(-0.4355, 0.5715) m, center_error_YZ_mm=(0.429, -0.700), vx=-0.0109 m/s, Fx=-0.29 N, contact=False
[sac_runtime_controller-7] [INFO] [1786613597.447727343] [rl_hole_search_controller]: INSERT_HOLDING: target depth confirmed at 0.0174 m; joint velocity=0.092 rad/s; tool velocity=0.011 m/s; captured current joints and starting MIT-equivalent hold
[sac_runtime_controller-7] [INFO] [1786613597.794833518] [rl_hole_search_controller]: INSERT_HOLDING: MIT joint lock, dx=0.0173 m, depth=0.0174 m, YZ=(-0.4356, 0.5714) m, ramp=0.92, q_error_max=0.0011 rad, dq_max=0.0100 rad/s, tau_max=0.02 Nm, hold_force_max=0.08 N, tip_centered_YZ=True, contact=False
[sac_runtime_controller-7] [INFO] [1786613598.879928115] [rl_hole_search_controller]: INSERT_HOLDING: MIT joint lock, dx=0.0173 m, depth=0.0174 m, YZ=(-0.4355, 0.5714) m, ramp=1.00, q_error_max=0.0003 rad, dq_max=0.0000 rad/s, tau_max=0.00 Nm, hold_force_max=0.07 N, tip_centered_YZ=True, contact=False
[sac_runtime_controller-7] [INFO] [1786613599.645632081] [rl_hole_search_controller]: INSERT_HOLDING complete: physical geometry confirmed; depth=0.0174 m, tip_error_YZ_mm=(-0.024, -0.037), entry_error_YZ_mm=(-0.140, -0.002), tilt=0.40 deg; Episode is an assembly success
[sac_runtime_controller-7] [INFO] [1786613599.677970831] [rl_hole_search_controller]: RESETTING episode=5, dataset_index=326, offset_yz_mm=(-0.082, 1.441)
[sac_runtime_controller-7] [INFO] [1786613599.681798340] [rl_hole_search_controller]: RESETTING: joint_error=0.1754 rad, joint_velocity=0.0001 rad/s
[sac_runtime_controller-7] [INFO] [1786613600.131622474] [rl_hole_search_controller]: RESETTING: 固定外边界板面及真实深方孔已重建，WORLD_HOLE_XYZ=(0.33220, -0.43670, 0.57371) m, HOLE_YZ_ref=(-0.4367, 0.5737) m
[sac_runtime_controller-7] [INFO] [1786613600.548838897] [rl_hole_search_controller]: RESET complete; starting original HOLDING state
[sac_runtime_controller-7] [INFO] [1786613600.550988464] [rl_hole_search_controller]: HOLDING: center=[ 0.32378944 -0.43633536  0.571399  ]
[sac_runtime_controller-7] [INFO] [1786613600.551733503] [rl_hole_search_controller]: HOLDING: dx=0.0000 m, depth=0.0001 m, YZ=(-0.4363, 0.5714) m, YZ_ref=(-0.4363, 0.5714) m, center_error_YZ_mm=(0.368, -2.310), vx=-0.0003 m/s, Fx=-0.09 N, contact=True
[sac_runtime_controller-7] [INFO] [1786613600.553059795] [rl_hole_search_controller]: HOLDING: reset tool tilt=0.00 deg
[sac_runtime_controller-7] [INFO] [1786613601.690949995] [rl_hole_search_controller]: HOLDING: dx=0.0000 m, depth=0.0001 m, YZ=(-0.4349, 0.5696) m, YZ_ref=(-0.4363, 0.5714) m, center_error_YZ_mm=(1.786, -4.077), vx=0.0025 m/s, Fx=-0.14 N, contact=True
[sac_runtime_controller-7] [INFO] [1786613602.775112205] [rl_hole_search_controller]: HOLDING: dx=-0.0001 m, depth=-0.0001 m, YZ=(-0.4342, 0.5685) m, YZ_ref=(-0.4363, 0.5714) m, center_error_YZ_mm=(2.495, -5.199), vx=0.0013 m/s, Fx=-0.03 N, contact=True
[sac_runtime_controller-7] [INFO] [1786613603.858753101] [rl_hole_search_controller]: HOLDING: dx=-0.0005 m, depth=-0.0004 m, YZ=(-0.4377, 0.5717) m, YZ_ref=(-0.4363, 0.5714) m, center_error_YZ_mm=(-1.042, -2.024), vx=-0.0075 m/s, Fx=0.00 N, contact=False
[sac_runtime_controller-7] [INFO] [1786613604.908635047] [rl_hole_search_controller]: HOLDING: dx=-0.0013 m, depth=-0.0012 m, YZ=(-0.4420, 0.5740) m, YZ_ref=(-0.4363, 0.5714) m, center_error_YZ_mm=(-5.327, 0.332), vx=-0.0094 m/s, Fx=0.00 N, contact=False
[sac_runtime_controller-7] [INFO] [1786613605.964765004] [rl_hole_search_controller]: APPROACHING: ramping world-X contact force
[sac_runtime_controller-7] [INFO] [1786613605.965456236] [rl_hole_search_controller]: APPROACHING: dx=-0.0007 m, depth=-0.0006 m, YZ=(-0.4400, 0.5731) m, YZ_ref=(-0.4363, 0.5714) m, center_error_YZ_mm=(-3.296, -0.577), vx=-0.0045 m/s, Fx=0.00 N, contact=False
[sac_runtime_controller-7] [INFO] [1786613606.979737706] [rl_hole_search_controller]: APPROACHING: dx=0.0009 m, depth=0.0010 m, YZ=(-0.4353, 0.5703) m, YZ_ref=(-0.4363, 0.5714) m, center_error_YZ_mm=(1.412, -3.360), vx=0.0022 m/s, Fx=-0.00 N, contact=True
[sac_runtime_controller-7] [INFO] [1786613607.183206771] [rl_hole_search_controller]: SEARCHING: contact at X=0.3249; YZ spiral started
[sac_runtime_controller-7] [INFO] [1786613608.007638261] [rl_hole_search_controller]: SEARCHING: dx=0.0009 m, depth=0.0010 m, YZ=(-0.4318, 0.5673) m, YZ_ref=(-0.4335, 0.5686) m, center_error_YZ_mm=(4.863, -6.387), vx=0.0053 m/s, Fx=-0.11 N, contact=True
[sac_runtime_controller-7] [INFO] [1786613609.043587058] [rl_hole_search_controller]: SEARCHING: dx=0.0005 m, depth=0.0006 m, YZ=(-0.4345, 0.5690) m, YZ_ref=(-0.4337, 0.5686) m, center_error_YZ_mm=(2.202, -4.748), vx=-0.0013 m/s, Fx=0.44 N, contact=True
[sac_runtime_controller-7] [INFO] [1786613610.081415078] [rl_hole_search_controller]: SEARCHING: dx=0.0006 m, depth=0.0007 m, YZ=(-0.4366, 0.5707) m, YZ_ref=(-0.4336, 0.5687) m, center_error_YZ_mm=(0.062, -2.982), vx=-0.0099 m/s, Fx=0.34 N, contact=True
[sac_runtime_controller-7] [INFO] [1786613611.123412857] [rl_hole_search_controller]: SEARCHING: dx=0.0001 m, depth=0.0002 m, YZ=(-0.4401, 0.5737) m, YZ_ref=(-0.4336, 0.5687) m, center_error_YZ_mm=(-3.388, 0.019), vx=0.0043 m/s, Fx=0.70 N, contact=True
[sac_runtime_controller-7] [INFO] [1786613612.148714760] [rl_hole_search_controller]: SEARCHING: dx=0.0006 m, depth=0.0007 m, YZ=(-0.4366, 0.5708) m, YZ_ref=(-0.4336, 0.5688) m, center_error_YZ_mm=(0.096, -2.871), vx=0.0011 m/s, Fx=0.29 N, contact=True
[sac_runtime_controller-7] [INFO] [1786613613.179950050] [rl_hole_search_controller]: SEARCHING: dx=0.0003 m, depth=0.0003 m, YZ=(-0.4373, 0.5720) m, YZ_ref=(-0.4337, 0.5689) m, center_error_YZ_mm=(-0.620, -1.750), vx=-0.0006 m/s, Fx=0.66 N, contact=True
[sac_runtime_controller-7] [INFO] [1786613614.208757279] [rl_hole_search_controller]: SEARCHING: dx=0.0008 m, depth=0.0009 m, YZ=(-0.4350, 0.5696) m, YZ_ref=(-0.4338, 0.5688) m, center_error_YZ_mm=(1.736, -4.139), vx=-0.0002 m/s, Fx=0.15 N, contact=True
[sac_runtime_controller-7] [INFO] [1786613615.234398171] [rl_hole_search_controller]: SEARCHING: dx=0.0005 m, depth=0.0005 m, YZ=(-0.4366, 0.5707) m, YZ_ref=(-0.4337, 0.5691) m, center_error_YZ_mm=(0.130, -3.010), vx=0.0068 m/s, Fx=0.32 N, contact=True
[sac_runtime_controller-7] [INFO] [1786613616.264059248] [rl_hole_search_controller]: SEARCHING: dx=0.0009 m, depth=0.0010 m, YZ=(-0.4306, 0.5663) m, YZ_ref=(-0.4338, 0.5691) m, center_error_YZ_mm=(6.123, -7.430), vx=-0.0114 m/s, Fx=-0.02 N, contact=True
[sac_runtime_controller-7] [INFO] [1786613617.286177481] [rl_hole_search_controller]: SEARCHING: dx=0.0005 m, depth=0.0006 m, YZ=(-0.4344, 0.5689) m, YZ_ref=(-0.4336, 0.5691) m, center_error_YZ_mm=(2.352, -4.785), vx=0.0044 m/s, Fx=0.31 N, contact=True
[sac_runtime_controller-7] [INFO] [1786613618.308736257] [rl_hole_search_controller]: SEARCHING: dx=0.0005 m, depth=0.0006 m, YZ=(-0.4340, 0.5692) m, YZ_ref=(-0.4336, 0.5691) m, center_error_YZ_mm=(2.712, -4.467), vx=0.0084 m/s, Fx=0.26 N, contact=True
[sac_runtime_controller-7] [INFO] [1786613619.340607620] [rl_hole_search_controller]: SEARCHING: dx=0.0008 m, depth=0.0009 m, YZ=(-0.4298, 0.5675) m, YZ_ref=(-0.4335, 0.5690) m, center_error_YZ_mm=(6.916, -6.184), vx=-0.0142 m/s, Fx=0.07 N, contact=True
[sac_runtime_controller-7] [INFO] [1786613620.371588746] [rl_hole_search_controller]: SEARCHING: dx=0.0009 m, depth=0.0010 m, YZ=(-0.4292, 0.5656) m, YZ_ref=(-0.4335, 0.5689) m, center_error_YZ_mm=(7.526, -8.107), vx=-0.0060 m/s, Fx=0.00 N, contact=True
[sac_runtime_controller-7] [INFO] [1786613621.399946066] [rl_hole_search_controller]: SEARCHING: dx=0.0001 m, depth=0.0002 m, YZ=(-0.4382, 0.5731) m, YZ_ref=(-0.4334, 0.5690) m, center_error_YZ_mm=(-1.471, -0.567), vx=-0.0073 m/s, Fx=0.78 N, contact=True
[sac_runtime_controller-7] [INFO] [1786613621.545064686] [rl_hole_search_controller]: INSERTING: hole alignment/entry detected at 0.0006 m; centering YZ and inserting to 0.0170 m
[sac_runtime_controller-7] [INFO] [1786613621.546698491] [rl_hole_search_controller]: INSERTING handoff: HOLE_YZ_ref=(-0.4367, 0.5737) m, tool_YZ=(-0.4364, 0.5732) m, center_error_YZ_mm=(0.265, -0.494), tool_tilt=0.17 deg
[sac_runtime_controller-7] [INFO] [1786613622.426173690] [rl_hole_search_controller]: INSERTING: dx=0.0030 m, depth=0.0031 m, YZ=(-0.4355, 0.5736) m, YZ_ref=(-0.4367, 0.5737) m, center_error_YZ_mm=(1.166, -0.128), vx=0.0034 m/s, Fx=1.17 N, contact=False
[sac_runtime_controller-7] [INFO] [1786613623.456010598] [rl_hole_search_controller]: INSERTING: dx=0.0047 m, depth=0.0047 m, YZ=(-0.4360, 0.5744) m, YZ_ref=(-0.4367, 0.5737) m, center_error_YZ_mm=(0.710, 0.696), vx=-0.0010 m/s, Fx=1.20 N, contact=False
[sac_runtime_controller-7] [INFO] [1786613624.484181279] [rl_hole_search_controller]: INSERTING: dx=0.0061 m, depth=0.0062 m, YZ=(-0.4365, 0.5744) m, YZ_ref=(-0.4367, 0.5737) m, center_error_YZ_mm=(0.180, 0.734), vx=0.0108 m/s, Fx=1.18 N, contact=False
[sac_runtime_controller-7] [INFO] [1786613625.579283245] [rl_hole_search_controller]: INSERTING: dx=0.0084 m, depth=0.0085 m, YZ=(-0.4356, 0.5735) m, YZ_ref=(-0.4367, 0.5737) m, center_error_YZ_mm=(1.153, -0.189), vx=-0.0065 m/s, Fx=1.19 N, contact=False
[sac_runtime_controller-7] [INFO] [1786613626.628190548] [rl_hole_search_controller]: INSERTING: dx=0.0101 m, depth=0.0102 m, YZ=(-0.4361, 0.5739) m, YZ_ref=(-0.4367, 0.5737) m, center_error_YZ_mm=(0.558, 0.227), vx=0.0123 m/s, Fx=1.15 N, contact=False
[sac_runtime_controller-7] [INFO] [1786613627.652932877] [rl_hole_search_controller]: INSERTING: dx=0.0123 m, depth=0.0124 m, YZ=(-0.4354, 0.5737) m, YZ_ref=(-0.4367, 0.5737) m, center_error_YZ_mm=(1.316, 0.024), vx=0.0008 m/s, Fx=1.17 N, contact=False
[sac_runtime_controller-7] [INFO] [1786613628.696337311] [rl_hole_search_controller]: INSERTING: dx=0.0145 m, depth=0.0145 m, YZ=(-0.4348, 0.5737) m, YZ_ref=(-0.4367, 0.5737) m, center_error_YZ_mm=(1.932, 0.041), vx=0.0004 m/s, Fx=1.16 N, contact=False
[sac_runtime_controller-7] [INFO] [1786613629.732211980] [rl_hole_search_controller]: INSERTING: dx=0.0156 m, depth=0.0157 m, YZ=(-0.4364, 0.5741) m, YZ_ref=(-0.4367, 0.5737) m, center_error_YZ_mm=(0.306, 0.404), vx=-0.0029 m/s, Fx=0.96 N, contact=False
[sac_runtime_controller-7] [INFO] [1786613630.754063963] [rl_hole_search_controller]: INSERTING: dx=0.0166 m, depth=0.0167 m, YZ=(-0.4360, 0.5741) m, YZ_ref=(-0.4367, 0.5737) m, center_error_YZ_mm=(0.696, 0.423), vx=0.0048 m/s, Fx=0.29 N, contact=False
[sac_runtime_controller-7] [INFO] [1786613631.781792578] [rl_hole_search_controller]: INSERTING: dx=0.0163 m, depth=0.0164 m, YZ=(-0.4366, 0.5739) m, YZ_ref=(-0.4367, 0.5737) m, center_error_YZ_mm=(0.071, 0.177), vx=0.0090 m/s, Fx=0.47 N, contact=False
[sac_runtime_controller-7] [INFO] [1786613632.812570680] [rl_hole_search_controller]: INSERTING: dx=0.0165 m, depth=0.0166 m, YZ=(-0.4371, 0.5739) m, YZ_ref=(-0.4367, 0.5737) m, center_error_YZ_mm=(-0.412, 0.201), vx=-0.0062 m/s, Fx=0.52 N, contact=False
[sac_runtime_controller-7] [INFO] [1786613633.820130175] [rl_hole_search_controller]: INSERTING: dx=0.0167 m, depth=0.0167 m, YZ=(-0.4371, 0.5741) m, YZ_ref=(-0.4367, 0.5737) m, center_error_YZ_mm=(-0.443, 0.431), vx=-0.0024 m/s, Fx=0.38 N, contact=False
[sac_runtime_controller-7] [INFO] [1786613634.862873307] [rl_hole_search_controller]: INSERTING: dx=0.0171 m, depth=0.0172 m, YZ=(-0.4370, 0.5737) m, YZ_ref=(-0.4367, 0.5737) m, center_error_YZ_mm=(-0.247, 0.010), vx=-0.0058 m/s, Fx=0.13 N, contact=False
[sac_runtime_controller-7] [INFO] [1786613634.884272239] [rl_hole_search_controller]: INSERT_HOLDING: target depth confirmed at 0.0170 m; joint velocity=0.110 rad/s; tool velocity=0.011 m/s; captured current joints and starting MIT-equivalent hold
[sac_runtime_controller-7] [INFO] [1786613635.871533622] [rl_hole_search_controller]: INSERT_HOLDING: MIT joint lock, dx=0.0170 m, depth=0.0171 m, YZ=(-0.4368, 0.5737) m, ramp=1.00, q_error_max=0.0008 rad, dq_max=0.0002 rad/s, tau_max=0.00 Nm, hold_force_max=0.08 N, tip_centered_YZ=True, contact=False
[sac_runtime_controller-7] [INFO] [1786613636.887195113] [rl_hole_search_controller]: INSERT_HOLDING: MIT joint lock, dx=0.0170 m, depth=0.0171 m, YZ=(-0.4368, 0.5737) m, ramp=1.00, q_error_max=0.0008 rad, dq_max=0.0000 rad/s, tau_max=0.00 Nm, hold_force_max=0.08 N, tip_centered_YZ=True, contact=False
[sac_runtime_controller-7] [INFO] [1786613636.909031353] [rl_hole_search_controller]: INSERT_HOLDING complete: physical geometry confirmed; depth=0.0171 m, tip_error_YZ_mm=(-0.086, -0.028), entry_error_YZ_mm=(0.024, 0.016), tilt=0.40 deg; Episode is an assembly success
[sac_runtime_controller-7] [INFO] [1786613636.931928435] [rl_hole_search_controller]: RESETTING episode=6, dataset_index=682, offset_yz_mm=(-1.940, 0.278)
[sac_runtime_controller-7] [INFO] [1786613636.933691268] [rl_hole_search_controller]: RESETTING: joint_error=0.1676 rad, joint_velocity=0.0004 rad/s
[sac_runtime_controller-7] [INFO] [1786613637.321701509] [rl_hole_search_controller]: RESETTING: 固定外边界板面及真实深方孔已重建，WORLD_HOLE_XYZ=(0.33220, -0.43863, 0.57224) m, HOLE_YZ_ref=(-0.4386, 0.5722) m
[sac_runtime_controller-7] [INFO] [1786613637.718061703] [rl_hole_search_controller]: RESET complete; starting original HOLDING state
[sac_runtime_controller-7] [INFO] [1786613637.719940097] [rl_hole_search_controller]: HOLDING: center=[ 0.32378872 -0.4363549   0.57140928]
[sac_runtime_controller-7] [INFO] [1786613637.721239018] [rl_hole_search_controller]: HOLDING: reset tool tilt=0.00 deg
[sac_runtime_controller-7] [INFO] [1786613637.929900087] [rl_hole_search_controller]: HOLDING: dx=0.0001 m, depth=0.0002 m, YZ=(-0.4351, 0.5710) m, YZ_ref=(-0.4364, 0.5714) m, center_error_YZ_mm=(3.485, -1.222), vx=0.0028 m/s, Fx=-0.29 N, contact=True
[sac_runtime_controller-7] [INFO] [1786613638.951784836] [rl_hole_search_controller]: HOLDING: dx=-0.0016 m, depth=-0.0015 m, YZ=(-0.4434, 0.5754) m, YZ_ref=(-0.4364, 0.5714) m, center_error_YZ_mm=(-4.765, 3.173), vx=-0.0076 m/s, Fx=0.00 N, contact=False
[sac_runtime_controller-7] [INFO] [1786613639.988233610] [rl_hole_search_controller]: HOLDING: dx=-0.0005 m, depth=-0.0004 m, YZ=(-0.4394, 0.5732) m, YZ_ref=(-0.4364, 0.5714) m, center_error_YZ_mm=(-0.726, 0.988), vx=0.0008 m/s, Fx=0.00 N, contact=False
[sac_runtime_controller-7] [INFO] [1786613641.014818968] [rl_hole_search_controller]: HOLDING: dx=-0.0004 m, depth=-0.0003 m, YZ=(-0.4386, 0.5726) m, YZ_ref=(-0.4364, 0.5714) m, center_error_YZ_mm=(0.070, 0.328), vx=0.0012 m/s, Fx=0.00 N, contact=False
[sac_runtime_controller-7] [INFO] [1786613642.041116254] [rl_hole_search_controller]: HOLDING: dx=-0.0009 m, depth=-0.0008 m, YZ=(-0.4395, 0.5728) m, YZ_ref=(-0.4364, 0.5714) m, center_error_YZ_mm=(-0.886, 0.563), vx=0.0044 m/s, Fx=0.00 N, contact=False
[sac_runtime_controller-7] [INFO] [1786613642.855256073] [rl_hole_search_controller]: APPROACHING: ramping world-X contact force
[sac_runtime_controller-7] [INFO] [1786613643.068867066] [rl_hole_search_controller]: APPROACHING: dx=-0.0008 m, depth=-0.0007 m, YZ=(-0.4416, 0.5766) m, YZ_ref=(-0.4364, 0.5714) m, center_error_YZ_mm=(-3.000, 4.386), vx=0.0078 m/s, Fx=0.21 N, contact=False
[sac_runtime_controller-7] [INFO] [1786613644.080162281] [rl_hole_search_controller]: SEARCHING: contact at X=0.3244; YZ spiral started
[sac_runtime_controller-7] [INFO] [1786613644.093687853] [rl_hole_search_controller]: SEARCHING: dx=0.0006 m, depth=0.0007 m, YZ=(-0.4390, 0.5749) m, YZ_ref=(-0.4390, 0.5748) m, center_error_YZ_mm=(-0.342, 2.678), vx=0.0062 m/s, Fx=0.20 N, contact=True
[sac_runtime_controller-7] [INFO] [1786613645.132388909] [rl_hole_search_controller]: SEARCHING: dx=0.0007 m, depth=0.0008 m, YZ=(-0.4368, 0.5724) m, YZ_ref=(-0.4390, 0.5748) m, center_error_YZ_mm=(1.804, 0.133), vx=-0.0053 m/s, Fx=0.20 N, contact=True
[sac_runtime_controller-7] [INFO] [1786613645.177102979] [rl_hole_search_controller]: INSERTING: hole alignment/entry detected at 0.0006 m; centering YZ and inserting to 0.0170 m
[sac_runtime_controller-7] [INFO] [1786613645.178725478] [rl_hole_search_controller]: INSERTING handoff: HOLE_YZ_ref=(-0.4386, 0.5722) m, tool_YZ=(-0.4381, 0.5727) m, center_error_YZ_mm=(0.494, 0.467), tool_tilt=1.01 deg
[sac_runtime_controller-7] [INFO] [1786613646.161839899] [rl_hole_search_controller]: INSERTING: dx=0.0020 m, depth=0.0021 m, YZ=(-0.4384, 0.5727) m, YZ_ref=(-0.4386, 0.5722) m, center_error_YZ_mm=(0.269, 0.456), vx=0.0004 m/s, Fx=1.19 N, contact=False
[sac_runtime_controller-7] [INFO] [1786613647.181602820] [rl_hole_search_controller]: INSERTING: dx=0.0045 m, depth=0.0046 m, YZ=(-0.4368, 0.5723) m, YZ_ref=(-0.4386, 0.5722) m, center_error_YZ_mm=(1.862, 0.081), vx=0.0049 m/s, Fx=1.17 N, contact=False
[sac_runtime_controller-7] [INFO] [1786613648.207923335] [rl_hole_search_controller]: INSERTING: dx=0.0053 m, depth=0.0054 m, YZ=(-0.4388, 0.5731) m, YZ_ref=(-0.4386, 0.5722) m, center_error_YZ_mm=(-0.185, 0.866), vx=-0.0009 m/s, Fx=1.19 N, contact=False
[sac_runtime_controller-7] [INFO] [1786613649.236104774] [rl_hole_search_controller]: INSERTING: dx=0.0070 m, depth=0.0071 m, YZ=(-0.4386, 0.5730) m, YZ_ref=(-0.4386, 0.5722) m, center_error_YZ_mm=(0.034, 0.782), vx=-0.0039 m/s, Fx=1.20 N, contact=False
[sac_runtime_controller-7] [INFO] [1786613650.260733419] [rl_hole_search_controller]: INSERTING: dx=0.0088 m, depth=0.0089 m, YZ=(-0.4380, 0.5729) m, YZ_ref=(-0.4386, 0.5722) m, center_error_YZ_mm=(0.680, 0.665), vx=0.0038 m/s, Fx=1.18 N, contact=False
[sac_runtime_controller-7] [INFO] [1786613651.280774806] [rl_hole_search_controller]: INSERTING: dx=0.0106 m, depth=0.0107 m, YZ=(-0.4376, 0.5725) m, YZ_ref=(-0.4386, 0.5722) m, center_error_YZ_mm=(0.987, 0.238), vx=-0.0011 m/s, Fx=1.15 N, contact=False
[sac_runtime_controller-7] [INFO] [1786613652.296598690] [rl_hole_search_controller]: INSERTING: dx=0.0127 m, depth=0.0128 m, YZ=(-0.4369, 0.5725) m, YZ_ref=(-0.4386, 0.5722) m, center_error_YZ_mm=(1.765, 0.304), vx=0.0093 m/s, Fx=1.15 N, contact=False
[sac_runtime_controller-7] [INFO] [1786613653.317555047] [rl_hole_search_controller]: INSERTING: dx=0.0139 m, depth=0.0139 m, YZ=(-0.4388, 0.5727) m, YZ_ref=(-0.4386, 0.5722) m, center_error_YZ_mm=(-0.185, 0.409), vx=0.0024 m/s, Fx=1.20 N, contact=False
[sac_runtime_controller-7] [INFO] [1786613654.330803088] [rl_hole_search_controller]: INSERTING: dx=0.0159 m, depth=0.0160 m, YZ=(-0.4380, 0.5725) m, YZ_ref=(-0.4386, 0.5722) m, center_error_YZ_mm=(0.620, 0.300), vx=-0.0053 m/s, Fx=0.83 N, contact=False
[sac_runtime_controller-7] [INFO] [1786613655.351027534] [rl_hole_search_controller]: INSERTING: dx=0.0161 m, depth=0.0162 m, YZ=(-0.4386, 0.5728) m, YZ_ref=(-0.4386, 0.5722) m, center_error_YZ_mm=(0.002, 0.526), vx=0.0054 m/s, Fx=0.71 N, contact=False
[sac_runtime_controller-7] [INFO] [1786613656.370436610] [rl_hole_search_controller]: INSERTING: dx=0.0169 m, depth=0.0170 m, YZ=(-0.4369, 0.5721) m, YZ_ref=(-0.4386, 0.5722) m, center_error_YZ_mm=(1.746, -0.162), vx=-0.0081 m/s, Fx=0.14 N, contact=False
[sac_runtime_controller-7] [INFO] [1786613657.412911111] [rl_hole_search_controller]: INSERTING: dx=0.0168 m, depth=0.0169 m, YZ=(-0.4377, 0.5724) m, YZ_ref=(-0.4386, 0.5722) m, center_error_YZ_mm=(0.890, 0.170), vx=-0.0072 m/s, Fx=0.22 N, contact=False
[sac_runtime_controller-7] [INFO] [1786613658.476951004] [rl_hole_search_controller]: INSERTING: dx=0.0167 m, depth=0.0168 m, YZ=(-0.4382, 0.5722) m, YZ_ref=(-0.4386, 0.5722) m, center_error_YZ_mm=(0.414, -0.076), vx=0.0004 m/s, Fx=0.23 N, contact=False
[sac_runtime_controller-7] [INFO] [1786613659.411214074] [rl_hole_search_controller]: INSERT_HOLDING: target depth confirmed at 0.0172 m; joint velocity=0.149 rad/s; tool velocity=0.006 m/s; captured current joints and starting MIT-equivalent hold
[sac_runtime_controller-7] [INFO] [1786613659.533907305] [rl_hole_search_controller]: INSERT_HOLDING: MIT joint lock, dx=0.0168 m, depth=0.0169 m, YZ=(-0.4388, 0.5724) m, ramp=0.39, q_error_max=0.0143 rad, dq_max=0.0384 rad/s, tau_max=0.09 Nm, hold_force_max=0.09 N, tip_centered_YZ=True, contact=False
[sac_runtime_controller-7] [INFO] [1786613660.563182216] [rl_hole_search_controller]: INSERT_HOLDING: MIT joint lock, dx=0.0170 m, depth=0.0171 m, YZ=(-0.4386, 0.5723) m, ramp=1.00, q_error_max=0.0004 rad, dq_max=0.0001 rad/s, tau_max=0.00 Nm, hold_force_max=0.04 N, tip_centered_YZ=True, contact=False
[sac_runtime_controller-7] [INFO] [1786613661.464637853] [rl_hole_search_controller]: INSERT_HOLDING complete: physical geometry confirmed; depth=0.0171 m, tip_error_YZ_mm=(0.040, 0.014), entry_error_YZ_mm=(-0.007, 0.137), tilt=0.44 deg; Episode is an assembly success
[sac_runtime_controller-7] [INFO] [1786613661.485137701] [rl_hole_search_controller]: RESETTING episode=7, dataset_index=217, offset_yz_mm=(0.929, 2.725)
[sac_runtime_controller-7] [INFO] [1786613661.486055837] [rl_hole_search_controller]: RESETTING: joint_error=0.1794 rad, joint_velocity=0.0002 rad/s
[sac_runtime_controller-7] [INFO] [1786613661.885636983] [rl_hole_search_controller]: RESETTING: 固定外边界板面及真实深方孔已重建，WORLD_HOLE_XYZ=(0.33220, -0.43564, 0.57479) m, HOLE_YZ_ref=(-0.4356, 0.5748) m
[sac_runtime_controller-7] [INFO] [1786613662.266140014] [rl_hole_search_controller]: RESET complete; starting original HOLDING state
[sac_runtime_controller-7] [INFO] [1786613662.268007855] [rl_hole_search_controller]: HOLDING: center=[ 0.32379132 -0.43633627  0.57141306]
[sac_runtime_controller-7] [INFO] [1786613662.268720454] [rl_hole_search_controller]: HOLDING: dx=0.0000 m, depth=0.0001 m, YZ=(-0.4363, 0.5714) m, YZ_ref=(-0.4363, 0.5714) m, center_error_YZ_mm=(-0.697, -3.379), vx=-0.0003 m/s, Fx=-0.09 N, contact=True
[sac_runtime_controller-7] [INFO] [1786613662.269886155] [rl_hole_search_controller]: HOLDING: reset tool tilt=0.01 deg
[sac_runtime_controller-7] [INFO] [1786613663.284118305] [rl_hole_search_controller]: HOLDING: dx=-0.0003 m, depth=-0.0002 m, YZ=(-0.4348, 0.5695) m, YZ_ref=(-0.4363, 0.5714) m, center_error_YZ_mm=(0.812, -5.308), vx=-0.0030 m/s, Fx=0.00 N, contact=False
[sac_runtime_controller-7] [INFO] [1786613664.307933640] [rl_hole_search_controller]: HOLDING: dx=-0.0013 m, depth=-0.0012 m, YZ=(-0.4406, 0.5731) m, YZ_ref=(-0.4363, 0.5714) m, center_error_YZ_mm=(-4.961, -1.723), vx=0.0010 m/s, Fx=0.00 N, contact=False
[sac_runtime_controller-7] [INFO] [1786613665.325726285] [rl_hole_search_controller]: HOLDING: dx=-0.0007 m, depth=-0.0007 m, YZ=(-0.4397, 0.5737) m, YZ_ref=(-0.4363, 0.5714) m, center_error_YZ_mm=(-4.043, -1.079), vx=0.0048 m/s, Fx=0.00 N, contact=False
[sac_runtime_controller-7] [INFO] [1786613666.337995762] [rl_hole_search_controller]: HOLDING: dx=-0.0010 m, depth=-0.0009 m, YZ=(-0.4411, 0.5739) m, YZ_ref=(-0.4363, 0.5714) m, center_error_YZ_mm=(-5.476, -0.937), vx=-0.0002 m/s, Fx=0.00 N, contact=False
[sac_runtime_controller-7] [INFO] [1786613667.357927254] [rl_hole_search_controller]: APPROACHING: ramping world-X contact force
[sac_runtime_controller-7] [INFO] [1786613667.360679517] [rl_hole_search_controller]: APPROACHING: dx=-0.0001 m, depth=-0.0000 m, YZ=(-0.4365, 0.5706) m, YZ_ref=(-0.4363, 0.5714) m, center_error_YZ_mm=(-0.815, -4.238), vx=0.0062 m/s, Fx=-0.12 N, contact=True
[sac_runtime_controller-7] [INFO] [1786613668.387003953] [rl_hole_search_controller]: APPROACHING: dx=0.0004 m, depth=0.0005 m, YZ=(-0.4366, 0.5709) m, YZ_ref=(-0.4363, 0.5714) m, center_error_YZ_mm=(-0.952, -3.869), vx=-0.0005 m/s, Fx=0.49 N, contact=True
[sac_runtime_controller-7] [INFO] [1786613668.587084113] [rl_hole_search_controller]: SEARCHING: contact at X=0.3238; YZ spiral started
[sac_runtime_controller-7] [INFO] [1786613669.420149664] [rl_hole_search_controller]: SEARCHING: dx=0.0006 m, depth=0.0006 m, YZ=(-0.4388, 0.5735) m, YZ_ref=(-0.4396, 0.5732) m, center_error_YZ_mm=(-3.169, -1.330), vx=0.0053 m/s, Fx=0.25 N, contact=True
[sac_runtime_controller-7] [INFO] [1786613670.446702412] [rl_hole_search_controller]: SEARCHING: dx=0.0013 m, depth=0.0014 m, YZ=(-0.4325, 0.5714) m, YZ_ref=(-0.4396, 0.5733) m, center_error_YZ_mm=(3.096, -3.379), vx=0.0138 m/s, Fx=-0.64 N, contact=True
[sac_runtime_controller-7] [INFO] [1786613671.472693890] [rl_hole_search_controller]: SEARCHING: dx=-0.0000 m, depth=0.0001 m, YZ=(-0.4367, 0.5734) m, YZ_ref=(-0.4395, 0.5733) m, center_error_YZ_mm=(-1.045, -1.437), vx=-0.0070 m/s, Fx=0.92 N, contact=True
[sac_runtime_controller-7] [INFO] [1786613672.493123489] [rl_hole_search_controller]: SEARCHING: dx=0.0008 m, depth=0.0009 m, YZ=(-0.4352, 0.5727) m, YZ_ref=(-0.4393, 0.5733) m, center_error_YZ_mm=(0.466, -2.085), vx=-0.0009 m/s, Fx=0.10 N, contact=True
[sac_runtime_controller-7] [INFO] [1786613673.520345097] [rl_hole_search_controller]: SEARCHING: dx=0.0011 m, depth=0.0012 m, YZ=(-0.4315, 0.5696) m, YZ_ref=(-0.4394, 0.5733) m, center_error_YZ_mm=(4.180, -5.223), vx=-0.0066 m/s, Fx=-0.19 N, contact=True
[sac_runtime_controller-7] [INFO] [1786613674.558141829] [rl_hole_search_controller]: SEARCHING: dx=0.0004 m, depth=0.0005 m, YZ=(-0.4372, 0.5739) m, YZ_ref=(-0.4395, 0.5732) m, center_error_YZ_mm=(-1.520, -0.861), vx=0.0036 m/s, Fx=0.39 N, contact=True
[sac_runtime_controller-7] [INFO] [1786613675.605332316] [rl_hole_search_controller]: SEARCHING: dx=0.0009 m, depth=0.0010 m, YZ=(-0.4325, 0.5723) m, YZ_ref=(-0.4394, 0.5732) m, center_error_YZ_mm=(3.151, -2.491), vx=0.0107 m/s, Fx=-0.18 N, contact=True
[sac_runtime_controller-7] [INFO] [1786613676.624882476] [rl_hole_search_controller]: SEARCHING: dx=0.0005 m, depth=0.0006 m, YZ=(-0.4370, 0.5729) m, YZ_ref=(-0.4394, 0.5731) m, center_error_YZ_mm=(-1.341, -1.858), vx=-0.0002 m/s, Fx=0.43 N, contact=True
[sac_runtime_controller-7] [INFO] [1786613677.660650126] [rl_hole_search_controller]: SEARCHING: dx=0.0007 m, depth=0.0008 m, YZ=(-0.4358, 0.5718) m, YZ_ref=(-0.4394, 0.5731) m, center_error_YZ_mm=(-0.183, -2.973), vx=0.0039 m/s, Fx=0.13 N, contact=True
[sac_runtime_controller-7] [INFO] [1786613678.695524030] [rl_hole_search_controller]: SEARCHING: dx=0.0010 m, depth=0.0010 m, YZ=(-0.4341, 0.5718) m, YZ_ref=(-0.4395, 0.5730) m, center_error_YZ_mm=(1.525, -3.033), vx=0.0051 m/s, Fx=-0.15 N, contact=True
[sac_runtime_controller-7] [INFO] [1786613679.726074223] [rl_hole_search_controller]: SEARCHING: dx=0.0001 m, depth=0.0002 m, YZ=(-0.4399, 0.5740) m, YZ_ref=(-0.4394, 0.5729) m, center_error_YZ_mm=(-4.245, -0.794), vx=0.0052 m/s, Fx=0.66 N, contact=True
[sac_runtime_controller-7] [INFO] [1786613680.765821727] [rl_hole_search_controller]: SEARCHING: dx=0.0003 m, depth=0.0004 m, YZ=(-0.4390, 0.5737) m, YZ_ref=(-0.4394, 0.5730) m, center_error_YZ_mm=(-3.370, -1.137), vx=0.0063 m/s, Fx=0.51 N, contact=True
[sac_runtime_controller-7] [INFO] [1786613681.805367566] [rl_hole_search_controller]: SEARCHING: dx=0.0012 m, depth=0.0013 m, YZ=(-0.4334, 0.5707) m, YZ_ref=(-0.4394, 0.5728) m, center_error_YZ_mm=(2.275, -4.104), vx=0.0013 m/s, Fx=-0.28 N, contact=True
[sac_runtime_controller-7] [INFO] [1786613682.873485226] [rl_hole_search_controller]: SEARCHING: dx=0.0005 m, depth=0.0006 m, YZ=(-0.4378, 0.5744) m, YZ_ref=(-0.4395, 0.5729) m, center_error_YZ_mm=(-2.175, -0.379), vx=0.0117 m/s, Fx=0.16 N, contact=True
[sac_runtime_controller-7] [INFO] [1786613683.944325069] [rl_hole_search_controller]: SEARCHING: dx=0.0013 m, depth=0.0014 m, YZ=(-0.4322, 0.5697) m, YZ_ref=(-0.4395, 0.5729) m, center_error_YZ_mm=(3.407, -5.110), vx=0.0088 m/s, Fx=-0.55 N, contact=True
[sac_runtime_controller-7] [INFO] [1786613685.033033382] [rl_hole_search_controller]: SEARCHING: dx=0.0009 m, depth=0.0010 m, YZ=(-0.4317, 0.5691) m, YZ_ref=(-0.4394, 0.5728) m, center_error_YZ_mm=(3.945, -5.693), vx=0.0094 m/s, Fx=-0.15 N, contact=True
[sac_runtime_controller-7] [INFO] [1786613686.131065195] [rl_hole_search_controller]: SEARCHING: dx=0.0008 m, depth=0.0009 m, YZ=(-0.4320, 0.5703) m, YZ_ref=(-0.4394, 0.5729) m, center_error_YZ_mm=(3.633, -4.469), vx=0.0056 m/s, Fx=0.01 N, contact=True
[sac_runtime_controller-7] [INFO] [1786613686.287612332] [rl_hole_search_controller]: INSERTING: hole alignment/entry detected at 0.0006 m; centering YZ and inserting to 0.0170 m
[sac_runtime_controller-7] [INFO] [1786613686.289376268] [rl_hole_search_controller]: INSERTING handoff: HOLE_YZ_ref=(-0.4356, 0.5748) m, tool_YZ=(-0.4353, 0.5745) m, center_error_YZ_mm=(0.326, -0.306), tool_tilt=0.66 deg
[sac_runtime_controller-7] [INFO] [1786613687.249635414] [rl_hole_search_controller]: INSERTING: dx=0.0026 m, depth=0.0027 m, YZ=(-0.4351, 0.5751) m, YZ_ref=(-0.4356, 0.5748) m, center_error_YZ_mm=(0.589, 0.300), vx=0.0006 m/s, Fx=1.17 N, contact=False
[sac_runtime_controller-7] [INFO] [1786613688.335861217] [rl_hole_search_controller]: INSERTING: dx=0.0039 m, depth=0.0040 m, YZ=(-0.4349, 0.5748) m, YZ_ref=(-0.4356, 0.5748) m, center_error_YZ_mm=(0.755, -0.014), vx=-0.0130 m/s, Fx=1.22 N, contact=False
[sac_runtime_controller-7] [INFO] [1786613689.435826721] [rl_hole_search_controller]: INSERTING: dx=0.0057 m, depth=0.0058 m, YZ=(-0.4353, 0.5756) m, YZ_ref=(-0.4356, 0.5748) m, center_error_YZ_mm=(0.346, 0.857), vx=0.0046 m/s, Fx=1.20 N, contact=False
[sac_runtime_controller-7] [INFO] [1786613690.526186853] [rl_hole_search_controller]: INSERTING: dx=0.0066 m, depth=0.0067 m, YZ=(-0.4349, 0.5749) m, YZ_ref=(-0.4356, 0.5748) m, center_error_YZ_mm=(0.782, 0.116), vx=-0.0024 m/s, Fx=1.16 N, contact=False
[sac_runtime_controller-7] [INFO] [1786613691.686491246] [rl_hole_search_controller]: INSERTING: dx=0.0080 m, depth=0.0081 m, YZ=(-0.4359, 0.5747) m, YZ_ref=(-0.4356, 0.5748) m, center_error_YZ_mm=(-0.307, -0.109), vx=0.0023 m/s, Fx=1.16 N, contact=False
[sac_runtime_controller-7] [INFO] [1786613692.759347029] [rl_hole_search_controller]: INSERTING: dx=0.0104 m, depth=0.0105 m, YZ=(-0.4361, 0.5758) m, YZ_ref=(-0.4356, 0.5748) m, center_error_YZ_mm=(-0.435, 1.002), vx=-0.0011 m/s, Fx=1.21 N, contact=False
[sac_runtime_controller-7] [INFO] [1786613693.849640925] [rl_hole_search_controller]: INSERTING: dx=0.0123 m, depth=0.0124 m, YZ=(-0.4349, 0.5751) m, YZ_ref=(-0.4356, 0.5748) m, center_error_YZ_mm=(0.708, 0.316), vx=-0.0016 m/s, Fx=1.17 N, contact=False
[sac_runtime_controller-7] [INFO] [1786613694.968477838] [rl_hole_search_controller]: INSERTING: dx=0.0143 m, depth=0.0144 m, YZ=(-0.4344, 0.5746) m, YZ_ref=(-0.4356, 0.5748) m, center_error_YZ_mm=(1.255, -0.163), vx=-0.0010 m/s, Fx=1.18 N, contact=False
[sac_runtime_controller-7] [INFO] [1786613696.058092315] [rl_hole_search_controller]: INSERTING: dx=0.0158 m, depth=0.0159 m, YZ=(-0.4347, 0.5752) m, YZ_ref=(-0.4356, 0.5748) m, center_error_YZ_mm=(0.895, 0.425), vx=-0.0029 m/s, Fx=0.82 N, contact=False
[sac_runtime_controller-7] [INFO] [1786613697.098150459] [rl_hole_search_controller]: INSERTING: dx=0.0161 m, depth=0.0161 m, YZ=(-0.4350, 0.5749) m, YZ_ref=(-0.4356, 0.5748) m, center_error_YZ_mm=(0.687, 0.126), vx=0.0060 m/s, Fx=0.70 N, contact=False
[sac_runtime_controller-7] [INFO] [1786613698.149587528] [rl_hole_search_controller]: INSERTING: dx=0.0165 m, depth=0.0166 m, YZ=(-0.4355, 0.5754) m, YZ_ref=(-0.4356, 0.5748) m, center_error_YZ_mm=(0.120, 0.616), vx=0.0136 m/s, Fx=0.44 N, contact=False
[sac_runtime_controller-7] [INFO] [1786613699.196752013] [rl_hole_search_controller]: INSERTING: dx=0.0171 m, depth=0.0172 m, YZ=(-0.4348, 0.5746) m, YZ_ref=(-0.4356, 0.5748) m, center_error_YZ_mm=(0.799, -0.205), vx=0.0045 m/s, Fx=0.01 N, contact=False
[sac_runtime_controller-7] [INFO] [1786613700.197311160] [rl_hole_search_controller]: INSERT_HOLDING: target depth confirmed at 0.0175 m; joint velocity=0.257 rad/s; tool velocity=0.008 m/s; captured current joints and starting MIT-equivalent hold
[sac_runtime_controller-7] [INFO] [1786613700.261936824] [rl_hole_search_controller]: INSERT_HOLDING: MIT joint lock, dx=0.0174 m, depth=0.0175 m, YZ=(-0.4356, 0.5746) m, ramp=0.20, q_error_max=0.0061 rad, dq_max=0.0157 rad/s, tau_max=0.13 Nm, hold_force_max=0.27 N, tip_centered_YZ=True, contact=False
[sac_runtime_controller-7] [INFO] [1786613701.332026288] [rl_hole_search_controller]: INSERT_HOLDING: MIT joint lock, dx=0.0174 m, depth=0.0175 m, YZ=(-0.4357, 0.5748) m, ramp=1.00, q_error_max=0.0004 rad, dq_max=0.0000 rad/s, tau_max=0.00 Nm, hold_force_max=0.09 N, tip_centered_YZ=True, contact=False
[sac_runtime_controller-7] [INFO] [1786613702.308955284] [rl_hole_search_controller]: INSERT_HOLDING complete: physical geometry confirmed; depth=0.0175 m, tip_error_YZ_mm=(-0.055, -0.021), entry_error_YZ_mm=(-0.137, 0.241), tilt=0.90 deg; Episode is an assembly success
[sac_runtime_controller-7] [INFO] [1786613702.318649110] [rl_hole_search_controller]: RESETTING episode=8, dataset_index=554, offset_yz_mm=(-2.211, -2.539)
[sac_runtime_controller-7] [INFO] [1786613702.320041267] [rl_hole_search_controller]: RESETTING: joint_error=0.1733 rad, joint_velocity=0.0001 rad/s
[sac_runtime_controller-7] [INFO] [1786613702.695659088] [rl_hole_search_controller]: RESETTING: 固定外边界板面及真实深方孔已重建，WORLD_HOLE_XYZ=(0.33220, -0.43877, 0.56919) m, HOLE_YZ_ref=(-0.4388, 0.5692) m
[sac_runtime_controller-7] [INFO] [1786613703.125257364] [rl_hole_search_controller]: RESET complete; starting original HOLDING state
[sac_runtime_controller-7] [INFO] [1786613703.130386097] [rl_hole_search_controller]: HOLDING: center=[ 0.32378994 -0.43635699  0.57141755]
[sac_runtime_controller-7] [INFO] [1786613703.131349979] [rl_hole_search_controller]: HOLDING: dx=0.0000 m, depth=0.0001 m, YZ=(-0.4364, 0.5714) m, YZ_ref=(-0.4364, 0.5714) m, center_error_YZ_mm=(2.411, 2.232), vx=-0.0003 m/s, Fx=-0.09 N, contact=True
[sac_runtime_controller-7] [INFO] [1786613703.133356632] [rl_hole_search_controller]: HOLDING: reset tool tilt=0.00 deg
[sac_runtime_controller-7] [INFO] [1786613704.156630710] [rl_hole_search_controller]: HOLDING: dx=-0.0001 m, depth=-0.0000 m, YZ=(-0.4359, 0.5701) m, YZ_ref=(-0.4364, 0.5714) m, center_error_YZ_mm=(2.818, 0.901), vx=-0.0017 m/s, Fx=0.00 N, contact=True
[sac_runtime_controller-7] [INFO] [1786613705.192635280] [rl_hole_search_controller]: HOLDING: dx=-0.0003 m, depth=-0.0003 m, YZ=(-0.4364, 0.5711) m, YZ_ref=(-0.4364, 0.5714) m, center_error_YZ_mm=(2.348, 1.948), vx=0.0141 m/s, Fx=0.00 N, contact=False
[sac_runtime_controller-7] [INFO] [1786613706.235378379] [rl_hole_search_controller]: HOLDING: dx=-0.0002 m, depth=-0.0001 m, YZ=(-0.4346, 0.5703) m, YZ_ref=(-0.4364, 0.5714) m, center_error_YZ_mm=(4.154, 1.136), vx=0.0036 m/s, Fx=-0.07 N, contact=True
[sac_runtime_controller-7] [INFO] [1786613707.259274399] [rl_hole_search_controller]: HOLDING: dx=-0.0013 m, depth=-0.0012 m, YZ=(-0.4400, 0.5727) m, YZ_ref=(-0.4364, 0.5714) m, center_error_YZ_mm=(-1.195, 3.546), vx=0.0012 m/s, Fx=0.00 N, contact=False
[sac_runtime_controller-7] [INFO] [1786613708.292751502] [rl_hole_search_controller]: APPROACHING: ramping world-X contact force
[sac_runtime_controller-7] [INFO] [1786613708.293618223] [rl_hole_search_controller]: APPROACHING: dx=-0.0010 m, depth=-0.0009 m, YZ=(-0.4402, 0.5727) m, YZ_ref=(-0.4364, 0.5714) m, center_error_YZ_mm=(-1.416, 3.484), vx=-0.0016 m/s, Fx=0.00 N, contact=False
[sac_runtime_controller-7] [INFO] [1786613709.329209062] [rl_hole_search_controller]: APPROACHING: dx=0.0010 m, depth=0.0011 m, YZ=(-0.4345, 0.5716) m, YZ_ref=(-0.4364, 0.5714) m, center_error_YZ_mm=(4.233, 2.410), vx=0.0096 m/s, Fx=-0.33 N, contact=True
[sac_runtime_controller-7] [INFO] [1786613709.542968535] [rl_hole_search_controller]: SEARCHING: contact at X=0.3250; YZ spiral started
[sac_runtime_controller-7] [INFO] [1786613710.363071482] [rl_hole_search_controller]: SEARCHING: dx=0.0003 m, depth=0.0003 m, YZ=(-0.4378, 0.5710) m, YZ_ref=(-0.4319, 0.5684) m, center_error_YZ_mm=(0.992, 1.778), vx=-0.0015 m/s, Fx=0.66 N, contact=True
[sac_runtime_controller-7] [INFO] [1786613711.376284767] [rl_hole_search_controller]: SEARCHING: dx=0.0008 m, depth=0.0008 m, YZ=(-0.4367, 0.5708) m, YZ_ref=(-0.4319, 0.5683) m, center_error_YZ_mm=(2.056, 1.644), vx=-0.0112 m/s, Fx=0.16 N, contact=True
[sac_runtime_controller-7] [INFO] [1786613712.410983668] [rl_hole_search_controller]: SEARCHING: dx=0.0011 m, depth=0.0012 m, YZ=(-0.4334, 0.5694) m, YZ_ref=(-0.4319, 0.5684) m, center_error_YZ_mm=(5.369, 0.223), vx=-0.0036 m/s, Fx=-0.17 N, contact=True
[sac_runtime_controller-7] [INFO] [1786613713.436194136] [rl_hole_search_controller]: SEARCHING: dx=0.0009 m, depth=0.0010 m, YZ=(-0.4351, 0.5700) m, YZ_ref=(-0.4321, 0.5684) m, center_error_YZ_mm=(3.717, 0.812), vx=0.0017 m/s, Fx=-0.00 N, contact=True
[sac_runtime_controller-7] [INFO] [1786613714.484853240] [rl_hole_search_controller]: SEARCHING: dx=0.0005 m, depth=0.0005 m, YZ=(-0.4387, 0.5729) m, YZ_ref=(-0.4322, 0.5684) m, center_error_YZ_mm=(0.066, 3.699), vx=-0.0084 m/s, Fx=0.45 N, contact=True
[sac_runtime_controller-7] [INFO] [1786613715.511668253] [rl_hole_search_controller]: SEARCHING: dx=0.0012 m, depth=0.0013 m, YZ=(-0.4325, 0.5680) m, YZ_ref=(-0.4323, 0.5684) m, center_error_YZ_mm=(6.221, -1.234), vx=0.0044 m/s, Fx=-0.38 N, contact=True
[sac_runtime_controller-7] [INFO] [1786613716.545736354] [rl_hole_search_controller]: SEARCHING: dx=0.0007 m, depth=0.0008 m, YZ=(-0.4334, 0.5685) m, YZ_ref=(-0.4321, 0.5685) m, center_error_YZ_mm=(5.377, -0.692), vx=-0.0019 m/s, Fx=0.24 N, contact=True
[sac_runtime_controller-7] [INFO] [1786613717.578148582] [rl_hole_search_controller]: SEARCHING: dx=0.0005 m, depth=0.0005 m, YZ=(-0.4341, 0.5703) m, YZ_ref=(-0.4320, 0.5684) m, center_error_YZ_mm=(4.665, 1.138), vx=0.0018 m/s, Fx=0.42 N, contact=True
[sac_runtime_controller-7] [INFO] [1786613718.587928101] [rl_hole_search_controller]: SEARCHING: dx=0.0008 m, depth=0.0009 m, YZ=(-0.4295, 0.5660) m, YZ_ref=(-0.4320, 0.5684) m, center_error_YZ_mm=(9.248, -3.181), vx=-0.0066 m/s, Fx=0.13 N, contact=True
[sac_runtime_controller-7] [INFO] [1786613719.617938668] [rl_hole_search_controller]: SEARCHING: dx=0.0005 m, depth=0.0006 m, YZ=(-0.4341, 0.5690) m, YZ_ref=(-0.4320, 0.5684) m, center_error_YZ_mm=(4.663, -0.168), vx=-0.0038 m/s, Fx=0.39 N, contact=True
[sac_runtime_controller-7] [INFO] [1786613720.652046795] [rl_hole_search_controller]: SEARCHING: dx=0.0006 m, depth=0.0007 m, YZ=(-0.4341, 0.5706) m, YZ_ref=(-0.4319, 0.5685) m, center_error_YZ_mm=(4.620, 1.455), vx=-0.0058 m/s, Fx=0.27 N, contact=True
[sac_runtime_controller-7] [INFO] [1786613721.687156668] [rl_hole_search_controller]: SEARCHING: dx=0.0007 m, depth=0.0008 m, YZ=(-0.4332, 0.5689) m, YZ_ref=(-0.4322, 0.5686) m, center_error_YZ_mm=(5.525, -0.315), vx=-0.0032 m/s, Fx=0.21 N, contact=True
[sac_runtime_controller-7] [INFO] [1786613722.729834691] [rl_hole_search_controller]: SEARCHING: dx=0.0010 m, depth=0.0011 m, YZ=(-0.4289, 0.5670) m, YZ_ref=(-0.4323, 0.5686) m, center_error_YZ_mm=(9.876, -2.156), vx=0.0125 m/s, Fx=-0.37 N, contact=True
[sac_runtime_controller-7] [INFO] [1786613723.762604152] [rl_hole_search_controller]: SEARCHING: dx=0.0008 m, depth=0.0009 m, YZ=(-0.4347, 0.5695) m, YZ_ref=(-0.4324, 0.5687) m, center_error_YZ_mm=(4.070, 0.296), vx=0.0024 m/s, Fx=0.09 N, contact=True
[sac_runtime_controller-7] [INFO] [1786613724.796013493] [rl_hole_search_controller]: SEARCHING: dx=0.0008 m, depth=0.0009 m, YZ=(-0.4321, 0.5682) m, YZ_ref=(-0.4323, 0.5688) m, center_error_YZ_mm=(6.659, -0.941), vx=-0.0000 m/s, Fx=0.09 N, contact=True
[sac_runtime_controller-7] [INFO] [1786613725.823921357] [rl_hole_search_controller]: SEARCHING: dx=0.0007 m, depth=0.0008 m, YZ=(-0.4353, 0.5712) m, YZ_ref=(-0.4322, 0.5690) m, center_error_YZ_mm=(3.427, 2.014), vx=0.0072 m/s, Fx=0.04 N, contact=True
[sac_runtime_controller-7] [INFO] [1786613726.844713172] [rl_hole_search_controller]: SEARCHING: dx=0.0006 m, depth=0.0007 m, YZ=(-0.4365, 0.5707) m, YZ_ref=(-0.4322, 0.5690) m, center_error_YZ_mm=(2.244, 1.551), vx=0.0056 m/s, Fx=0.22 N, contact=True
[sac_runtime_controller-7] [INFO] [1786613727.857873461] [rl_hole_search_controller]: SEARCHING: dx=0.0007 m, depth=0.0008 m, YZ=(-0.4387, 0.5741) m, YZ_ref=(-0.4321, 0.5689) m, center_error_YZ_mm=(0.020, 4.903), vx=0.0033 m/s, Fx=0.16 N, contact=True
[sac_runtime_controller-7] [INFO] [1786613728.886444858] [rl_hole_search_controller]: SEARCHING: dx=0.0009 m, depth=0.0010 m, YZ=(-0.4369, 0.5716) m, YZ_ref=(-0.4321, 0.5690) m, center_error_YZ_mm=(1.910, 2.434), vx=0.0006 m/s, Fx=-0.02 N, contact=True
[sac_runtime_controller-7] [INFO] [1786613729.919114778] [rl_hole_search_controller]: SEARCHING: dx=0.0013 m, depth=0.0014 m, YZ=(-0.4299, 0.5660) m, YZ_ref=(-0.4321, 0.5691) m, center_error_YZ_mm=(8.832, -3.136), vx=0.0062 m/s, Fx=-0.49 N, contact=True
[sac_runtime_controller-7] [INFO] [1786613730.977059938] [rl_hole_search_controller]: SEARCHING: dx=0.0009 m, depth=0.0010 m, YZ=(-0.4325, 0.5684) m, YZ_ref=(-0.4319, 0.5690) m, center_error_YZ_mm=(6.262, -0.805), vx=-0.0003 m/s, Fx=-0.03 N, contact=True
[sac_runtime_controller-7] [INFO] [1786613732.020542022] [rl_hole_search_controller]: SEARCHING: dx=0.0005 m, depth=0.0006 m, YZ=(-0.4376, 0.5729) m, YZ_ref=(-0.4319, 0.5691) m, center_error_YZ_mm=(1.212, 3.732), vx=0.0013 m/s, Fx=0.38 N, contact=True
[sac_runtime_controller-7] [INFO] [1786613733.082828328] [rl_hole_search_controller]: SEARCHING: dx=0.0003 m, depth=0.0004 m, YZ=(-0.4369, 0.5718) m, YZ_ref=(-0.4319, 0.5691) m, center_error_YZ_mm=(1.831, 2.611), vx=-0.0011 m/s, Fx=0.59 N, contact=True
[sac_runtime_controller-7] [INFO] [1786613734.145129148] [rl_hole_search_controller]: SEARCHING: dx=0.0007 m, depth=0.0008 m, YZ=(-0.4350, 0.5705) m, YZ_ref=(-0.4318, 0.5690) m, center_error_YZ_mm=(3.809, 1.271), vx=-0.0038 m/s, Fx=0.24 N, contact=True
[sac_runtime_controller-7] [INFO] [1786613735.192906882] [rl_hole_search_controller]: SEARCHING: dx=0.0008 m, depth=0.0009 m, YZ=(-0.4314, 0.5674) m, YZ_ref=(-0.4318, 0.5690) m, center_error_YZ_mm=(7.341, -1.825), vx=0.0008 m/s, Fx=0.11 N, contact=True
[sac_runtime_controller-7] [INFO] [1786613736.221224144] [rl_hole_search_controller]: SEARCHING: dx=0.0000 m, depth=0.0001 m, YZ=(-0.4411, 0.5742) m, YZ_ref=(-0.4319, 0.5692) m, center_error_YZ_mm=(-2.335, 5.005), vx=-0.0128 m/s, Fx=0.89 N, contact=True
[sac_runtime_controller-7] [INFO] [1786613737.252622229] [rl_hole_search_controller]: SEARCHING: dx=0.0008 m, depth=0.0009 m, YZ=(-0.4373, 0.5721) m, YZ_ref=(-0.4319, 0.5692) m, center_error_YZ_mm=(1.455, 2.941), vx=0.0042 m/s, Fx=-0.01 N, contact=True
[sac_runtime_controller-7] [INFO] [1786613738.269764977] [rl_hole_search_controller]: SEARCHING: dx=0.0005 m, depth=0.0006 m, YZ=(-0.4376, 0.5714) m, YZ_ref=(-0.4319, 0.5691) m, center_error_YZ_mm=(1.121, 2.193), vx=-0.0026 m/s, Fx=0.45 N, contact=True
[sac_runtime_controller-7] [INFO] [1786613739.317985590] [rl_hole_search_controller]: SEARCHING: dx=0.0008 m, depth=0.0009 m, YZ=(-0.4314, 0.5667) m, YZ_ref=(-0.4318, 0.5690) m, center_error_YZ_mm=(7.369, -2.514), vx=-0.0019 m/s, Fx=0.10 N, contact=True
[sac_runtime_controller-7] [INFO] [1786613740.428126736] [rl_hole_search_controller]: SEARCHING: dx=0.0006 m, depth=0.0007 m, YZ=(-0.4326, 0.5670) m, YZ_ref=(-0.4318, 0.5692) m, center_error_YZ_mm=(6.154, -2.183), vx=-0.0409 m/s, Fx=0.33 N, contact=True
[sac_runtime_controller-7] [INFO] [1786613740.633027652] [rl_hole_search_controller]: FAULT: search timeout
[sac_runtime_controller-7] [INFO] [1786613740.636590192] [rl_hole_search_controller]: RESETTING episode=9, dataset_index=494, offset_yz_mm=(2.841, 1.536)
[sac_runtime_controller-7] [INFO] [1786613740.638016350] [rl_hole_search_controller]: RESETTING: joint_error=0.0295 rad, joint_velocity=0.1874 rad/s
[sac_runtime_controller-7] [INFO] [1786613740.788130003] [rl_hole_search_controller]: RESETTING: 固定外边界板面及真实深方孔已重建，WORLD_HOLE_XYZ=(0.33220, -0.43228, 0.57050) m, HOLE_YZ_ref=(-0.4323, 0.5705) m
[sac_runtime_controller-7] [INFO] [1786613741.445794918] [rl_hole_search_controller]: RESET complete; starting original HOLDING state
[sac_runtime_controller-7] [INFO] [1786613741.447778679] [rl_hole_search_controller]: HOLDING: center=[ 0.32375335 -0.43634263  0.57138536]
[sac_runtime_controller-7] [INFO] [1786613741.449795843] [rl_hole_search_controller]: HOLDING: reset tool tilt=0.01 deg
[sac_runtime_controller-7] [INFO] [1786613741.501189177] [rl_hole_search_controller]: HOLDING: dx=-0.0002 m, depth=-0.0001 m, YZ=(-0.4357, 0.5704) m, YZ_ref=(-0.4363, 0.5714) m, center_error_YZ_mm=(-3.432, -0.046), vx=0.0035 m/s, Fx=-0.07 N, contact=True
[sac_runtime_controller-7] [INFO] [1786613742.531249412] [rl_hole_search_controller]: HOLDING: dx=-0.0004 m, depth=-0.0004 m, YZ=(-0.4389, 0.5742) m, YZ_ref=(-0.4363, 0.5714) m, center_error_YZ_mm=(-6.593, 3.694), vx=0.0023 m/s, Fx=0.00 N, contact=False
[sac_runtime_controller-7] [INFO] [1786613743.564048498] [rl_hole_search_controller]: HOLDING: dx=-0.0007 m, depth=-0.0006 m, YZ=(-0.4399, 0.5743) m, YZ_ref=(-0.4363, 0.5714) m, center_error_YZ_mm=(-7.616, 3.805), vx=0.0040 m/s, Fx=0.00 N, contact=False
[sac_runtime_controller-7] [INFO] [1786613744.588892646] [rl_hole_search_controller]: HOLDING: dx=-0.0008 m, depth=-0.0007 m, YZ=(-0.4398, 0.5727) m, YZ_ref=(-0.4363, 0.5714) m, center_error_YZ_mm=(-7.518, 2.208), vx=-0.0089 m/s, Fx=0.00 N, contact=False
[sac_runtime_controller-7] [INFO] [1786613745.679810435] [rl_hole_search_controller]: HOLDING: dx=-0.0002 m, depth=-0.0001 m, YZ=(-0.4367, 0.5709) m, YZ_ref=(-0.4363, 0.5714) m, center_error_YZ_mm=(-4.453, 0.455), vx=-0.0107 m/s, Fx=0.00 N, contact=True
[sac_runtime_controller-7] [INFO] [1786613746.646107017] [rl_hole_search_controller]: APPROACHING: ramping world-X contact force
[sac_runtime_controller-7] [INFO] [1786613746.700923209] [rl_hole_search_controller]: APPROACHING: dx=-0.0004 m, depth=-0.0003 m, YZ=(-0.4353, 0.5693) m, YZ_ref=(-0.4363, 0.5714) m, center_error_YZ_mm=(-2.980, -1.191), vx=-0.0038 m/s, Fx=0.05 N, contact=False
[sac_runtime_controller-7] [INFO] [1786613747.731120402] [rl_hole_search_controller]: APPROACHING: dx=0.0005 m, depth=0.0005 m, YZ=(-0.4367, 0.5713) m, YZ_ref=(-0.4363, 0.5714) m, center_error_YZ_mm=(-4.384, 0.802), vx=-0.0037 m/s, Fx=0.46 N, contact=True
[sac_runtime_controller-7] [INFO] [1786613747.885267756] [rl_hole_search_controller]: SEARCHING: contact at X=0.3238; YZ spiral started
[sac_runtime_controller-7] [INFO] [1786613748.756052216] [rl_hole_search_controller]: SEARCHING: dx=0.0006 m, depth=0.0007 m, YZ=(-0.4396, 0.5762) m, YZ_ref=(-0.4399, 0.5733) m, center_error_YZ_mm=(-7.282, 5.734), vx=0.0048 m/s, Fx=0.22 N, contact=True
[sac_runtime_controller-7] [INFO] [1786613749.801974583] [rl_hole_search_controller]: SEARCHING: dx=0.0005 m, depth=0.0005 m, YZ=(-0.4377, 0.5728) m, YZ_ref=(-0.4399, 0.5734) m, center_error_YZ_mm=(-5.422, 2.272), vx=0.0032 m/s, Fx=0.39 N, contact=True
[sac_runtime_controller-7] [INFO] [1786613750.695350435] [rl_hole_search_controller]: INSERTING: hole alignment/entry detected at 0.0014 m; centering YZ and inserting to 0.0170 m
[sac_runtime_controller-7] [INFO] [1786613750.696545343] [rl_hole_search_controller]: INSERTING handoff: HOLE_YZ_ref=(-0.4323, 0.5705) m, tool_YZ=(-0.4328, 0.5710) m, center_error_YZ_mm=(-0.470, 0.484), tool_tilt=0.60 deg
[sac_runtime_controller-7] [INFO] [1786613750.874813452] [rl_hole_search_controller]: INSERTING: dx=0.0015 m, depth=0.0015 m, YZ=(-0.4328, 0.5704) m, YZ_ref=(-0.4323, 0.5705) m, center_error_YZ_mm=(-0.551, -0.064), vx=-0.0003 m/s, Fx=1.16 N, contact=False
[sac_runtime_controller-7] [INFO] [1786613751.930432357] [rl_hole_search_controller]: INSERTING: dx=0.0042 m, depth=0.0043 m, YZ=(-0.4327, 0.5712) m, YZ_ref=(-0.4323, 0.5705) m, center_error_YZ_mm=(-0.378, 0.667), vx=-0.0000 m/s, Fx=1.20 N, contact=False
[sac_runtime_controller-7] [INFO] [1786613752.960749121] [rl_hole_search_controller]: INSERTING: dx=0.0064 m, depth=0.0065 m, YZ=(-0.4320, 0.5708) m, YZ_ref=(-0.4323, 0.5705) m, center_error_YZ_mm=(0.232, 0.296), vx=0.0025 m/s, Fx=1.17 N, contact=False
[sac_runtime_controller-7] [INFO] [1786613753.995091795] [rl_hole_search_controller]: INSERTING: dx=0.0089 m, depth=0.0089 m, YZ=(-0.4311, 0.5702) m, YZ_ref=(-0.4323, 0.5705) m, center_error_YZ_mm=(1.140, -0.289), vx=-0.0079 m/s, Fx=1.18 N, contact=False
[sac_runtime_controller-7] [INFO] [1786613755.023683771] [rl_hole_search_controller]: INSERTING: dx=0.0105 m, depth=0.0106 m, YZ=(-0.4310, 0.5706) m, YZ_ref=(-0.4323, 0.5705) m, center_error_YZ_mm=(1.320, 0.105), vx=0.0050 m/s, Fx=1.18 N, contact=False
[sac_runtime_controller-7] [INFO] [1786613756.048709594] [rl_hole_search_controller]: INSERTING: dx=0.0122 m, depth=0.0123 m, YZ=(-0.4318, 0.5706) m, YZ_ref=(-0.4323, 0.5705) m, center_error_YZ_mm=(0.506, 0.138), vx=0.0003 m/s, Fx=1.16 N, contact=False
[sac_runtime_controller-7] [INFO] [1786613757.082814622] [rl_hole_search_controller]: INSERTING: dx=0.0143 m, depth=0.0144 m, YZ=(-0.4317, 0.5711) m, YZ_ref=(-0.4323, 0.5705) m, center_error_YZ_mm=(0.564, 0.561), vx=-0.0014 m/s, Fx=1.18 N, contact=False
[sac_runtime_controller-7] [INFO] [1786613758.130924799] [rl_hole_search_controller]: INSERTING: dx=0.0159 m, depth=0.0159 m, YZ=(-0.4304, 0.5708) m, YZ_ref=(-0.4323, 0.5705) m, center_error_YZ_mm=(1.868, 0.353), vx=0.0028 m/s, Fx=0.73 N, contact=False
[sac_runtime_controller-7] [INFO] [1786613759.161740066] [rl_hole_search_controller]: INSERTING: dx=0.0164 m, depth=0.0164 m, YZ=(-0.4317, 0.5712) m, YZ_ref=(-0.4323, 0.5705) m, center_error_YZ_mm=(0.596, 0.674), vx=0.0018 m/s, Fx=0.56 N, contact=False
[sac_runtime_controller-7] [INFO] [1786613760.190268798] [rl_hole_search_controller]: INSERTING: dx=0.0164 m, depth=0.0165 m, YZ=(-0.4317, 0.5711) m, YZ_ref=(-0.4323, 0.5705) m, center_error_YZ_mm=(0.579, 0.612), vx=0.0073 m/s, Fx=0.44 N, contact=False
[sac_runtime_controller-7] [INFO] [1786613761.217276528] [rl_hole_search_controller]: INSERTING: dx=0.0167 m, depth=0.0168 m, YZ=(-0.4320, 0.5708) m, YZ_ref=(-0.4323, 0.5705) m, center_error_YZ_mm=(0.293, 0.355), vx=0.0071 m/s, Fx=0.36 N, contact=False
[sac_runtime_controller-7] [INFO] [1786613762.251995080] [rl_hole_search_controller]: INSERTING: dx=0.0168 m, depth=0.0169 m, YZ=(-0.4320, 0.5706) m, YZ_ref=(-0.4323, 0.5705) m, center_error_YZ_mm=(0.286, 0.115), vx=0.0102 m/s, Fx=0.15 N, contact=False
[sac_runtime_controller-7] [INFO] [1786613762.716553068] [rl_hole_search_controller]: INSERT_HOLDING: target depth confirmed at 0.0171 m; joint velocity=0.051 rad/s; tool velocity=0.005 m/s; captured current joints and starting MIT-equivalent hold
[sac_runtime_controller-7] [INFO] [1786613763.286732708] [rl_hole_search_controller]: INSERT_HOLDING: MIT joint lock, dx=0.0171 m, depth=0.0171 m, YZ=(-0.4323, 0.5705) m, ramp=1.00, q_error_max=0.0003 rad, dq_max=0.0004 rad/s, tau_max=0.00 Nm, hold_force_max=0.03 N, tip_centered_YZ=True, contact=False
[sac_runtime_controller-7] [INFO] [1786613764.511178664] [rl_hole_search_controller]: INSERT_HOLDING: MIT joint lock, dx=0.0171 m, depth=0.0171 m, YZ=(-0.4323, 0.5705) m, ramp=1.00, q_error_max=0.0003 rad, dq_max=0.0000 rad/s, tau_max=0.00 Nm, hold_force_max=0.03 N, tip_centered_YZ=True, contact=False
[sac_runtime_controller-7] [INFO] [1786613764.994711315] [rl_hole_search_controller]: INSERT_HOLDING complete: physical geometry confirmed; depth=0.0171 m, tip_error_YZ_mm=(-0.028, -0.023), entry_error_YZ_mm=(-0.115, 0.126), tilt=0.58 deg; Episode is an assembly success
[sac_runtime_controller-7] [INFO] [1786613765.047272780] [rl_hole_search_controller]: RESETTING episode=10, dataset_index=773, offset_yz_mm=(0.357, -0.602)
[sac_runtime_controller-7] [INFO] [1786613765.049752339] [rl_hole_search_controller]: RESETTING: joint_error=0.1539 rad, joint_velocity=0.0002 rad/s
[sac_runtime_controller-7] [INFO] [1786613765.462129147] [rl_hole_search_controller]: RESETTING: 固定外边界板面及真实深方孔已重建，WORLD_HOLE_XYZ=(0.33220, -0.43639, 0.57155) m, HOLE_YZ_ref=(-0.4364, 0.5715) m
[sac_runtime_controller-7] [INFO] [1786613765.869192262] [rl_hole_search_controller]: RESET complete; starting original HOLDING state
[sac_runtime_controller-7] [INFO] [1786613765.872147826] [rl_hole_search_controller]: HOLDING: center=[ 0.32378522 -0.43635154  0.57139122]
[sac_runtime_controller-7] [INFO] [1786613765.873618063] [rl_hole_search_controller]: HOLDING: dx=0.0000 m, depth=0.0001 m, YZ=(-0.4364, 0.5714) m, YZ_ref=(-0.4364, 0.5714) m, center_error_YZ_mm=(0.039, -0.158), vx=-0.0003 m/s, Fx=0.00 N, contact=False
[sac_runtime_controller-7] [INFO] [1786613765.875996698] [rl_hole_search_controller]: HOLDING: reset tool tilt=0.01 deg
[sac_runtime_controller-7] [INFO] [1786613766.914845887] [rl_hole_search_controller]: HOLDING: dx=0.0003 m, depth=0.0004 m, YZ=(-0.4309, 0.5683) m, YZ_ref=(-0.4364, 0.5714) m, center_error_YZ_mm=(5.474, -3.267), vx=0.0155 m/s, Fx=-0.69 N, contact=True
[sac_runtime_controller-7] [INFO] [1786613767.955799201] [rl_hole_search_controller]: HOLDING: dx=-0.0002 m, depth=-0.0001 m, YZ=(-0.4333, 0.5689) m, YZ_ref=(-0.4364, 0.5714) m, center_error_YZ_mm=(3.097, -2.625), vx=0.0072 m/s, Fx=-0.14 N, contact=True
[sac_runtime_controller-7] [INFO] [1786613769.096324284] [rl_hole_search_controller]: HOLDING: dx=-0.0009 m, depth=-0.0008 m, YZ=(-0.4395, 0.5735) m, YZ_ref=(-0.4364, 0.5714) m, center_error_YZ_mm=(-3.139, 1.924), vx=0.0022 m/s, Fx=0.00 N, contact=False
[sac_runtime_controller-7] [INFO] [1786613770.155316584] [rl_hole_search_controller]: HOLDING: dx=-0.0004 m, depth=-0.0003 m, YZ=(-0.4368, 0.5703) m, YZ_ref=(-0.4364, 0.5714) m, center_error_YZ_mm=(-0.424, -1.257), vx=-0.0015 m/s, Fx=0.00 N, contact=False
[sac_runtime_controller-7] [INFO] [1786613771.240546343] [rl_hole_search_controller]: APPROACHING: ramping world-X contact force
[sac_runtime_controller-7] [INFO] [1786613771.241175967] [rl_hole_search_controller]: APPROACHING: dx=-0.0010 m, depth=-0.0009 m, YZ=(-0.4398, 0.5718) m, YZ_ref=(-0.4364, 0.5714) m, center_error_YZ_mm=(-3.400, 0.298), vx=-0.0049 m/s, Fx=0.00 N, contact=False
[sac_runtime_controller-7] [INFO] [1786613772.315744611] [rl_hole_search_controller]: APPROACHING: dx=0.0000 m, depth=0.0001 m, YZ=(-0.4408, 0.5752) m, YZ_ref=(-0.4364, 0.5714) m, center_error_YZ_mm=(-4.402, 3.680), vx=0.0122 m/s, Fx=0.64 N, contact=True
[sac_runtime_controller-7] [INFO] [1786613772.521524996] [rl_hole_search_controller]: SEARCHING: contact at X=0.3243; YZ spiral started
[sac_runtime_controller-7] [INFO] [1786613773.266634298] [rl_hole_search_controller]: INSERTING: hole alignment/entry detected at 0.0010 m; centering YZ and inserting to 0.0170 m
[sac_runtime_controller-7] [INFO] [1786613773.268525616] [rl_hole_search_controller]: INSERTING handoff: HOLE_YZ_ref=(-0.4364, 0.5715) m, tool_YZ=(-0.4368, 0.5711) m, center_error_YZ_mm=(-0.375, -0.406), tool_tilt=0.53 deg
[sac_runtime_controller-7] [INFO] [1786613773.351929121] [rl_hole_search_controller]: INSERTING: dx=0.0012 m, depth=0.0013 m, YZ=(-0.4357, 0.5717) m, YZ_ref=(-0.4364, 0.5715) m, center_error_YZ_mm=(0.686, 0.200), vx=0.0177 m/s, Fx=1.11 N, contact=False
[sac_runtime_controller-7] [INFO] [1786613774.415537350] [rl_hole_search_controller]: INSERTING: dx=0.0037 m, depth=0.0037 m, YZ=(-0.4352, 0.5716) m, YZ_ref=(-0.4364, 0.5715) m, center_error_YZ_mm=(1.224, 0.020), vx=0.0046 m/s, Fx=1.18 N, contact=False
[sac_runtime_controller-7] [INFO] [1786613775.454090977] [rl_hole_search_controller]: INSERTING: dx=0.0051 m, depth=0.0052 m, YZ=(-0.4365, 0.5726) m, YZ_ref=(-0.4364, 0.5715) m, center_error_YZ_mm=(-0.087, 1.087), vx=0.0035 m/s, Fx=1.18 N, contact=False
[sac_runtime_controller-7] [INFO] [1786613776.487426872] [rl_hole_search_controller]: INSERTING: dx=0.0070 m, depth=0.0071 m, YZ=(-0.4362, 0.5721) m, YZ_ref=(-0.4364, 0.5715) m, center_error_YZ_mm=(0.201, 0.517), vx=-0.0032 m/s, Fx=1.20 N, contact=False
[sac_runtime_controller-7] [INFO] [1786613777.534300611] [rl_hole_search_controller]: INSERTING: dx=0.0092 m, depth=0.0093 m, YZ=(-0.4350, 0.5714) m, YZ_ref=(-0.4364, 0.5715) m, center_error_YZ_mm=(1.415, -0.117), vx=0.0047 m/s, Fx=1.16 N, contact=False
[sac_runtime_controller-7] [INFO] [1786613778.584975098] [rl_hole_search_controller]: INSERTING: dx=0.0109 m, depth=0.0110 m, YZ=(-0.4359, 0.5717) m, YZ_ref=(-0.4364, 0.5715) m, center_error_YZ_mm=(0.528, 0.136), vx=-0.0072 m/s, Fx=1.20 N, contact=False
[sac_runtime_controller-7] [INFO] [1786613779.642810951] [rl_hole_search_controller]: INSERTING: dx=0.0129 m, depth=0.0130 m, YZ=(-0.4351, 0.5718) m, YZ_ref=(-0.4364, 0.5715) m, center_error_YZ_mm=(1.252, 0.298), vx=0.0043 m/s, Fx=1.16 N, contact=False
[sac_runtime_controller-7] [INFO] [1786613780.686390862] [rl_hole_search_controller]: INSERTING: dx=0.0147 m, depth=0.0148 m, YZ=(-0.4356, 0.5722) m, YZ_ref=(-0.4364, 0.5715) m, center_error_YZ_mm=(0.779, 0.693), vx=-0.0022 m/s, Fx=1.15 N, contact=False
[sac_runtime_controller-7] [INFO] [1786613781.710063925] [rl_hole_search_controller]: INSERTING: dx=0.0158 m, depth=0.0159 m, YZ=(-0.4366, 0.5722) m, YZ_ref=(-0.4364, 0.5715) m, center_error_YZ_mm=(-0.176, 0.647), vx=0.0010 m/s, Fx=0.85 N, contact=False
[sac_runtime_controller-7] [INFO] [1786613782.752030322] [rl_hole_search_controller]: INSERTING: dx=0.0165 m, depth=0.0166 m, YZ=(-0.4359, 0.5714) m, YZ_ref=(-0.4364, 0.5715) m, center_error_YZ_mm=(0.467, -0.174), vx=-0.0091 m/s, Fx=0.41 N, contact=False
[sac_runtime_controller-7] [INFO] [1786613783.775340036] [rl_hole_search_controller]: INSERTING: dx=0.0166 m, depth=0.0167 m, YZ=(-0.4365, 0.5719) m, YZ_ref=(-0.4364, 0.5715) m, center_error_YZ_mm=(-0.102, 0.314), vx=0.0011 m/s, Fx=0.40 N, contact=False
[sac_runtime_controller-7] [INFO] [1786613784.676131979] [rl_hole_search_controller]: INSERT_HOLDING: target depth confirmed at 0.0171 m; joint velocity=0.108 rad/s; tool velocity=0.005 m/s; captured current joints and starting MIT-equivalent hold
[sac_runtime_controller-7] [INFO] [1786613784.805239013] [rl_hole_search_controller]: INSERT_HOLDING: MIT joint lock, dx=0.0168 m, depth=0.0169 m, YZ=(-0.4364, 0.5716) m, ramp=0.42, q_error_max=0.0152 rad, dq_max=0.0454 rad/s, tau_max=0.11 Nm, hold_force_max=0.06 N, tip_centered_YZ=True, contact=False
[sac_runtime_controller-7] [INFO] [1786613785.818911613] [rl_hole_search_controller]: INSERT_HOLDING: MIT joint lock, dx=0.0169 m, depth=0.0170 m, YZ=(-0.4363, 0.5716) m, ramp=1.00, q_error_max=0.0008 rad, dq_max=0.0001 rad/s, tau_max=0.00 Nm, hold_force_max=0.08 N, tip_centered_YZ=True, contact=False
[sac_runtime_controller-7] [INFO] [1786613786.713076377] [rl_hole_search_controller]: INSERT_HOLDING complete: physical geometry confirmed; depth=0.0170 m, tip_error_YZ_mm=(0.087, 0.016), entry_error_YZ_mm=(0.307, 0.091), tilt=0.79 deg; Episode is an assembly success
[sac_runtime_controller-7] [INFO] [1786613786.762257669] [rl_hole_search_controller]: RESETTING episode=11, dataset_index=391, offset_yz_mm=(-0.918, -1.827)
[sac_runtime_controller-7] [INFO] [1786613786.763985769] [rl_hole_search_controller]: RESETTING: joint_error=0.1630 rad, joint_velocity=0.0005 rad/s
[sac_runtime_controller-7] [INFO] [1786613787.135941002] [rl_hole_search_controller]: RESETTING: 固定外边界板面及真实深方孔已重建，WORLD_HOLE_XYZ=(0.33220, -0.43775, 0.57027) m, HOLE_YZ_ref=(-0.4377, 0.5703) m
[sac_runtime_controller-7] [INFO] [1786613787.544036295] [rl_hole_search_controller]: RESET complete; starting original HOLDING state
[sac_runtime_controller-7] [INFO] [1786613787.546966538] [rl_hole_search_controller]: HOLDING: center=[ 0.32378773 -0.43635898  0.57139527]
[sac_runtime_controller-7] [INFO] [1786613787.547848813] [rl_hole_search_controller]: HOLDING: dx=0.0000 m, depth=0.0001 m, YZ=(-0.4364, 0.5714) m, YZ_ref=(-0.4364, 0.5714) m, center_error_YZ_mm=(1.389, 1.127), vx=-0.0003 m/s, Fx=-0.09 N, contact=True
[sac_runtime_controller-7] [INFO] [1786613787.549140093] [rl_hole_search_controller]: HOLDING: reset tool tilt=0.01 deg
[sac_runtime_controller-7] [INFO] [1786613788.564066649] [rl_hole_search_controller]: HOLDING: dx=-0.0001 m, depth=0.0000 m, YZ=(-0.4352, 0.5712) m, YZ_ref=(-0.4364, 0.5714) m, center_error_YZ_mm=(2.517, 0.924), vx=0.0042 m/s, Fx=-0.09 N, contact=True
[sac_runtime_controller-7] [INFO] [1786613789.583269761] [rl_hole_search_controller]: HOLDING: dx=0.0002 m, depth=0.0003 m, YZ=(-0.4323, 0.5695) m, YZ_ref=(-0.4364, 0.5714) m, center_error_YZ_mm=(5.452, -0.814), vx=0.0101 m/s, Fx=-0.49 N, contact=True
[sac_runtime_controller-7] [INFO] [1786613790.615706092] [rl_hole_search_controller]: HOLDING: dx=-0.0007 m, depth=-0.0006 m, YZ=(-0.4378, 0.5710) m, YZ_ref=(-0.4364, 0.5714) m, center_error_YZ_mm=(-0.035, 0.701), vx=-0.0075 m/s, Fx=0.00 N, contact=False
[sac_runtime_controller-7] [INFO] [1786613791.670177968] [rl_hole_search_controller]: HOLDING: dx=0.0002 m, depth=0.0003 m, YZ=(-0.4288, 0.5656) m, YZ_ref=(-0.4364, 0.5714) m, center_error_YZ_mm=(8.928, -4.636), vx=0.0020 m/s, Fx=-0.31 N, contact=True
[sac_runtime_controller-7] [INFO] [1786613792.737116682] [rl_hole_search_controller]: APPROACHING: ramping world-X contact force
[sac_runtime_controller-7] [INFO] [1786613792.737985336] [rl_hole_search_controller]: APPROACHING: dx=0.0005 m, depth=0.0005 m, YZ=(-0.4285, 0.5668) m, YZ_ref=(-0.4364, 0.5714) m, center_error_YZ_mm=(9.209, -3.454), vx=0.0038 m/s, Fx=-0.62 N, contact=True
[sac_runtime_controller-7] [INFO] [1786613793.753743988] [rl_hole_search_controller]: APPROACHING: dx=-0.0002 m, depth=-0.0001 m, YZ=(-0.4354, 0.5710) m, YZ_ref=(-0.4364, 0.5714) m, center_error_YZ_mm=(2.319, 0.731), vx=-0.0062 m/s, Fx=1.00 N, contact=True
[sac_runtime_controller-7] [INFO] [1786613794.135281663] [rl_hole_search_controller]: SEARCHING: contact at X=0.3241; YZ spiral started
[sac_runtime_controller-7] [INFO] [1786613794.775082538] [rl_hole_search_controller]: SEARCHING: dx=0.0003 m, depth=0.0004 m, YZ=(-0.4394, 0.5743) m, YZ_ref=(-0.4357, 0.5706) m, center_error_YZ_mm=(-1.629, 4.033), vx=0.0126 m/s, Fx=0.32 N, contact=True
[sac_runtime_controller-7] [INFO] [1786613795.812098952] [rl_hole_search_controller]: SEARCHING: dx=0.0008 m, depth=0.0009 m, YZ=(-0.4359, 0.5715) m, YZ_ref=(-0.4356, 0.5706) m, center_error_YZ_mm=(1.847, 1.267), vx=0.0052 m/s, Fx=0.02 N, contact=True
[sac_runtime_controller-7] [INFO] [1786613796.828998197] [rl_hole_search_controller]: SEARCHING: dx=0.0003 m, depth=0.0004 m, YZ=(-0.4404, 0.5751) m, YZ_ref=(-0.4357, 0.5708) m, center_error_YZ_mm=(-2.628, 4.859), vx=0.0029 m/s, Fx=0.58 N, contact=True
[sac_runtime_controller-7] [INFO] [1786613797.854988705] [rl_hole_search_controller]: SEARCHING: dx=0.0005 m, depth=0.0006 m, YZ=(-0.4395, 0.5745) m, YZ_ref=(-0.4356, 0.5706) m, center_error_YZ_mm=(-1.713, 4.241), vx=0.0010 m/s, Fx=0.35 N, contact=True
[sac_runtime_controller-7] [INFO] [1786613798.875121964] [rl_hole_search_controller]: SEARCHING: dx=0.0008 m, depth=0.0009 m, YZ=(-0.4385, 0.5733) m, YZ_ref=(-0.4358, 0.5707) m, center_error_YZ_mm=(-0.733, 3.070), vx=-0.0059 m/s, Fx=0.11 N, contact=True
[sac_runtime_controller-7] [INFO] [1786613799.887412882] [rl_hole_search_controller]: SEARCHING: dx=0.0005 m, depth=0.0006 m, YZ=(-0.4380, 0.5728) m, YZ_ref=(-0.4359, 0.5706) m, center_error_YZ_mm=(-0.268, 2.521), vx=0.0008 m/s, Fx=0.38 N, contact=True
[sac_runtime_controller-7] [INFO] [1786613800.918634079] [rl_hole_search_controller]: SEARCHING: dx=0.0008 m, depth=0.0009 m, YZ=(-0.4338, 0.5704) m, YZ_ref=(-0.4359, 0.5705) m, center_error_YZ_mm=(3.900, 0.124), vx=0.0013 m/s, Fx=0.04 N, contact=True
[sac_runtime_controller-7] [INFO] [1786613802.015011492] [rl_hole_search_controller]: SEARCHING: dx=0.0006 m, depth=0.0007 m, YZ=(-0.4363, 0.5707) m, YZ_ref=(-0.4359, 0.5705) m, center_error_YZ_mm=(1.419, 0.463), vx=-0.0094 m/s, Fx=0.34 N, contact=True
[sac_runtime_controller-7] [INFO] [1786613803.061806221] [rl_hole_search_controller]: SEARCHING: dx=0.0003 m, depth=0.0004 m, YZ=(-0.4367, 0.5704) m, YZ_ref=(-0.4359, 0.5705) m, center_error_YZ_mm=(1.067, 0.112), vx=-0.0030 m/s, Fx=0.58 N, contact=True
[sac_runtime_controller-7] [INFO] [1786613804.146993914] [rl_hole_search_controller]: SEARCHING: dx=0.0009 m, depth=0.0010 m, YZ=(-0.4376, 0.5726) m, YZ_ref=(-0.4360, 0.5705) m, center_error_YZ_mm=(0.176, 2.353), vx=-0.0016 m/s, Fx=0.03 N, contact=True
[sac_runtime_controller-7] [INFO] [1786613805.235942000] [rl_hole_search_controller]: SEARCHING: dx=0.0009 m, depth=0.0010 m, YZ=(-0.4363, 0.5714) m, YZ_ref=(-0.4360, 0.5705) m, center_error_YZ_mm=(1.490, 1.106), vx=0.0028 m/s, Fx=-0.02 N, contact=True
[sac_runtime_controller-7] [INFO] [1786613806.334583664] [rl_hole_search_controller]: SEARCHING: dx=0.0010 m, depth=0.0011 m, YZ=(-0.4374, 0.5745) m, YZ_ref=(-0.4360, 0.5704) m, center_error_YZ_mm=(0.394, 4.233), vx=-0.0273 m/s, Fx=-0.11 N, contact=True
[sac_runtime_controller-7] [INFO] [1786613807.344592080] [rl_hole_search_controller]: SEARCHING: dx=0.0004 m, depth=0.0005 m, YZ=(-0.4373, 0.5714) m, YZ_ref=(-0.4360, 0.5706) m, center_error_YZ_mm=(0.443, 1.082), vx=-0.0022 m/s, Fx=0.53 N, contact=True
[sac_runtime_controller-7] [INFO] [1786613808.365683120] [rl_hole_search_controller]: SEARCHING: dx=0.0013 m, depth=0.0014 m, YZ=(-0.4329, 0.5691) m, YZ_ref=(-0.4362, 0.5705) m, center_error_YZ_mm=(4.848, -1.178), vx=-0.0075 m/s, Fx=-0.38 N, contact=True
[sac_runtime_controller-7] [INFO] [1786613809.383572510] [rl_hole_search_controller]: SEARCHING: dx=0.0004 m, depth=0.0005 m, YZ=(-0.4351, 0.5703) m, YZ_ref=(-0.4363, 0.5705) m, center_error_YZ_mm=(2.687, 0.049), vx=0.0167 m/s, Fx=0.17 N, contact=True
[sac_runtime_controller-7] [INFO] [1786613810.418240811] [rl_hole_search_controller]: SEARCHING: dx=0.0005 m, depth=0.0006 m, YZ=(-0.4376, 0.5730) m, YZ_ref=(-0.4363, 0.5704) m, center_error_YZ_mm=(0.123, 2.776), vx=-0.0038 m/s, Fx=0.45 N, contact=True
[sac_runtime_controller-7] [INFO] [1786613811.485457566] [rl_hole_search_controller]: SEARCHING: dx=0.0010 m, depth=0.0011 m, YZ=(-0.4335, 0.5685) m, YZ_ref=(-0.4364, 0.5703) m, center_error_YZ_mm=(4.274, -1.731), vx=0.0019 m/s, Fx=-0.12 N, contact=True
[sac_runtime_controller-7] [INFO] [1786613811.812197274] [rl_hole_search_controller]: INSERTING: hole alignment/entry detected at 0.0004 m; centering YZ and inserting to 0.0170 m
[sac_runtime_controller-7] [INFO] [1786613811.814299790] [rl_hole_search_controller]: INSERTING handoff: HOLE_YZ_ref=(-0.4377, 0.5703) m, tool_YZ=(-0.4373, 0.5704) m, center_error_YZ_mm=(0.429, 0.131), tool_tilt=0.75 deg
[sac_runtime_controller-7] [INFO] [1786613812.569865037] [rl_hole_search_controller]: INSERTING: dx=0.0015 m, depth=0.0016 m, YZ=(-0.4374, 0.5707) m, YZ_ref=(-0.4377, 0.5703) m, center_error_YZ_mm=(0.380, 0.460), vx=0.0021 m/s, Fx=1.17 N, contact=False
[sac_runtime_controller-7] [INFO] [1786613813.610645787] [rl_hole_search_controller]: INSERTING: dx=0.0039 m, depth=0.0040 m, YZ=(-0.4364, 0.5701) m, YZ_ref=(-0.4377, 0.5703) m, center_error_YZ_mm=(1.318, -0.190), vx=0.0001 m/s, Fx=1.17 N, contact=False
[sac_runtime_controller-7] [INFO] [1786613814.650982454] [rl_hole_search_controller]: INSERTING: dx=0.0053 m, depth=0.0054 m, YZ=(-0.4370, 0.5710) m, YZ_ref=(-0.4377, 0.5703) m, center_error_YZ_mm=(0.701, 0.746), vx=0.0179 m/s, Fx=1.17 N, contact=False
[sac_runtime_controller-7] [INFO] [1786613815.734199615] [rl_hole_search_controller]: INSERTING: dx=0.0072 m, depth=0.0073 m, YZ=(-0.4376, 0.5707) m, YZ_ref=(-0.4377, 0.5703) m, center_error_YZ_mm=(0.192, 0.419), vx=-0.0142 m/s, Fx=1.22 N, contact=False
[sac_runtime_controller-7] [INFO] [1786613816.784241290] [rl_hole_search_controller]: INSERTING: dx=0.0088 m, depth=0.0089 m, YZ=(-0.4371, 0.5712) m, YZ_ref=(-0.4377, 0.5703) m, center_error_YZ_mm=(0.633, 0.937), vx=0.0033 m/s, Fx=1.19 N, contact=False
[sac_runtime_controller-7] [INFO] [1786613817.870065325] [rl_hole_search_controller]: INSERTING: dx=0.0098 m, depth=0.0099 m, YZ=(-0.4384, 0.5708) m, YZ_ref=(-0.4377, 0.5703) m, center_error_YZ_mm=(-0.624, 0.506), vx=-0.0009 m/s, Fx=1.19 N, contact=False
[sac_runtime_controller-7] [INFO] [1786613818.926671536] [rl_hole_search_controller]: INSERTING: dx=0.0125 m, depth=0.0126 m, YZ=(-0.4367, 0.5702) m, YZ_ref=(-0.4377, 0.5703) m, center_error_YZ_mm=(1.045, -0.114), vx=-0.0047 m/s, Fx=1.18 N, contact=False
[sac_runtime_controller-7] [INFO] [1786613819.966890828] [rl_hole_search_controller]: INSERTING: dx=0.0145 m, depth=0.0146 m, YZ=(-0.4364, 0.5700) m, YZ_ref=(-0.4377, 0.5703) m, center_error_YZ_mm=(1.358, -0.246), vx=0.0001 m/s, Fx=1.17 N, contact=False
[sac_runtime_controller-7] [INFO] [1786613820.990231358] [rl_hole_search_controller]: INSERTING: dx=0.0159 m, depth=0.0160 m, YZ=(-0.4369, 0.5707) m, YZ_ref=(-0.4377, 0.5703) m, center_error_YZ_mm=(0.807, 0.448), vx=-0.0018 m/s, Fx=0.76 N, contact=False
[sac_runtime_controller-7] [INFO] [1786613822.025594892] [rl_hole_search_controller]: INSERTING: dx=0.0166 m, depth=0.0166 m, YZ=(-0.4375, 0.5705) m, YZ_ref=(-0.4377, 0.5703) m, center_error_YZ_mm=(0.265, 0.246), vx=-0.0049 m/s, Fx=0.42 N, contact=False
[sac_runtime_controller-7] [INFO] [1786613823.081788704] [rl_hole_search_controller]: INSERTING: dx=0.0169 m, depth=0.0170 m, YZ=(-0.4367, 0.5702) m, YZ_ref=(-0.4377, 0.5703) m, center_error_YZ_mm=(1.052, -0.085), vx=0.0062 m/s, Fx=0.12 N, contact=False
[sac_runtime_controller-7] [INFO] [1786613824.143936474] [rl_hole_search_controller]: INSERTING: dx=0.0168 m, depth=0.0169 m, YZ=(-0.4377, 0.5702) m, YZ_ref=(-0.4377, 0.5703) m, center_error_YZ_mm=(0.078, -0.074), vx=-0.0038 m/s, Fx=0.35 N, contact=False
[sac_runtime_controller-7] [INFO] [1786613824.935268765] [rl_hole_search_controller]: INSERT_HOLDING: target depth confirmed at 0.0171 m; joint velocity=0.229 rad/s; tool velocity=0.007 m/s; captured current joints and starting MIT-equivalent hold
[sac_runtime_controller-7] [INFO] [1786613825.191063717] [rl_hole_search_controller]: INSERT_HOLDING: MIT joint lock, dx=0.0168 m, depth=0.0169 m, YZ=(-0.4377, 0.5703) m, ramp=0.80, q_error_max=0.0119 rad, dq_max=0.0786 rad/s, tau_max=0.15 Nm, hold_force_max=0.06 N, tip_centered_YZ=True, contact=False
[sac_runtime_controller-7] [INFO] [1786613826.253432388] [rl_hole_search_controller]: INSERT_HOLDING: MIT joint lock, dx=0.0169 m, depth=0.0170 m, YZ=(-0.4377, 0.5703) m, ramp=1.00, q_error_max=0.0008 rad, dq_max=0.0000 rad/s, tau_max=0.00 Nm, hold_force_max=0.08 N, tip_centered_YZ=True, contact=False
[sac_runtime_controller-7] [INFO] [1786613827.104229765] [rl_hole_search_controller]: INSERT_HOLDING complete: physical geometry confirmed; depth=0.0170 m, tip_error_YZ_mm=(0.088, 0.023), entry_error_YZ_mm=(0.262, 0.031), tilt=0.59 deg; Episode is an assembly success
[sac_runtime_controller-7] [INFO] [1786613827.142875863] [rl_hole_search_controller]: RESETTING episode=12, dataset_index=687, offset_yz_mm=(-1.915, 0.112)
[sac_runtime_controller-7] [INFO] [1786613827.144201778] [rl_hole_search_controller]: RESETTING: joint_error=0.1707 rad, joint_velocity=0.0005 rad/s
[sac_runtime_controller-7] [INFO] [1786613827.570356690] [rl_hole_search_controller]: RESETTING: 固定外边界板面及真实深方孔已重建，WORLD_HOLE_XYZ=(0.33220, -0.43871, 0.57244) m, HOLE_YZ_ref=(-0.4387, 0.5724) m
[sac_runtime_controller-7] [INFO] [1786613828.002658116] [rl_hole_search_controller]: RESET complete; starting original HOLDING state
[sac_runtime_controller-7] [INFO] [1786613828.006849444] [rl_hole_search_controller]: HOLDING: center=[ 0.32378666 -0.43634257  0.57139123]
[sac_runtime_controller-7] [INFO] [1786613828.008047349] [rl_hole_search_controller]: HOLDING: dx=0.0000 m, depth=0.0001 m, YZ=(-0.4363, 0.5714) m, YZ_ref=(-0.4363, 0.5714) m, center_error_YZ_mm=(2.365, -1.045), vx=-0.0003 m/s, Fx=-0.09 N, contact=True
[sac_runtime_controller-7] [INFO] [1786613828.009914111] [rl_hole_search_controller]: HOLDING: reset tool tilt=0.00 deg
[sac_runtime_controller-7] [INFO] [1786613829.128875453] [rl_hole_search_controller]: HOLDING: dx=-0.0009 m, depth=-0.0008 m, YZ=(-0.4394, 0.5724) m, YZ_ref=(-0.4363, 0.5714) m, center_error_YZ_mm=(-0.732, -0.020), vx=-0.0034 m/s, Fx=0.00 N, contact=False
[sac_runtime_controller-7] [INFO] [1786613830.303516634] [rl_hole_search_controller]: HOLDING: dx=0.0002 m, depth=0.0003 m, YZ=(-0.4354, 0.5704) m, YZ_ref=(-0.4363, 0.5714) m, center_error_YZ_mm=(3.298, -2.046), vx=-0.0043 m/s, Fx=-0.25 N, contact=True
[sac_runtime_controller-7] [INFO] [1786613831.533719083] [rl_hole_search_controller]: HOLDING: dx=-0.0002 m, depth=-0.0001 m, YZ=(-0.4336, 0.5672) m, YZ_ref=(-0.4363, 0.5714) m, center_error_YZ_mm=(5.098, -5.271), vx=-0.0007 m/s, Fx=0.00 N, contact=True
[sac_runtime_controller-7] [INFO] [1786613832.726270218] [rl_hole_search_controller]: HOLDING: dx=-0.0004 m, depth=-0.0003 m, YZ=(-0.4340, 0.5689) m, YZ_ref=(-0.4363, 0.5714) m, center_error_YZ_mm=(4.677, -3.560), vx=0.0178 m/s, Fx=0.00 N, contact=False
[sac_runtime_controller-7] [INFO] [1786613833.810465974] [rl_hole_search_controller]: APPROACHING: ramping world-X contact force
[sac_runtime_controller-7] [INFO] [1786613833.814073133] [rl_hole_search_controller]: APPROACHING: dx=-0.0003 m, depth=-0.0002 m, YZ=(-0.4360, 0.5716) m, YZ_ref=(-0.4363, 0.5714) m, center_error_YZ_mm=(2.752, -0.842), vx=0.0001 m/s, Fx=0.00 N, contact=True
[sac_runtime_controller-7] [INFO] [1786613834.929166591] [rl_hole_search_controller]: APPROACHING: dx=0.0004 m, depth=0.0005 m, YZ=(-0.4382, 0.5750) m, YZ_ref=(-0.4363, 0.5714) m, center_error_YZ_mm=(0.506, 2.530), vx=-0.0045 m/s, Fx=0.48 N, contact=True
[sac_runtime_controller-7] [INFO] [1786613835.161018106] [rl_hole_search_controller]: SEARCHING: contact at X=0.3247; YZ spiral started
[sac_runtime_controller-7] [INFO] [1786613835.981960862] [rl_hole_search_controller]: SEARCHING: dx=0.0011 m, depth=0.0011 m, YZ=(-0.4335, 0.5708) m, YZ_ref=(-0.4362, 0.5738) m, center_error_YZ_mm=(5.213, -1.666), vx=0.0104 m/s, Fx=-0.35 N, contact=True
[sac_runtime_controller-7] [INFO] [1786613837.016189366] [rl_hole_search_controller]: SEARCHING: dx=0.0011 m, depth=0.0012 m, YZ=(-0.4326, 0.5708) m, YZ_ref=(-0.4362, 0.5739) m, center_error_YZ_mm=(6.108, -1.628), vx=0.0012 m/s, Fx=-0.22 N, contact=True
[sac_runtime_controller-7] [INFO] [1786613838.056028952] [rl_hole_search_controller]: SEARCHING: dx=0.0008 m, depth=0.0008 m, YZ=(-0.4352, 0.5717) m, YZ_ref=(-0.4362, 0.5740) m, center_error_YZ_mm=(3.457, -0.782), vx=0.0042 m/s, Fx=0.07 N, contact=True
[sac_runtime_controller-7] [INFO] [1786613839.103081041] [rl_hole_search_controller]: SEARCHING: dx=0.0010 m, depth=0.0010 m, YZ=(-0.4312, 0.5692) m, YZ_ref=(-0.4363, 0.5739) m, center_error_YZ_mm=(7.532, -3.236), vx=-0.0173 m/s, Fx=-0.04 N, contact=True
[sac_runtime_controller-7] [INFO] [1786613840.115908998] [rl_hole_search_controller]: SEARCHING: dx=0.0006 m, depth=0.0007 m, YZ=(-0.4337, 0.5699) m, YZ_ref=(-0.4361, 0.5739) m, center_error_YZ_mm=(5.049, -2.552), vx=0.0055 m/s, Fx=0.18 N, contact=True
[sac_runtime_controller-7] [INFO] [1786613841.126520556] [rl_hole_search_controller]: SEARCHING: dx=0.0001 m, depth=0.0002 m, YZ=(-0.4363, 0.5725) m, YZ_ref=(-0.4361, 0.5740) m, center_error_YZ_mm=(2.398, 0.106), vx=0.0091 m/s, Fx=0.58 N, contact=True
[sac_runtime_controller-7] [INFO] [1786613842.134110797] [rl_hole_search_controller]: SEARCHING: dx=0.0013 m, depth=0.0014 m, YZ=(-0.4329, 0.5726) m, YZ_ref=(-0.4360, 0.5739) m, center_error_YZ_mm=(5.789, 0.159), vx=0.0137 m/s, Fx=-0.67 N, contact=True
[sac_runtime_controller-7] [INFO] [1786613843.146288292] [rl_hole_search_controller]: SEARCHING: dx=0.0014 m, depth=0.0015 m, YZ=(-0.4297, 0.5715) m, YZ_ref=(-0.4359, 0.5738) m, center_error_YZ_mm=(9.012, -0.978), vx=0.0009 m/s, Fx=-0.52 N, contact=True
[sac_runtime_controller-7] [INFO] [1786613844.164813992] [rl_hole_search_controller]: SEARCHING: dx=0.0004 m, depth=0.0005 m, YZ=(-0.4366, 0.5735) m, YZ_ref=(-0.4358, 0.5738) m, center_error_YZ_mm=(2.061, 1.095), vx=0.0068 m/s, Fx=0.33 N, contact=True
[sac_runtime_controller-7] [INFO] [1786613845.192852356] [rl_hole_search_controller]: SEARCHING: dx=0.0005 m, depth=0.0005 m, YZ=(-0.4360, 0.5720) m, YZ_ref=(-0.4357, 0.5737) m, center_error_YZ_mm=(2.663, -0.437), vx=0.0101 m/s, Fx=0.25 N, contact=True
[sac_runtime_controller-7] [INFO] [1786613846.208057487] [rl_hole_search_controller]: SEARCHING: dx=0.0009 m, depth=0.0010 m, YZ=(-0.4366, 0.5730) m, YZ_ref=(-0.4357, 0.5737) m, center_error_YZ_mm=(2.127, 0.537), vx=0.0068 m/s, Fx=-0.09 N, contact=True
[sac_runtime_controller-7] [INFO] [1786613847.222594535] [rl_hole_search_controller]: SEARCHING: dx=0.0005 m, depth=0.0006 m, YZ=(-0.4373, 0.5739) m, YZ_ref=(-0.4358, 0.5738) m, center_error_YZ_mm=(1.454, 1.435), vx=-0.0074 m/s, Fx=0.38 N, contact=True
[sac_runtime_controller-7] [INFO] [1786613848.257473980] [rl_hole_search_controller]: SEARCHING: dx=0.0013 m, depth=0.0013 m, YZ=(-0.4323, 0.5714) m, YZ_ref=(-0.4358, 0.5739) m, center_error_YZ_mm=(6.389, -1.040), vx=0.0043 m/s, Fx=-0.43 N, contact=True
[sac_runtime_controller-7] [INFO] [1786613849.270006511] [rl_hole_search_controller]: SEARCHING: dx=0.0012 m, depth=0.0013 m, YZ=(-0.4278, 0.5692) m, YZ_ref=(-0.4359, 0.5738) m, center_error_YZ_mm=(10.939, -3.247), vx=0.0110 m/s, Fx=-0.53 N, contact=True
[sac_runtime_controller-7] [INFO] [1786613850.295156832] [rl_hole_search_controller]: SEARCHING: dx=0.0008 m, depth=0.0009 m, YZ=(-0.4262, 0.5686) m, YZ_ref=(-0.4357, 0.5739) m, center_error_YZ_mm=(12.472, -3.835), vx=-0.0111 m/s, Fx=0.14 N, contact=True
[sac_runtime_controller-7] [INFO] [1786613851.316722321] [rl_hole_search_controller]: SEARCHING: dx=0.0002 m, depth=0.0003 m, YZ=(-0.4333, 0.5718) m, YZ_ref=(-0.4358, 0.5739) m, center_error_YZ_mm=(5.433, -0.608), vx=-0.0007 m/s, Fx=0.73 N, contact=True
[sac_runtime_controller-7] [INFO] [1786613852.335880118] [rl_hole_search_controller]: SEARCHING: dx=-0.0001 m, depth=-0.0001 m, YZ=(-0.4376, 0.5740) m, YZ_ref=(-0.4358, 0.5740) m, center_error_YZ_mm=(1.087, 1.582), vx=0.0011 m/s, Fx=0.98 N, contact=True
[sac_runtime_controller-7] [INFO] [1786613853.344750346] [rl_hole_search_controller]: SEARCHING: dx=0.0006 m, depth=0.0007 m, YZ=(-0.4382, 0.5750) m, YZ_ref=(-0.4357, 0.5738) m, center_error_YZ_mm=(0.527, 2.535), vx=-0.0089 m/s, Fx=0.34 N, contact=True
[sac_runtime_controller-7] [INFO] [1786613854.382125794] [rl_hole_search_controller]: SEARCHING: dx=0.0004 m, depth=0.0005 m, YZ=(-0.4401, 0.5755) m, YZ_ref=(-0.4355, 0.5738) m, center_error_YZ_mm=(-1.360, 3.102), vx=0.0022 m/s, Fx=0.45 N, contact=True
[sac_runtime_controller-7] [INFO] [1786613855.422140626] [rl_hole_search_controller]: SEARCHING: dx=0.0012 m, depth=0.0013 m, YZ=(-0.4331, 0.5713) m, YZ_ref=(-0.4356, 0.5738) m, center_error_YZ_mm=(5.649, -1.179), vx=-0.0028 m/s, Fx=-0.32 N, contact=True
[sac_runtime_controller-7] [INFO] [1786613856.430482152] [rl_hole_search_controller]: SEARCHING: dx=0.0007 m, depth=0.0008 m, YZ=(-0.4371, 0.5747) m, YZ_ref=(-0.4355, 0.5738) m, center_error_YZ_mm=(1.588, 2.298), vx=0.0044 m/s, Fx=0.14 N, contact=True
[sac_runtime_controller-7] [INFO] [1786613857.449819674] [rl_hole_search_controller]: SEARCHING: dx=0.0005 m, depth=0.0006 m, YZ=(-0.4380, 0.5745) m, YZ_ref=(-0.4356, 0.5738) m, center_error_YZ_mm=(0.715, 2.073), vx=0.0063 m/s, Fx=0.32 N, contact=True
[sac_runtime_controller-7] [INFO] [1786613858.468578249] [rl_hole_search_controller]: SEARCHING: dx=0.0013 m, depth=0.0014 m, YZ=(-0.4313, 0.5702) m, YZ_ref=(-0.4354, 0.5739) m, center_error_YZ_mm=(7.431, -2.194), vx=-0.0024 m/s, Fx=-0.37 N, contact=True
[sac_runtime_controller-7] [INFO] [1786613859.489770444] [rl_hole_search_controller]: SEARCHING: dx=0.0006 m, depth=0.0006 m, YZ=(-0.4367, 0.5724) m, YZ_ref=(-0.4354, 0.5740) m, center_error_YZ_mm=(1.994, -0.052), vx=0.0018 m/s, Fx=0.32 N, contact=True
[sac_runtime_controller-7] [INFO] [1786613860.532934892] [rl_hole_search_controller]: SEARCHING: dx=0.0006 m, depth=0.0007 m, YZ=(-0.4417, 0.5793) m, YZ_ref=(-0.4353, 0.5740) m, center_error_YZ_mm=(-2.986, 6.890), vx=0.0186 m/s, Fx=-0.02 N, contact=True
[sac_runtime_controller-7] [INFO] [1786613861.581342137] [rl_hole_search_controller]: SEARCHING: dx=0.0005 m, depth=0.0006 m, YZ=(-0.4421, 0.5802) m, YZ_ref=(-0.4354, 0.5740) m, center_error_YZ_mm=(-3.354, 7.742), vx=-0.0027 m/s, Fx=0.41 N, contact=True
[sac_runtime_controller-7] [INFO] [1786613862.610683975] [rl_hole_search_controller]: SEARCHING: dx=0.0008 m, depth=0.0009 m, YZ=(-0.4394, 0.5764) m, YZ_ref=(-0.4356, 0.5741) m, center_error_YZ_mm=(-0.689, 4.003), vx=0.0027 m/s, Fx=0.04 N, contact=True
[sac_runtime_controller-7] [INFO] [1786613863.692038690] [rl_hole_search_controller]: SEARCHING: dx=0.0012 m, depth=0.0013 m, YZ=(-0.4371, 0.5744) m, YZ_ref=(-0.4355, 0.5740) m, center_error_YZ_mm=(1.612, 2.014), vx=-0.0015 m/s, Fx=-0.27 N, contact=True
[sac_runtime_controller-7] [INFO] [1786613864.767192313] [rl_hole_search_controller]: SEARCHING: dx=0.0006 m, depth=0.0007 m, YZ=(-0.4403, 0.5783) m, YZ_ref=(-0.4356, 0.5739) m, center_error_YZ_mm=(-1.640, 5.882), vx=0.0167 m/s, Fx=-0.07 N, contact=True
[sac_runtime_controller-7] [INFO] [1786613865.355336798] [rl_hole_search_controller]: INSERTING: hole alignment/entry detected at 0.0011 m; centering YZ and inserting to 0.0170 m
[sac_runtime_controller-7] [INFO] [1786613865.359049227] [rl_hole_search_controller]: INSERTING handoff: HOLE_YZ_ref=(-0.4387, 0.5724) m, tool_YZ=(-0.4389, 0.5728) m, center_error_YZ_mm=(-0.231, 0.410), tool_tilt=1.41 deg
[sac_runtime_controller-7] [INFO] [1786613865.884245536] [rl_hole_search_controller]: INSERTING: dx=0.0021 m, depth=0.0022 m, YZ=(-0.4378, 0.5728) m, YZ_ref=(-0.4387, 0.5724) m, center_error_YZ_mm=(0.920, 0.327), vx=-0.0018 m/s, Fx=1.20 N, contact=False
[sac_runtime_controller-7] [INFO] [1786613866.965509356] [rl_hole_search_controller]: INSERTING: dx=0.0038 m, depth=0.0039 m, YZ=(-0.4392, 0.5741) m, YZ_ref=(-0.4387, 0.5724) m, center_error_YZ_mm=(-0.474, 1.648), vx=0.0049 m/s, Fx=1.20 N, contact=False
[sac_runtime_controller-7] [INFO] [1786613868.077699628] [rl_hole_search_controller]: INSERTING: dx=0.0059 m, depth=0.0060 m, YZ=(-0.4379, 0.5731) m, YZ_ref=(-0.4387, 0.5724) m, center_error_YZ_mm=(0.855, 0.616), vx=0.0151 m/s, Fx=1.16 N, contact=False
[sac_runtime_controller-7] [INFO] [1786613869.230932251] [rl_hole_search_controller]: INSERTING: dx=0.0077 m, depth=0.0077 m, YZ=(-0.4380, 0.5725) m, YZ_ref=(-0.4387, 0.5724) m, center_error_YZ_mm=(0.694, 0.082), vx=-0.0023 m/s, Fx=1.17 N, contact=False
[sac_runtime_controller-7] [INFO] [1786613870.476485675] [rl_hole_search_controller]: INSERTING: dx=0.0092 m, depth=0.0093 m, YZ=(-0.4375, 0.5723) m, YZ_ref=(-0.4387, 0.5724) m, center_error_YZ_mm=(1.211, -0.098), vx=-0.0029 m/s, Fx=1.20 N, contact=False
[sac_runtime_controller-7] [INFO] [1786613871.560910931] [rl_hole_search_controller]: INSERTING: dx=0.0109 m, depth=0.0110 m, YZ=(-0.4378, 0.5731) m, YZ_ref=(-0.4387, 0.5724) m, center_error_YZ_mm=(0.950, 0.628), vx=0.0021 m/s, Fx=1.18 N, contact=False
[sac_runtime_controller-7] [INFO] [1786613872.670325210] [rl_hole_search_controller]: INSERTING: dx=0.0122 m, depth=0.0123 m, YZ=(-0.4388, 0.5726) m, YZ_ref=(-0.4387, 0.5724) m, center_error_YZ_mm=(-0.047, 0.182), vx=-0.0416 m/s, Fx=1.24 N, contact=False
[sac_runtime_controller-7] [INFO] [1786613873.700095879] [rl_hole_search_controller]: INSERTING: dx=0.0153 m, depth=0.0154 m, YZ=(-0.4384, 0.5729) m, YZ_ref=(-0.4387, 0.5724) m, center_error_YZ_mm=(0.261, 0.514), vx=-0.0069 m/s, Fx=1.18 N, contact=False
[sac_runtime_controller-7] [INFO] [1786613874.738762760] [rl_hole_search_controller]: INSERTING: dx=0.0161 m, depth=0.0162 m, YZ=(-0.4383, 0.5736) m, YZ_ref=(-0.4387, 0.5724) m, center_error_YZ_mm=(0.358, 1.198), vx=0.0022 m/s, Fx=0.71 N, contact=False
[sac_runtime_controller-7] [INFO] [1786613875.782081927] [rl_hole_search_controller]: INSERTING: dx=0.0166 m, depth=0.0167 m, YZ=(-0.4387, 0.5730) m, YZ_ref=(-0.4387, 0.5724) m, center_error_YZ_mm=(-0.018, 0.523), vx=-0.0090 m/s, Fx=0.40 N, contact=False
[sac_runtime_controller-7] [INFO] [1786613876.899921284] [rl_hole_search_controller]: INSERTING: dx=0.0166 m, depth=0.0167 m, YZ=(-0.4387, 0.5728) m, YZ_ref=(-0.4387, 0.5724) m, center_error_YZ_mm=(-0.037, 0.382), vx=0.0027 m/s, Fx=0.36 N, contact=False
[sac_runtime_controller-7] [INFO] [1786613877.497848815] [rl_hole_search_controller]: INSERT_HOLDING: target depth confirmed at 0.0173 m; joint velocity=0.278 rad/s; tool velocity=0.005 m/s; captured current joints and starting MIT-equivalent hold
[sac_runtime_controller-7] [INFO] [1786613877.946044010] [rl_hole_search_controller]: INSERT_HOLDING: MIT joint lock, dx=0.0171 m, depth=0.0172 m, YZ=(-0.4387, 0.5725) m, ramp=1.00, q_error_max=0.0011 rad, dq_max=0.0109 rad/s, tau_max=0.02 Nm, hold_force_max=0.04 N, tip_centered_YZ=True, contact=False
[sac_runtime_controller-7] [INFO] [1786613878.954995164] [rl_hole_search_controller]: INSERT_HOLDING: MIT joint lock, dx=0.0171 m, depth=0.0172 m, YZ=(-0.4387, 0.5725) m, ramp=1.00, q_error_max=0.0004 rad, dq_max=0.0000 rad/s, tau_max=0.00 Nm, hold_force_max=0.04 N, tip_centered_YZ=True, contact=False
[sac_runtime_controller-7] [WARN] [1786613879.514250378] [rl_hole_search_controller]: INSERT_HOLDING failed physical geometry check: depth=0.0172 m, tip_error_YZ_mm=(0.005, 0.026), entry_error_YZ_mm=(0.787, -0.798), tilt=3.78 deg; Episode will reset
[sac_runtime_controller-7] [INFO] [1786613879.547789870] [rl_hole_search_controller]: RESETTING episode=13, dataset_index=269, offset_yz_mm=(0.452, -2.506)
[sac_runtime_controller-7] [INFO] [1786613879.549301156] [rl_hole_search_controller]: RESETTING: joint_error=0.2282 rad, joint_velocity=0.0002 rad/s
[sac_runtime_controller-7] [INFO] [1786613879.972626230] [rl_hole_search_controller]: RESETTING: 固定外边界板面及真实深方孔已重建，WORLD_HOLE_XYZ=(0.33220, -0.43676, 0.57009) m, HOLE_YZ_ref=(-0.4368, 0.5701) m
[sac_runtime_controller-7] [INFO] [1786613880.346064729] [rl_hole_search_controller]: RESET complete; starting original HOLDING state
[sac_runtime_controller-7] [INFO] [1786613880.348726651] [rl_hole_search_controller]: HOLDING: center=[ 0.3237864  -0.43637024  0.57137897]
[sac_runtime_controller-7] [INFO] [1786613880.349710283] [rl_hole_search_controller]: HOLDING: dx=0.0000 m, depth=0.0001 m, YZ=(-0.4364, 0.5714) m, YZ_ref=(-0.4364, 0.5714) m, center_error_YZ_mm=(0.388, 1.294), vx=-0.0003 m/s, Fx=-0.09 N, contact=True
[sac_runtime_controller-7] [INFO] [1786613880.351575674] [rl_hole_search_controller]: HOLDING: reset tool tilt=0.02 deg
[sac_runtime_controller-7] [INFO] [1786613881.380577036] [rl_hole_search_controller]: HOLDING: dx=-0.0005 m, depth=-0.0004 m, YZ=(-0.4374, 0.5708) m, YZ_ref=(-0.4364, 0.5714) m, center_error_YZ_mm=(-0.616, 0.758), vx=0.0030 m/s, Fx=0.00 N, contact=False
[sac_runtime_controller-7] [INFO] [1786613882.386959444] [rl_hole_search_controller]: HOLDING: dx=-0.0005 m, depth=-0.0004 m, YZ=(-0.4362, 0.5697) m, YZ_ref=(-0.4364, 0.5714) m, center_error_YZ_mm=(0.605, -0.430), vx=-0.0037 m/s, Fx=0.00 N, contact=False
[sac_runtime_controller-7] [INFO] [1786613883.406759452] [rl_hole_search_controller]: HOLDING: dx=0.0001 m, depth=0.0002 m, YZ=(-0.4340, 0.5695) m, YZ_ref=(-0.4364, 0.5714) m, center_error_YZ_mm=(2.746, -0.545), vx=-0.0025 m/s, Fx=-0.21 N, contact=True
[sac_runtime_controller-7] [INFO] [1786613884.422035320] [rl_hole_search_controller]: HOLDING: dx=-0.0003 m, depth=-0.0002 m, YZ=(-0.4358, 0.5703) m, YZ_ref=(-0.4364, 0.5714) m, center_error_YZ_mm=(0.993, 0.186), vx=-0.0076 m/s, Fx=0.00 N, contact=False
[sac_runtime_controller-7] [INFO] [1786613885.456827193] [rl_hole_search_controller]: APPROACHING: ramping world-X contact force
[sac_runtime_controller-7] [INFO] [1786613885.463687930] [rl_hole_search_controller]: APPROACHING: dx=-0.0012 m, depth=-0.0011 m, YZ=(-0.4415, 0.5746) m, YZ_ref=(-0.4364, 0.5714) m, center_error_YZ_mm=(-4.764, 4.495), vx=-0.0088 m/s, Fx=0.00 N, contact=False
[sac_runtime_controller-7] [INFO] [1786613886.503824717] [rl_hole_search_controller]: APPROACHING: dx=-0.0001 m, depth=-0.0001 m, YZ=(-0.4423, 0.5783) m, YZ_ref=(-0.4364, 0.5714) m, center_error_YZ_mm=(-5.514, 8.166), vx=0.0109 m/s, Fx=0.78 N, contact=True
[sac_runtime_controller-7] [INFO] [1786613886.722220549] [rl_hole_search_controller]: SEARCHING: contact at X=0.3242; YZ spiral started
[sac_runtime_controller-7] [INFO] [1786613887.521081441] [rl_hole_search_controller]: SEARCHING: dx=0.0003 m, depth=0.0004 m, YZ=(-0.4424, 0.5787) m, YZ_ref=(-0.4409, 0.5769) m, center_error_YZ_mm=(-5.621, 8.622), vx=-0.0027 m/s, Fx=0.64 N, contact=True
[sac_runtime_controller-7] [INFO] [1786613888.535472809] [rl_hole_search_controller]: SEARCHING: dx=0.0006 m, depth=0.0007 m, YZ=(-0.4402, 0.5768) m, YZ_ref=(-0.4408, 0.5771) m, center_error_YZ_mm=(-3.428, 6.721), vx=0.0049 m/s, Fx=0.19 N, contact=True
[sac_runtime_controller-7] [INFO] [1786613889.571743974] [rl_hole_search_controller]: SEARCHING: dx=0.0005 m, depth=0.0006 m, YZ=(-0.4418, 0.5792) m, YZ_ref=(-0.4407, 0.5769) m, center_error_YZ_mm=(-5.057, 9.111), vx=-0.0185 m/s, Fx=0.41 N, contact=True
[sac_runtime_controller-7] [INFO] [1786613890.640389677] [rl_hole_search_controller]: SEARCHING: dx=0.0009 m, depth=0.0010 m, YZ=(-0.4414, 0.5792) m, YZ_ref=(-0.4407, 0.5770) m, center_error_YZ_mm=(-4.640, 9.087), vx=0.0057 m/s, Fx=-0.07 N, contact=True
[sac_runtime_controller-7] [INFO] [1786613891.702113164] [rl_hole_search_controller]: SEARCHING: dx=0.0013 m, depth=0.0014 m, YZ=(-0.4347, 0.5709) m, YZ_ref=(-0.4407, 0.5770) m, center_error_YZ_mm=(2.046, 0.800), vx=-0.0001 m/s, Fx=-0.35 N, contact=True
[sac_runtime_controller-7] [INFO] [1786613892.756083978] [rl_hole_search_controller]: SEARCHING: dx=0.0010 m, depth=0.0011 m, YZ=(-0.4327, 0.5720) m, YZ_ref=(-0.4407, 0.5772) m, center_error_YZ_mm=(4.076, 1.952), vx=0.0021 m/s, Fx=-0.13 N, contact=True
[sac_runtime_controller-7] [INFO] [1786613893.812707893] [rl_hole_search_controller]: SEARCHING: dx=0.0006 m, depth=0.0007 m, YZ=(-0.4377, 0.5750) m, YZ_ref=(-0.4407, 0.5772) m, center_error_YZ_mm=(-0.971, 4.888), vx=-0.0035 m/s, Fx=0.33 N, contact=True
[sac_runtime_controller-7] [INFO] [1786613894.860290700] [rl_hole_search_controller]: SEARCHING: dx=0.0008 m, depth=0.0009 m, YZ=(-0.4353, 0.5728) m, YZ_ref=(-0.4406, 0.5772) m, center_error_YZ_mm=(1.465, 2.765), vx=-0.0083 m/s, Fx=0.08 N, contact=True
[sac_runtime_controller-7] [INFO] [1786613895.888091272] [rl_hole_search_controller]: SEARCHING: dx=0.0009 m, depth=0.0010 m, YZ=(-0.4321, 0.5706) m, YZ_ref=(-0.4404, 0.5772) m, center_error_YZ_mm=(4.656, 0.496), vx=-0.0097 m/s, Fx=0.02 N, contact=True
[sac_runtime_controller-7] [INFO] [1786613896.913241145] [rl_hole_search_controller]: SEARCHING: dx=0.0011 m, depth=0.0012 m, YZ=(-0.4280, 0.5693) m, YZ_ref=(-0.4403, 0.5772) m, center_error_YZ_mm=(8.776, -0.806), vx=0.0013 m/s, Fx=-0.25 N, contact=True
[sac_runtime_controller-7] [INFO] [1786613897.937931721] [rl_hole_search_controller]: SEARCHING: dx=0.0008 m, depth=0.0009 m, YZ=(-0.4347, 0.5736) m, YZ_ref=(-0.4404, 0.5772) m, center_error_YZ_mm=(2.054, 3.535), vx=-0.0045 m/s, Fx=0.07 N, contact=True
[sac_runtime_controller-7] [INFO] [1786613898.960275828] [rl_hole_search_controller]: SEARCHING: dx=0.0010 m, depth=0.0011 m, YZ=(-0.4342, 0.5736) m, YZ_ref=(-0.4404, 0.5773) m, center_error_YZ_mm=(2.534, 3.467), vx=0.0046 m/s, Fx=-0.19 N, contact=True
[sac_runtime_controller-7] [INFO] [1786613899.999176367] [rl_hole_search_controller]: SEARCHING: dx=0.0007 m, depth=0.0008 m, YZ=(-0.4345, 0.5722) m, YZ_ref=(-0.4404, 0.5775) m, center_error_YZ_mm=(2.284, 2.147), vx=-0.0165 m/s, Fx=0.21 N, contact=True
[sac_runtime_controller-7] [INFO] [1786613901.016736192] [rl_hole_search_controller]: SEARCHING: dx=0.0001 m, depth=0.0002 m, YZ=(-0.4393, 0.5747) m, YZ_ref=(-0.4404, 0.5774) m, center_error_YZ_mm=(-2.562, 4.576), vx=-0.0176 m/s, Fx=0.80 N, contact=True
[sac_runtime_controller-7] [INFO] [1786613902.021701493] [rl_hole_search_controller]: SEARCHING: dx=0.0011 m, depth=0.0012 m, YZ=(-0.4369, 0.5748) m, YZ_ref=(-0.4405, 0.5773) m, center_error_YZ_mm=(-0.102, 4.756), vx=-0.0067 m/s, Fx=-0.17 N, contact=True
[sac_runtime_controller-7] [INFO] [1786613903.030627868] [rl_hole_search_controller]: SEARCHING: dx=0.0005 m, depth=0.0006 m, YZ=(-0.4391, 0.5751) m, YZ_ref=(-0.4404, 0.5773) m, center_error_YZ_mm=(-2.298, 5.016), vx=-0.0025 m/s, Fx=0.37 N, contact=True
[sac_runtime_controller-7] [INFO] [1786613904.042277149] [rl_hole_search_controller]: SEARCHING: dx=0.0009 m, depth=0.0010 m, YZ=(-0.4377, 0.5752) m, YZ_ref=(-0.4404, 0.5773) m, center_error_YZ_mm=(-0.929, 5.133), vx=0.0034 m/s, Fx=-0.09 N, contact=True
[sac_runtime_controller-7] [INFO] [1786613905.068253978] [rl_hole_search_controller]: SEARCHING: dx=-0.0000 m, depth=0.0000 m, YZ=(-0.4414, 0.5768) m, YZ_ref=(-0.4403, 0.5773) m, center_error_YZ_mm=(-4.627, 6.690), vx=0.0043 m/s, Fx=0.87 N, contact=True
[sac_runtime_controller-7] [INFO] [1786613906.100875825] [rl_hole_search_controller]: SEARCHING: dx=0.0011 m, depth=0.0012 m, YZ=(-0.4371, 0.5756) m, YZ_ref=(-0.4403, 0.5773) m, center_error_YZ_mm=(-0.348, 5.502), vx=0.0123 m/s, Fx=-0.45 N, contact=True
[sac_runtime_controller-7] [INFO] [1786613907.120084692] [rl_hole_search_controller]: SEARCHING: dx=0.0007 m, depth=0.0008 m, YZ=(-0.4377, 0.5746) m, YZ_ref=(-0.4403, 0.5773) m, center_error_YZ_mm=(-0.904, 4.530), vx=0.0126 m/s, Fx=-0.08 N, contact=True
[sac_runtime_controller-7] [INFO] [1786613908.144780515] [rl_hole_search_controller]: SEARCHING: dx=0.0004 m, depth=0.0005 m, YZ=(-0.4386, 0.5747) m, YZ_ref=(-0.4402, 0.5772) m, center_error_YZ_mm=(-1.835, 4.570), vx=-0.0006 m/s, Fx=0.48 N, contact=True
[sac_runtime_controller-7] [INFO] [1786613909.171918875] [rl_hole_search_controller]: SEARCHING: dx=0.0007 m, depth=0.0008 m, YZ=(-0.4389, 0.5774) m, YZ_ref=(-0.4401, 0.5771) m, center_error_YZ_mm=(-2.174, 7.304), vx=-0.0016 m/s, Fx=0.20 N, contact=True
[sac_runtime_controller-7] [INFO] [1786613910.211880339] [rl_hole_search_controller]: SEARCHING: dx=0.0007 m, depth=0.0008 m, YZ=(-0.4371, 0.5752) m, YZ_ref=(-0.4401, 0.5772) m, center_error_YZ_mm=(-0.330, 5.148), vx=0.0026 m/s, Fx=0.18 N, contact=True
[sac_runtime_controller-7] [INFO] [1786613911.242694773] [rl_hole_search_controller]: SEARCHING: dx=0.0005 m, depth=0.0006 m, YZ=(-0.4377, 0.5765) m, YZ_ref=(-0.4401, 0.5770) m, center_error_YZ_mm=(-0.914, 6.379), vx=-0.0057 m/s, Fx=0.43 N, contact=True
[sac_runtime_controller-7] [INFO] [1786613912.290126345] [rl_hole_search_controller]: SEARCHING: dx=0.0008 m, depth=0.0009 m, YZ=(-0.4380, 0.5750) m, YZ_ref=(-0.4403, 0.5769) m, center_error_YZ_mm=(-1.277, 4.915), vx=0.0061 m/s, Fx=-0.01 N, contact=True
[sac_runtime_controller-7] [INFO] [1786613913.321140400] [rl_hole_search_controller]: SEARCHING: dx=0.0004 m, depth=0.0005 m, YZ=(-0.4415, 0.5785) m, YZ_ref=(-0.4403, 0.5770) m, center_error_YZ_mm=(-4.710, 8.388), vx=-0.0027 m/s, Fx=0.49 N, contact=True
[sac_runtime_controller-7] [INFO] [1786613914.398003432] [rl_hole_search_controller]: SEARCHING: dx=0.0014 m, depth=0.0015 m, YZ=(-0.4335, 0.5729) m, YZ_ref=(-0.4402, 0.5768) m, center_error_YZ_mm=(3.263, 2.816), vx=0.0037 m/s, Fx=-0.58 N, contact=True
[sac_runtime_controller-7] [INFO] [1786613915.437907942] [rl_hole_search_controller]: SEARCHING: dx=0.0012 m, depth=0.0013 m, YZ=(-0.4356, 0.5732) m, YZ_ref=(-0.4402, 0.5768) m, center_error_YZ_mm=(1.199, 3.074), vx=0.0001 m/s, Fx=-0.32 N, contact=True
[sac_runtime_controller-7] [INFO] [1786613916.521325021] [rl_hole_search_controller]: SEARCHING: dx=0.0008 m, depth=0.0009 m, YZ=(-0.4385, 0.5745) m, YZ_ref=(-0.4400, 0.5769) m, center_error_YZ_mm=(-1.701, 4.387), vx=0.0045 m/s, Fx=0.05 N, contact=True
[sac_runtime_controller-7] [INFO] [1786613917.552863284] [rl_hole_search_controller]: SEARCHING: dx=0.0006 m, depth=0.0006 m, YZ=(-0.4365, 0.5725) m, YZ_ref=(-0.4400, 0.5769) m, center_error_YZ_mm=(0.297, 2.461), vx=-0.0114 m/s, Fx=0.36 N, contact=True
[sac_runtime_controller-7] [INFO] [1786613917.750805867] [rl_hole_search_controller]: FAULT: search timeout
[sac_runtime_controller-7] [INFO] [1786613917.767150480] [rl_hole_search_controller]: RESETTING episode=14, dataset_index=471, offset_yz_mm=(0.660, -2.604)
[sac_runtime_controller-7] [INFO] [1786613917.770737275] [rl_hole_search_controller]: RESETTING: waiting for old board deletion
[sac_runtime_controller-7] [INFO] [1786613917.775670003] [rl_hole_search_controller]: RESETTING: 固定外边界板面及真实深方孔已重建，WORLD_HOLE_XYZ=(0.33220, -0.43622, 0.57204) m, HOLE_YZ_ref=(-0.4362, 0.5720) m
[sac_runtime_controller-7] [INFO] [1786613918.572536338] [rl_hole_search_controller]: RESET complete; starting original HOLDING state
[sac_runtime_controller-7] [INFO] [1786613918.577527116] [rl_hole_search_controller]: HOLDING: center=[ 0.32375851 -0.43635776  0.57144124]
[sac_runtime_controller-7] [INFO] [1786613918.580155054] [rl_hole_search_controller]: HOLDING: reset tool tilt=0.00 deg
[sac_runtime_controller-7] [INFO] [1786613918.614109464] [rl_hole_search_controller]: HOLDING: dx=-0.0000 m, depth=0.0001 m, YZ=(-0.4364, 0.5714) m, YZ_ref=(-0.4364, 0.5714) m, center_error_YZ_mm=(-0.134, -0.589), vx=-0.0004 m/s, Fx=-0.05 N, contact=True
[sac_runtime_controller-7] [INFO] [1786613919.618635921] [rl_hole_search_controller]: HOLDING: dx=0.0004 m, depth=0.0004 m, YZ=(-0.4329, 0.5698) m, YZ_ref=(-0.4364, 0.5714) m, center_error_YZ_mm=(3.287, -2.205), vx=0.0016 m/s, Fx=-0.48 N, contact=True
[sac_runtime_controller-7] [INFO] [1786613920.632774716] [rl_hole_search_controller]: HOLDING: dx=-0.0002 m, depth=-0.0001 m, YZ=(-0.4356, 0.5706) m, YZ_ref=(-0.4364, 0.5714) m, center_error_YZ_mm=(0.607, -1.387), vx=-0.0078 m/s, Fx=0.00 N, contact=True
[sac_runtime_controller-7] [INFO] [1786613921.648142702] [rl_hole_search_controller]: HOLDING: dx=0.0000 m, depth=0.0001 m, YZ=(-0.4334, 0.5695) m, YZ_ref=(-0.4364, 0.5714) m, center_error_YZ_mm=(2.855, -2.528), vx=0.0017 m/s, Fx=-0.13 N, contact=True
[sac_runtime_controller-7] [INFO] [1786613922.679971820] [rl_hole_search_controller]: HOLDING: dx=0.0002 m, depth=0.0003 m, YZ=(-0.4336, 0.5709) m, YZ_ref=(-0.4364, 0.5714) m, center_error_YZ_mm=(2.583, -1.158), vx=-0.0026 m/s, Fx=-0.25 N, contact=True
[sac_runtime_controller-7] [INFO] [1786613923.689804210] [rl_hole_search_controller]: APPROACHING: ramping world-X contact force
[sac_runtime_controller-7] [INFO] [1786613923.733626920] [rl_hole_search_controller]: APPROACHING: dx=-0.0002 m, depth=-0.0002 m, YZ=(-0.4328, 0.5686) m, YZ_ref=(-0.4364, 0.5714) m, center_error_YZ_mm=(3.381, -3.394), vx=-0.0037 m/s, Fx=0.04 N, contact=True
[sac_runtime_controller-7] [INFO] [1786613924.809882691] [rl_hole_search_controller]: APPROACHING: dx=0.0008 m, depth=0.0008 m, YZ=(-0.4336, 0.5732) m, YZ_ref=(-0.4364, 0.5714) m, center_error_YZ_mm=(2.585, 1.200), vx=0.0747 m/s, Fx=-1.33 N, contact=True
[sac_runtime_controller-7] [INFO] [1786613925.126075484] [rl_hole_search_controller]: SEARCHING: contact at X=0.3242; YZ spiral started
[sac_runtime_controller-7] [INFO] [1786613925.450513922] [rl_hole_search_controller]: INSERTING: hole alignment/entry detected at 0.0005 m; centering YZ and inserting to 0.0170 m
[sac_runtime_controller-7] [INFO] [1786613925.454354340] [rl_hole_search_controller]: INSERTING handoff: HOLE_YZ_ref=(-0.4362, 0.5720) m, tool_YZ=(-0.4358, 0.5723) m, center_error_YZ_mm=(0.421, 0.261), tool_tilt=0.12 deg
[sac_runtime_controller-7] [INFO] [1786613925.887688634] [rl_hole_search_controller]: INSERTING: dx=0.0016 m, depth=0.0016 m, YZ=(-0.4345, 0.5726) m, YZ_ref=(-0.4362, 0.5720) m, center_error_YZ_mm=(1.675, 0.555), vx=-0.0063 m/s, Fx=1.19 N, contact=False
[sac_runtime_controller-7] [INFO] [1786613927.035437694] [rl_hole_search_controller]: INSERTING: dx=0.0025 m, depth=0.0026 m, YZ=(-0.4357, 0.5723) m, YZ_ref=(-0.4362, 0.5720) m, center_error_YZ_mm=(0.476, 0.258), vx=0.0005 m/s, Fx=1.19 N, contact=False
[sac_runtime_controller-7] [INFO] [1786613928.155996814] [rl_hole_search_controller]: INSERTING: dx=0.0043 m, depth=0.0044 m, YZ=(-0.4348, 0.5726) m, YZ_ref=(-0.4362, 0.5720) m, center_error_YZ_mm=(1.444, 0.554), vx=0.0139 m/s, Fx=1.16 N, contact=False
[sac_runtime_controller-7] [INFO] [1786613929.215750915] [rl_hole_search_controller]: INSERTING: dx=0.0063 m, depth=0.0063 m, YZ=(-0.4359, 0.5728) m, YZ_ref=(-0.4362, 0.5720) m, center_error_YZ_mm=(0.335, 0.719), vx=-0.0009 m/s, Fx=1.17 N, contact=False
[sac_runtime_controller-7] [INFO] [1786613930.228670348] [rl_hole_search_controller]: INSERTING: dx=0.0082 m, depth=0.0082 m, YZ=(-0.4359, 0.5726) m, YZ_ref=(-0.4362, 0.5720) m, center_error_YZ_mm=(0.286, 0.549), vx=0.0041 m/s, Fx=1.20 N, contact=False
[sac_runtime_controller-7] [INFO] [1786613931.243239468] [rl_hole_search_controller]: INSERTING: dx=0.0104 m, depth=0.0104 m, YZ=(-0.4351, 0.5721) m, YZ_ref=(-0.4362, 0.5720) m, center_error_YZ_mm=(1.148, 0.079), vx=0.0071 m/s, Fx=1.18 N, contact=False
[sac_runtime_controller-7] [INFO] [1786613932.256895210] [rl_hole_search_controller]: INSERTING: dx=0.0120 m, depth=0.0120 m, YZ=(-0.4365, 0.5736) m, YZ_ref=(-0.4362, 0.5720) m, center_error_YZ_mm=(-0.238, 1.576), vx=0.0097 m/s, Fx=1.20 N, contact=False
[sac_runtime_controller-7] [INFO] [1786613933.284087092] [rl_hole_search_controller]: INSERTING: dx=0.0142 m, depth=0.0143 m, YZ=(-0.4361, 0.5725) m, YZ_ref=(-0.4362, 0.5720) m, center_error_YZ_mm=(0.158, 0.419), vx=-0.0195 m/s, Fx=1.24 N, contact=False
[sac_runtime_controller-7] [INFO] [1786613934.310041188] [rl_hole_search_controller]: INSERTING: dx=0.0153 m, depth=0.0153 m, YZ=(-0.4366, 0.5731) m, YZ_ref=(-0.4362, 0.5720) m, center_error_YZ_mm=(-0.400, 1.043), vx=0.0023 m/s, Fx=1.15 N, contact=False
[sac_runtime_controller-7] [INFO] [1786613935.354700076] [rl_hole_search_controller]: INSERTING: dx=0.0164 m, depth=0.0165 m, YZ=(-0.4359, 0.5719) m, YZ_ref=(-0.4362, 0.5720) m, center_error_YZ_mm=(0.327, -0.158), vx=0.0000 m/s, Fx=0.49 N, contact=False
[sac_runtime_controller-7] [INFO] [1786613936.390219570] [rl_hole_search_controller]: INSERTING: dx=0.0170 m, depth=0.0170 m, YZ=(-0.4358, 0.5722) m, YZ_ref=(-0.4362, 0.5720) m, center_error_YZ_mm=(0.386, 0.173), vx=-0.0021 m/s, Fx=0.09 N, contact=False
[sac_runtime_controller-7] [INFO] [1786613936.642408165] [rl_hole_search_controller]: INSERT_HOLDING: target depth confirmed at 0.0171 m; joint velocity=0.253 rad/s; tool velocity=0.008 m/s; captured current joints and starting MIT-equivalent hold
[sac_runtime_controller-7] [INFO] [1786613937.495429645] [rl_hole_search_controller]: INSERT_HOLDING: MIT joint lock, dx=0.0169 m, depth=0.0170 m, YZ=(-0.4362, 0.5721) m, ramp=1.00, q_error_max=0.0004 rad, dq_max=0.0001 rad/s, tau_max=0.00 Nm, hold_force_max=0.03 N, tip_centered_YZ=True, contact=False
[sac_runtime_controller-7] [INFO] [1786613938.593039178] [rl_hole_search_controller]: INSERT_HOLDING: MIT joint lock, dx=0.0169 m, depth=0.0170 m, YZ=(-0.4362, 0.5721) m, ramp=1.00, q_error_max=0.0004 rad, dq_max=0.0000 rad/s, tau_max=0.00 Nm, hold_force_max=0.03 N, tip_centered_YZ=True, contact=False
[sac_runtime_controller-7] [WARN] [1786613938.810306431] [rl_hole_search_controller]: INSERT_HOLDING failed physical geometry check: depth=0.0170 m, tip_error_YZ_mm=(0.036, 0.033), entry_error_YZ_mm=(0.634, -0.425), tilt=2.54 deg; Episode will reset
[sac_runtime_controller-7] [INFO] [1786613938.830359306] [rl_hole_search_controller]: RESETTING episode=15, dataset_index=94, offset_yz_mm=(1.252, 0.489)
[sac_runtime_controller-7] [INFO] [1786613938.832175797] [rl_hole_search_controller]: RESETTING: joint_error=0.1955 rad, joint_velocity=0.0002 rad/s
[sac_runtime_controller-7] [INFO] [1786613939.254041848] [rl_hole_search_controller]: RESETTING: 固定外边界板面及真实深方孔已重建，WORLD_HOLE_XYZ=(0.33220, -0.43595, 0.57284) m, HOLE_YZ_ref=(-0.4360, 0.5728) m
[sac_runtime_controller-7] [INFO] [1786613939.669081215] [rl_hole_search_controller]: RESET complete; starting original HOLDING state
[sac_runtime_controller-7] [INFO] [1786613939.673167981] [rl_hole_search_controller]: HOLDING: center=[ 0.32378408 -0.43637625  0.57137321]
[sac_runtime_controller-7] [INFO] [1786613939.675484274] [rl_hole_search_controller]: HOLDING: reset tool tilt=0.02 deg
[sac_runtime_controller-7] [INFO] [1786613939.688349118] [rl_hole_search_controller]: HOLDING: dx=-0.0000 m, depth=0.0001 m, YZ=(-0.4364, 0.5714) m, YZ_ref=(-0.4364, 0.5714) m, center_error_YZ_mm=(-0.427, -1.471), vx=-0.0003 m/s, Fx=-0.08 N, contact=True
[sac_runtime_controller-7] [INFO] [1786613940.738872342] [rl_hole_search_controller]: HOLDING: dx=-0.0006 m, depth=-0.0005 m, YZ=(-0.4377, 0.5709) m, YZ_ref=(-0.4364, 0.5714) m, center_error_YZ_mm=(-1.739, -1.945), vx=-0.0034 m/s, Fx=0.00 N, contact=False
[sac_runtime_controller-7] [INFO] [1786613941.850137619] [rl_hole_search_controller]: HOLDING: dx=0.0001 m, depth=0.0002 m, YZ=(-0.4296, 0.5652) m, YZ_ref=(-0.4364, 0.5714) m, center_error_YZ_mm=(6.375, -7.687), vx=-0.0058 m/s, Fx=-0.17 N, contact=True
[sac_runtime_controller-7] [INFO] [1786613942.881347323] [rl_hole_search_controller]: HOLDING: dx=-0.0005 m, depth=-0.0004 m, YZ=(-0.4357, 0.5700) m, YZ_ref=(-0.4364, 0.5714) m, center_error_YZ_mm=(0.219, -2.799), vx=-0.0029 m/s, Fx=0.00 N, contact=False
[sac_runtime_controller-7] [INFO] [1786613943.897212775] [rl_hole_search_controller]: HOLDING: dx=-0.0006 m, depth=-0.0005 m, YZ=(-0.4390, 0.5747) m, YZ_ref=(-0.4364, 0.5714) m, center_error_YZ_mm=(-3.000, 1.870), vx=0.0062 m/s, Fx=0.00 N, contact=False
[sac_runtime_controller-7] [INFO] [1786613944.909255670] [rl_hole_search_controller]: APPROACHING: ramping world-X contact force
[sac_runtime_controller-7] [INFO] [1786613944.926811638] [rl_hole_search_controller]: APPROACHING: dx=-0.0003 m, depth=-0.0002 m, YZ=(-0.4371, 0.5720) m, YZ_ref=(-0.4364, 0.5714) m, center_error_YZ_mm=(-1.168, -0.869), vx=-0.0067 m/s, Fx=0.02 N, contact=True
[sac_runtime_controller-7] [INFO] [1786613945.958929126] [rl_hole_search_controller]: APPROACHING: dx=0.0007 m, depth=0.0008 m, YZ=(-0.4326, 0.5685) m, YZ_ref=(-0.4364, 0.5714) m, center_error_YZ_mm=(3.320, -4.374), vx=0.0005 m/s, Fx=0.17 N, contact=True
[sac_runtime_controller-7] [INFO] [1786613946.166001971] [rl_hole_search_controller]: SEARCHING: contact at X=0.3245; YZ spiral started
[sac_runtime_controller-7] [INFO] [1786613946.988293399] [rl_hole_search_controller]: SEARCHING: dx=0.0009 m, depth=0.0010 m, YZ=(-0.4283, 0.5667) m, YZ_ref=(-0.4329, 0.5690) m, center_error_YZ_mm=(7.688, -6.126), vx=-0.0001 m/s, Fx=0.03 N, contact=True
[sac_runtime_controller-7] [INFO] [1786613948.017965749] [rl_hole_search_controller]: SEARCHING: dx=-0.0000 m, depth=0.0001 m, YZ=(-0.4339, 0.5701) m, YZ_ref=(-0.4331, 0.5689) m, center_error_YZ_mm=(2.006, -2.776), vx=0.0028 m/s, Fx=0.89 N, contact=True
[sac_runtime_controller-7] [INFO] [1786613949.034476882] [rl_hole_search_controller]: SEARCHING: dx=-0.0003 m, depth=-0.0002 m, YZ=(-0.4405, 0.5742) m, YZ_ref=(-0.4332, 0.5689) m, center_error_YZ_mm=(-4.521, 1.373), vx=0.0113 m/s, Fx=1.00 N, contact=False
[sac_runtime_controller-7] [INFO] [1786613950.066587277] [rl_hole_search_controller]: SEARCHING: dx=0.0006 m, depth=0.0007 m, YZ=(-0.4375, 0.5715) m, YZ_ref=(-0.4330, 0.5689) m, center_error_YZ_mm=(-1.509, -1.296), vx=0.0036 m/s, Fx=0.25 N, contact=True
[sac_runtime_controller-7] [INFO] [1786613951.090759899] [rl_hole_search_controller]: SEARCHING: dx=0.0009 m, depth=0.0010 m, YZ=(-0.4335, 0.5689) m, YZ_ref=(-0.4332, 0.5689) m, center_error_YZ_mm=(2.476, -3.954), vx=-0.0013 m/s, Fx=0.04 N, contact=True
[sac_runtime_controller-7] [INFO] [1786613952.109146257] [rl_hole_search_controller]: SEARCHING: dx=0.0011 m, depth=0.0011 m, YZ=(-0.4326, 0.5692) m, YZ_ref=(-0.4332, 0.5691) m, center_error_YZ_mm=(3.340, -3.623), vx=0.0007 m/s, Fx=-0.16 N, contact=True
[sac_runtime_controller-7] [INFO] [1786613953.135590802] [rl_hole_search_controller]: SEARCHING: dx=0.0012 m, depth=0.0013 m, YZ=(-0.4299, 0.5672) m, YZ_ref=(-0.4332, 0.5691) m, center_error_YZ_mm=(6.019, -5.599), vx=0.0009 m/s, Fx=-0.28 N, contact=True
[sac_runtime_controller-7] [INFO] [1786613954.155565926] [rl_hole_search_controller]: SEARCHING: dx=0.0006 m, depth=0.0007 m, YZ=(-0.4352, 0.5707) m, YZ_ref=(-0.4332, 0.5691) m, center_error_YZ_mm=(0.796, -2.150), vx=-0.0128 m/s, Fx=0.31 N, contact=True
[sac_runtime_controller-7] [INFO] [1786613955.219389110] [rl_hole_search_controller]: SEARCHING: dx=0.0006 m, depth=0.0007 m, YZ=(-0.4381, 0.5738) m, YZ_ref=(-0.4331, 0.5690) m, center_error_YZ_mm=(-2.112, 0.944), vx=0.0040 m/s, Fx=0.19 N, contact=True
[sac_runtime_controller-7] [INFO] [1786613956.253913524] [rl_hole_search_controller]: SEARCHING: dx=0.0009 m, depth=0.0010 m, YZ=(-0.4367, 0.5721) m, YZ_ref=(-0.4331, 0.5690) m, center_error_YZ_mm=(-0.766, -0.780), vx=-0.0034 m/s, Fx=-0.03 N, contact=True
[sac_runtime_controller-7] [INFO] [1786613956.973636670] [rl_hole_search_controller]: INSERTING: hole alignment/entry detected at 0.0011 m; centering YZ and inserting to 0.0170 m
[sac_runtime_controller-7] [INFO] [1786613956.974999608] [rl_hole_search_controller]: INSERTING handoff: HOLE_YZ_ref=(-0.4360, 0.5728) m, tool_YZ=(-0.4364, 0.5731) m, center_error_YZ_mm=(-0.460, 0.234), tool_tilt=0.68 deg
[sac_runtime_controller-7] [INFO] [1786613957.318205468] [rl_hole_search_controller]: INSERTING: dx=0.0021 m, depth=0.0022 m, YZ=(-0.4357, 0.5733) m, YZ_ref=(-0.4360, 0.5728) m, center_error_YZ_mm=(0.276, 0.459), vx=0.0060 m/s, Fx=1.17 N, contact=False
[sac_runtime_controller-7] [INFO] [1786613958.384752190] [rl_hole_search_controller]: INSERTING: dx=0.0043 m, depth=0.0044 m, YZ=(-0.4353, 0.5730) m, YZ_ref=(-0.4360, 0.5728) m, center_error_YZ_mm=(0.653, 0.189), vx=0.0087 m/s, Fx=1.19 N, contact=False
[sac_runtime_controller-7] [INFO] [1786613959.425458323] [rl_hole_search_controller]: INSERTING: dx=0.0062 m, depth=0.0063 m, YZ=(-0.4357, 0.5733) m, YZ_ref=(-0.4360, 0.5728) m, center_error_YZ_mm=(0.284, 0.456), vx=-0.0005 m/s, Fx=1.19 N, contact=False
[sac_runtime_controller-7] [INFO] [1786613960.456781321] [rl_hole_search_controller]: INSERTING: dx=0.0081 m, depth=0.0082 m, YZ=(-0.4348, 0.5725) m, YZ_ref=(-0.4360, 0.5728) m, center_error_YZ_mm=(1.153, -0.303), vx=0.0040 m/s, Fx=1.15 N, contact=False
[sac_runtime_controller-7] [INFO] [1786613961.478278824] [rl_hole_search_controller]: INSERTING: dx=0.0097 m, depth=0.0098 m, YZ=(-0.4357, 0.5734) m, YZ_ref=(-0.4360, 0.5728) m, center_error_YZ_mm=(0.224, 0.545), vx=0.0030 m/s, Fx=1.20 N, contact=False
[sac_runtime_controller-7] [INFO] [1786613962.531312223] [rl_hole_search_controller]: INSERTING: dx=0.0114 m, depth=0.0115 m, YZ=(-0.4361, 0.5739) m, YZ_ref=(-0.4360, 0.5728) m, center_error_YZ_mm=(-0.140, 1.090), vx=-0.0059 m/s, Fx=1.21 N, contact=False
[sac_runtime_controller-7] [INFO] [1786613963.575401765] [rl_hole_search_controller]: INSERTING: dx=0.0134 m, depth=0.0135 m, YZ=(-0.4358, 0.5736) m, YZ_ref=(-0.4360, 0.5728) m, center_error_YZ_mm=(0.174, 0.722), vx=0.0033 m/s, Fx=1.18 N, contact=False
[sac_runtime_controller-7] [INFO] [1786613964.624189393] [rl_hole_search_controller]: INSERTING: dx=0.0159 m, depth=0.0160 m, YZ=(-0.4349, 0.5728) m, YZ_ref=(-0.4360, 0.5728) m, center_error_YZ_mm=(1.060, -0.066), vx=0.0006 m/s, Fx=0.68 N, contact=False
[sac_runtime_controller-7] [INFO] [1786613965.671245557] [rl_hole_search_controller]: INSERTING: dx=0.0165 m, depth=0.0166 m, YZ=(-0.4357, 0.5731) m, YZ_ref=(-0.4360, 0.5728) m, center_error_YZ_mm=(0.209, 0.253), vx=-0.0171 m/s, Fx=0.44 N, contact=False
[sac_runtime_controller-7] [INFO] [1786613966.728852564] [rl_hole_search_controller]: INSERTING: dx=0.0165 m, depth=0.0166 m, YZ=(-0.4358, 0.5731) m, YZ_ref=(-0.4360, 0.5728) m, center_error_YZ_mm=(0.147, 0.220), vx=-0.0008 m/s, Fx=0.40 N, contact=False
[sac_runtime_controller-7] [INFO] [1786613967.779146864] [rl_hole_search_controller]: INSERTING: dx=0.0165 m, depth=0.0166 m, YZ=(-0.4361, 0.5730) m, YZ_ref=(-0.4360, 0.5728) m, center_error_YZ_mm=(-0.127, 0.116), vx=0.0001 m/s, Fx=0.35 N, contact=False
[sac_runtime_controller-7] [INFO] [1786613968.467587325] [rl_hole_search_controller]: INSERT_HOLDING: target depth confirmed at 0.0170 m; joint velocity=0.139 rad/s; tool velocity=0.004 m/s; captured current joints and starting MIT-equivalent hold
[sac_runtime_controller-7] [INFO] [1786613968.812426185] [rl_hole_search_controller]: INSERT_HOLDING: MIT joint lock, dx=0.0169 m, depth=0.0170 m, YZ=(-0.4359, 0.5728) m, ramp=1.00, q_error_max=0.0012 rad, dq_max=0.0119 rad/s, tau_max=0.02 Nm, hold_force_max=0.03 N, tip_centered_YZ=True, contact=False
[sac_runtime_controller-7] [INFO] [1786613969.850102735] [rl_hole_search_controller]: INSERT_HOLDING: MIT joint lock, dx=0.0169 m, depth=0.0170 m, YZ=(-0.4359, 0.5728) m, ramp=1.00, q_error_max=0.0003 rad, dq_max=0.0000 rad/s, tau_max=0.00 Nm, hold_force_max=0.03 N, tip_centered_YZ=True, contact=False
[sac_runtime_controller-7] [WARN] [1786613970.523268831] [rl_hole_search_controller]: INSERT_HOLDING failed physical geometry check: depth=0.0170 m, tip_error_YZ_mm=(0.029, 0.008), entry_error_YZ_mm=(0.463, -0.163), tilt=1.57 deg; Episode will reset
[sac_runtime_controller-7] [INFO] [1786613970.571200078] [rl_hole_search_controller]: RESETTING episode=16, dataset_index=8, offset_yz_mm=(2.975, 0.012)
[sac_runtime_controller-7] [INFO] [1786613970.575286814] [rl_hole_search_controller]: RESETTING: joint_error=0.1560 rad, joint_velocity=0.0002 rad/s
[sac_runtime_controller-7] [INFO] [1786613970.934250757] [rl_hole_search_controller]: RESETTING: 固定外边界板面及真实深方孔已重建，WORLD_HOLE_XYZ=(0.33220, -0.43404, 0.57210) m, HOLE_YZ_ref=(-0.4340, 0.5721) m
[sac_runtime_controller-7] [INFO] [1786613971.351032376] [rl_hole_search_controller]: RESET complete; starting original HOLDING state
[sac_runtime_controller-7] [INFO] [1786613971.352770340] [rl_hole_search_controller]: HOLDING: center=[ 0.32378678 -0.43637397  0.57139522]
[sac_runtime_controller-7] [INFO] [1786613971.353573417] [rl_hole_search_controller]: HOLDING: dx=0.0000 m, depth=0.0001 m, YZ=(-0.4364, 0.5714) m, YZ_ref=(-0.4364, 0.5714) m, center_error_YZ_mm=(-2.336, -0.703), vx=-0.0003 m/s, Fx=-0.09 N, contact=True
[sac_runtime_controller-7] [INFO] [1786613971.354877960] [rl_hole_search_controller]: HOLDING: reset tool tilt=0.02 deg
[sac_runtime_controller-7] [INFO] [1786613972.357135953] [rl_hole_search_controller]: HOLDING: dx=-0.0010 m, depth=-0.0009 m, YZ=(-0.4407, 0.5730) m, YZ_ref=(-0.4364, 0.5714) m, center_error_YZ_mm=(-6.685, 0.907), vx=-0.0140 m/s, Fx=0.00 N, contact=False
[sac_runtime_controller-7] [INFO] [1786613973.376825052] [rl_hole_search_controller]: HOLDING: dx=0.0007 m, depth=0.0008 m, YZ=(-0.4317, 0.5693) m, YZ_ref=(-0.4364, 0.5714) m, center_error_YZ_mm=(2.332, -2.754), vx=-0.0007 m/s, Fx=-0.79 N, contact=True
[sac_runtime_controller-7] [INFO] [1786613974.393338868] [rl_hole_search_controller]: HOLDING: dx=-0.0000 m, depth=0.0001 m, YZ=(-0.4337, 0.5693) m, YZ_ref=(-0.4364, 0.5714) m, center_error_YZ_mm=(0.334, -2.753), vx=-0.0048 m/s, Fx=-0.07 N, contact=True
[sac_runtime_controller-7] [INFO] [1786613975.406932804] [rl_hole_search_controller]: HOLDING: dx=-0.0004 m, depth=-0.0003 m, YZ=(-0.4370, 0.5708) m, YZ_ref=(-0.4364, 0.5714) m, center_error_YZ_mm=(-2.984, -1.311), vx=-0.0014 m/s, Fx=0.00 N, contact=False
[sac_runtime_controller-7] [INFO] [1786613976.453358014] [rl_hole_search_controller]: APPROACHING: ramping world-X contact force
[sac_runtime_controller-7] [INFO] [1786613976.454021434] [rl_hole_search_controller]: APPROACHING: dx=-0.0004 m, depth=-0.0003 m, YZ=(-0.4374, 0.5712) m, YZ_ref=(-0.4364, 0.5714) m, center_error_YZ_mm=(-3.314, -0.850), vx=-0.0133 m/s, Fx=0.00 N, contact=False
[sac_runtime_controller-7] [INFO] [1786613977.474629725] [rl_hole_search_controller]: APPROACHING: dx=-0.0000 m, depth=0.0001 m, YZ=(-0.4364, 0.5717) m, YZ_ref=(-0.4364, 0.5714) m, center_error_YZ_mm=(-2.397, -0.414), vx=0.0012 m/s, Fx=0.92 N, contact=True
[sac_runtime_controller-7] [INFO] [1786613977.883634850] [rl_hole_search_controller]: SEARCHING: contact at X=0.3245; YZ spiral started
[sac_runtime_controller-7] [INFO] [1786613977.894252650] [rl_hole_search_controller]: INSERTING: hole alignment/entry detected at 0.0008 m; centering YZ and inserting to 0.0170 m
[sac_runtime_controller-7] [INFO] [1786613977.895345449] [rl_hole_search_controller]: INSERTING handoff: HOLE_YZ_ref=(-0.4340, 0.5721) m, tool_YZ=(-0.4336, 0.5717) m, center_error_YZ_mm=(0.408, -0.359), tool_tilt=0.76 deg
[sac_runtime_controller-7] [INFO] [1786613978.495088219] [rl_hole_search_controller]: INSERTING: dx=0.0027 m, depth=0.0028 m, YZ=(-0.4328, 0.5717) m, YZ_ref=(-0.4340, 0.5721) m, center_error_YZ_mm=(1.280, -0.431), vx=0.0040 m/s, Fx=1.18 N, contact=False
[sac_runtime_controller-7] [INFO] [1786613979.508387893] [rl_hole_search_controller]: INSERTING: dx=0.0042 m, depth=0.0043 m, YZ=(-0.4344, 0.5729) m, YZ_ref=(-0.4340, 0.5721) m, center_error_YZ_mm=(-0.370, 0.811), vx=0.0022 m/s, Fx=1.18 N, contact=False
[sac_runtime_controller-7] [INFO] [1786613980.572901729] [rl_hole_search_controller]: INSERTING: dx=0.0065 m, depth=0.0066 m, YZ=(-0.4341, 0.5730) m, YZ_ref=(-0.4340, 0.5721) m, center_error_YZ_mm=(-0.024, 0.871), vx=-0.0051 m/s, Fx=1.20 N, contact=False
[sac_runtime_controller-7] [INFO] [1786613981.584221998] [rl_hole_search_controller]: INSERTING: dx=0.0084 m, depth=0.0085 m, YZ=(-0.4338, 0.5728) m, YZ_ref=(-0.4340, 0.5721) m, center_error_YZ_mm=(0.210, 0.656), vx=-0.0000 m/s, Fx=1.19 N, contact=False
[sac_runtime_controller-7] [INFO] [1786613982.595919007] [rl_hole_search_controller]: INSERTING: dx=0.0105 m, depth=0.0106 m, YZ=(-0.4328, 0.5719) m, YZ_ref=(-0.4340, 0.5721) m, center_error_YZ_mm=(1.220, -0.221), vx=0.0104 m/s, Fx=1.15 N, contact=False
[sac_runtime_controller-7] [INFO] [1786613983.611113840] [rl_hole_search_controller]: INSERTING: dx=0.0123 m, depth=0.0124 m, YZ=(-0.4338, 0.5729) m, YZ_ref=(-0.4340, 0.5721) m, center_error_YZ_mm=(0.199, 0.756), vx=-0.0027 m/s, Fx=1.19 N, contact=False
[sac_runtime_controller-7] [INFO] [1786613984.641260755] [rl_hole_search_controller]: INSERTING: dx=0.0145 m, depth=0.0146 m, YZ=(-0.4326, 0.5716) m, YZ_ref=(-0.4340, 0.5721) m, center_error_YZ_mm=(1.470, -0.534), vx=0.0034 m/s, Fx=1.16 N, contact=False
[sac_runtime_controller-7] [INFO] [1786613985.690161934] [rl_hole_search_controller]: INSERTING: dx=0.0163 m, depth=0.0164 m, YZ=(-0.4330, 0.5719) m, YZ_ref=(-0.4340, 0.5721) m, center_error_YZ_mm=(1.049, -0.247), vx=-0.0065 m/s, Fx=0.51 N, contact=False
[sac_runtime_controller-7] [INFO] [1786613986.707132065] [rl_hole_search_controller]: INSERTING: dx=0.0162 m, depth=0.0163 m, YZ=(-0.4343, 0.5728) m, YZ_ref=(-0.4340, 0.5721) m, center_error_YZ_mm=(-0.270, 0.700), vx=-0.0083 m/s, Fx=0.68 N, contact=False
[sac_runtime_controller-7] [INFO] [1786613987.720427761] [rl_hole_search_controller]: INSERTING: dx=0.0170 m, depth=0.0170 m, YZ=(-0.4331, 0.5717) m, YZ_ref=(-0.4340, 0.5721) m, center_error_YZ_mm=(0.888, -0.359), vx=0.0091 m/s, Fx=0.04 N, contact=False
[sac_runtime_controller-7] [INFO] [1786613988.784951762] [rl_hole_search_controller]: INSERTING: dx=0.0169 m, depth=0.0169 m, YZ=(-0.4338, 0.5721) m, YZ_ref=(-0.4340, 0.5721) m, center_error_YZ_mm=(0.278, 0.000), vx=0.0079 m/s, Fx=0.18 N, contact=False
[sac_runtime_controller-7] [INFO] [1786613988.970290249] [rl_hole_search_controller]: INSERT_HOLDING: target depth confirmed at 0.0171 m; joint velocity=0.009 rad/s; tool velocity=0.001 m/s; captured current joints and starting MIT-equivalent hold
[sac_runtime_controller-7] [INFO] [1786613989.821663056] [rl_hole_search_controller]: INSERT_HOLDING: MIT joint lock, dx=0.0170 m, depth=0.0170 m, YZ=(-0.4340, 0.5721) m, ramp=1.00, q_error_max=0.0006 rad, dq_max=0.0005 rad/s, tau_max=0.00 Nm, hold_force_max=0.07 N, tip_centered_YZ=True, contact=False
[sac_runtime_controller-7] [INFO] [1786613990.844302245] [rl_hole_search_controller]: INSERT_HOLDING: MIT joint lock, dx=0.0170 m, depth=0.0170 m, YZ=(-0.4340, 0.5721) m, ramp=1.00, q_error_max=0.0006 rad, dq_max=0.0000 rad/s, tau_max=0.00 Nm, hold_force_max=0.07 N, tip_centered_YZ=True, contact=False
[sac_runtime_controller-7] [WARN] [1786613991.018865994] [rl_hole_search_controller]: INSERT_HOLDING failed physical geometry check: depth=0.0170 m, tip_error_YZ_mm=(0.076, -0.004), entry_error_YZ_mm=(0.532, -0.244), tilt=1.73 deg; Episode will reset
[sac_runtime_controller-7] [INFO] [1786613991.059812621] [rl_hole_search_controller]: RESETTING episode=17, dataset_index=248, offset_yz_mm=(-0.485, -1.832)
[sac_runtime_controller-7] [INFO] [1786613991.061708221] [rl_hole_search_controller]: RESETTING: joint_error=0.1808 rad, joint_velocity=0.0004 rad/s
[sac_runtime_controller-7] [INFO] [1786613991.456928218] [rl_hole_search_controller]: RESETTING: 固定外边界板面及真实深方孔已重建，WORLD_HOLE_XYZ=(0.33220, -0.43760, 0.57033) m, HOLE_YZ_ref=(-0.4376, 0.5703) m
[sac_runtime_controller-7] [INFO] [1786613991.853026099] [rl_hole_search_controller]: RESET complete; starting original HOLDING state
[sac_runtime_controller-7] [INFO] [1786613991.855861175] [rl_hole_search_controller]: HOLDING: center=[ 0.32378399 -0.43637967  0.57138143]
[sac_runtime_controller-7] [INFO] [1786613991.857960219] [rl_hole_search_controller]: HOLDING: reset tool tilt=0.02 deg
[sac_runtime_controller-7] [INFO] [1786613991.891226452] [rl_hole_search_controller]: HOLDING: dx=-0.0000 m, depth=0.0001 m, YZ=(-0.4364, 0.5714) m, YZ_ref=(-0.4364, 0.5714) m, center_error_YZ_mm=(1.228, 1.042), vx=0.0001 m/s, Fx=-0.08 N, contact=True
[sac_runtime_controller-7] [INFO] [1786613992.925068940] [rl_hole_search_controller]: HOLDING: dx=0.0000 m, depth=0.0001 m, YZ=(-0.4360, 0.5725) m, YZ_ref=(-0.4364, 0.5714) m, center_error_YZ_mm=(1.612, 2.148), vx=-0.0045 m/s, Fx=-0.12 N, contact=True
[sac_runtime_controller-7] [INFO] [1786613993.978647999] [rl_hole_search_controller]: HOLDING: dx=-0.0001 m, depth=0.0000 m, YZ=(-0.4343, 0.5676) m, YZ_ref=(-0.4364, 0.5714) m, center_error_YZ_mm=(3.254, -2.697), vx=-0.0049 m/s, Fx=-0.02 N, contact=True
[sac_runtime_controller-7] [INFO] [1786613995.018025405] [rl_hole_search_controller]: HOLDING: dx=-0.0007 m, depth=-0.0006 m, YZ=(-0.4402, 0.5747) m, YZ_ref=(-0.4364, 0.5714) m, center_error_YZ_mm=(-2.622, 4.325), vx=-0.0036 m/s, Fx=0.00 N, contact=False
[sac_runtime_controller-7] [INFO] [1786613996.046755617] [rl_hole_search_controller]: HOLDING: dx=-0.0004 m, depth=-0.0004 m, YZ=(-0.4388, 0.5731) m, YZ_ref=(-0.4364, 0.5714) m, center_error_YZ_mm=(-1.218, 2.818), vx=0.0015 m/s, Fx=0.00 N, contact=False
[sac_runtime_controller-7] [INFO] [1786613997.039830108] [rl_hole_search_controller]: APPROACHING: ramping world-X contact force
[sac_runtime_controller-7] [INFO] [1786613997.074751802] [rl_hole_search_controller]: APPROACHING: dx=-0.0008 m, depth=-0.0008 m, YZ=(-0.4391, 0.5724) m, YZ_ref=(-0.4364, 0.5714) m, center_error_YZ_mm=(-1.535, 2.060), vx=0.0021 m/s, Fx=0.03 N, contact=False
[sac_runtime_controller-7] [INFO] [1786613998.094058615] [rl_hole_search_controller]: APPROACHING: dx=0.0007 m, depth=0.0008 m, YZ=(-0.4334, 0.5699) m, YZ_ref=(-0.4364, 0.5714) m, center_error_YZ_mm=(4.157, -0.420), vx=-0.0030 m/s, Fx=0.20 N, contact=True
[sac_runtime_controller-7] [INFO] [1786613998.262909250] [rl_hole_search_controller]: SEARCHING: contact at X=0.3245; YZ spiral started
[sac_runtime_controller-7] [INFO] [1786613999.125065631] [rl_hole_search_controller]: SEARCHING: dx=0.0006 m, depth=0.0007 m, YZ=(-0.4364, 0.5726) m, YZ_ref=(-0.4339, 0.5711) m, center_error_YZ_mm=(1.172, 2.275), vx=0.0052 m/s, Fx=0.16 N, contact=True
[sac_runtime_controller-7] [INFO] [1786614000.145292954] [rl_hole_search_controller]: SEARCHING: dx=0.0006 m, depth=0.0006 m, YZ=(-0.4370, 0.5720) m, YZ_ref=(-0.4339, 0.5711) m, center_error_YZ_mm=(0.622, 1.718), vx=-0.0032 m/s, Fx=0.35 N, contact=True
[sac_runtime_controller-7] [INFO] [1786614001.160968551] [rl_hole_search_controller]: SEARCHING: dx=0.0009 m, depth=0.0009 m, YZ=(-0.4351, 0.5709) m, YZ_ref=(-0.4339, 0.5711) m, center_error_YZ_mm=(2.524, 0.568), vx=-0.0026 m/s, Fx=0.06 N, contact=True
[sac_runtime_controller-7] [INFO] [1786614002.193510765] [rl_hole_search_controller]: SEARCHING: dx=0.0002 m, depth=0.0003 m, YZ=(-0.4378, 0.5724) m, YZ_ref=(-0.4340, 0.5712) m, center_error_YZ_mm=(-0.193, 2.056), vx=0.0000 m/s, Fx=0.73 N, contact=True
[sac_runtime_controller-7] [INFO] [1786614003.216954737] [rl_hole_search_controller]: SEARCHING: dx=0.0001 m, depth=0.0002 m, YZ=(-0.4408, 0.5748) m, YZ_ref=(-0.4341, 0.5712) m, center_error_YZ_mm=(-3.211, 4.516), vx=0.0009 m/s, Fx=0.76 N, contact=True
[sac_runtime_controller-7] [INFO] [1786614004.241442334] [rl_hole_search_controller]: SEARCHING: dx=0.0008 m, depth=0.0009 m, YZ=(-0.4378, 0.5754) m, YZ_ref=(-0.4341, 0.5712) m, center_error_YZ_mm=(-0.179, 5.107), vx=0.0014 m/s, Fx=0.08 N, contact=True
[sac_runtime_controller-7] [INFO] [1786614005.268286532] [rl_hole_search_controller]: SEARCHING: dx=0.0001 m, depth=0.0001 m, YZ=(-0.4409, 0.5761) m, YZ_ref=(-0.4341, 0.5712) m, center_error_YZ_mm=(-3.318, 5.720), vx=0.0065 m/s, Fx=0.74 N, contact=True
================================
结束时间: 2026-08-13T17:40:06+08:00
仿真进程退出码: 120
